Workbook

Sheet PLP明细
A1: 统计周期 | B1: 广告活动 | C1: SKU | D1: ID | E1: 店铺 | F1: PLP开始日期 | G1: 实际上架日期 | H1: 首次出单日期 | I1: 4月分析人 | J1: 品类 | K1: 产品拓展 | L1: 广告曝光量 | M1: 广告点击量 | N1: 广告售出数 | O1: 广告花费 | P1: 广告销售额 | Q1: 总销售额 | R1: ROAS | S1: CVR | T1: CTR | U1: CPC | V1: CPA | W1: ACOS | X1: ACOAS
A2: 4.9-4.15 | B2: 总数据 | C2: 广告链接数量： | F2: 56 | J2: 总数据： | L2: 96271 | M2: 458 | N2: 54 | O2: 212.88 | P2: 5581.27 | R2: 26.217916 | S2: 0.11790393 | T2: 0.0047574036 | U2: 0.46480349 | V2: 3.9422222 | W2: 0.038141857
A3: 4.9-4.15 | B3: LYAP-X1929~张潇~smart | C3: LYAP-X1929 | D3: 177997475019 | E3: gogreenbike | F3: 46114 | G3: 46108 | H3: 46114 | I3: 张潇 | J3: 机盖及附件 | K3: 原开品 | L3: 845 | M3: 27 | N3: 12 | O3: 10.66 | P3: 454.26 | R3: 42.613508 | S3: 0.44444444 | T3: 0.031952663 | U3: 0.39481481 | V3: 0.88833333 | W3: 0.023466737
A4: 4.9-4.15 | B4: LYAP-X1992系列~张潇~smart~via | C4: LYAP-X1993 | D4: 227214980980 | E4: viautome | F4: 46077 | G4: 46066 | H4: 46070 | I4: 张潇 | J4: 饰条 | K4: 原开品 | L4: 5784 | M4: 18 | N4: 6 | O4: 8.26 | P4: 453.09 | R4: 54.853511 | S4: 0.33333333 | T4: 0.0031120332 | U4: 0.45888889 | V4: 1.3766667 | W4: 0.018230374
A5: 4.9-4.15 | B5: LYAM-X2575-2~张潇~smart~bap | C5: LYAM-X2575-2 | D5: 117032563600 | E5: best-autoparts(授权即将过期) | F5: 46083 | G5: 46062 | H5: 46068 | I5: 张潇 | J5: 车门系统 | K5: 拓展品 | L5: 5333 | M5: 50 | N5: 4 | O5: 20.21 | P5: 211.69 | R5: 10.474518 | S5: 0.08 | T5: 0.009375586 | U5: 0.4042 | V5: 5.0525 | W5: 0.095469791
A6: 4.9-4.15 | B6: LYAP-X1992系列~张潇~smart~via | C6: LYAP-X1992 | D6: 227214967031 | E6: viautome | F6: 46077 | G6: 46066 | H6: 46077 | I6: 张潇 | J6: 饰条 | K6: 原开品 | L6: 8199 | M6: 20 | N6: 4 | O6: 8.52 | P6: 295.23 | R6: 34.651408 | S6: 0.2 | T6: 0.0024393219 | U6: 0.426 | V6: 2.13 | W6: 0.028858856
A7: 4.9-4.15 | B7: LYAP-X2527~胡煜星~smart | C7: LYAP-X2527 | D7: 227241180103 | E7: viautome | F7: 46087 | G7: 46085 | H7: 46086 | I7: 胡煜星 | J7: 其他 | K7: 原开品 | L7: 7336 | M7: 37 | N7: 3 | O7: 10.08 | P7: 279.53 | R7: 27.731151 | S7: 0.081081081 | T7: 0.0050436205 | U7: 0.27243243 | V7: 3.36 | W7: 0.03606053
A8: 4.9-4.15 | B8: LYAP-838~张潇~smart~bike | C8: LYAP-838 | D8: 177997411142 | E8: gogreenbike | F8: 46109 | G8: 46108 | H8: 46116 | I8: 张潇 | J8: 饰条 | K8: 拓展品 | L8: 1944 | M8: 11 | N8: 3 | O8: 4.47 | P8: 276.64 | R8: 61.888143 | S8: 0.27272727 | T8: 0.0056584362 | U8: 0.40636364 | V8: 1.49 | W8: 0.016158184
A9: 4.9-4.15 | B9: MD-001~俞东旭 | C9: MD-001-RR | D9: 188171609056 | E9: gogreenbike | F9: 46098 | G9: 46097 | H9: 46099 | I9: 俞东旭 | J9: 车门系统 | K9: 原开品 | L9: 243 | M9: 14 | N9: 2 | O9: 13.58 | P9: 1252.73 | R9: 92.248159 | S9: 0.14285714 | T9: 0.057613169 | U9: 0.97 | V9: 6.79 | W9: 0.010840325
A10: 4.9-4.15 | B10: LYAM-X2570-1~章鹏~smart~flash | C10: LYAM-X2570-1 | D10: 117053097094 | E10: flashemotor | F10: 46115 | G10: 46070 | H10: 46073 | I10: 章鹏 | J10: 其他 | K10: 原开品 | L10: 1656 | M10: 5 | N10: 2 | O10: 2.27 | P10: 43.5 | R10: 19.162996 | S10: 0.4 | T10: 0.0030193237 | U10: 0.454 | V10: 1.135 | W10: 0.052183908
A11: 4.9-4.15 | B11: LYAP-X2148-1系列~王偲涵1 | C11: LYAP-X2148-1R | D11: 188144166107 | E11: gogreenbike | F11: 46114 | G11: 46092 | H11: 46112 | I11: 王偲涵 | J11: 饰条 | K11: 拓展品 | L11: 62 | M11: 2 | N11: 2 | O11: 0.74 | P11: 83.95 | R11: 113.44595 | S11: 1 | T11: 0.032258065 | U11: 0.37 | V11: 0.37 | W11: 0.0088147707
A12: 4.9-4.15 | B12: LYAP-X2289~张潇~smart | C12: LYAP-X2289 | D12: 177947769950 | E12: gogreenbike | F12: 46092 | G12: 46092 | H12: 46095 | I12: 张潇 | J12: 饰条 | K12: 原开品 | L12: 10215 | M12: 38 | N12: 1 | O12: 14.61 | P12: 123.46 | R12: 8.4503765 | S12: 0.026315789 | T12: 0.0037200196 | U12: 0.38447368 | V12: 14.61 | W12: 0.11833792
A13: 4.9-4.15 | B13: LYAP-X2527~胡煜星~flash | C13: LYAP-X2527 | D13: 117072634866 | E13: flashemotor | F13: 46095 | G13: 46085 | H13: 46086 | I13: 胡煜星 | J13: 其他 | K13: 原开品 | L13: 852 | M13: 18 | N13: 1 | O13: 7.41 | P13: 87.41 | R13: 11.796221 | S13: 0.055555556 | T13: 0.021126761 | U13: 0.41166667 | V13: 7.41 | W13: 0.084772909
A14: 4.9-4.15 | B14: LYAP-X2308~胡煜星 | C14: LYAP-X2308 | D14: 188126164114 | E14: gogreenbike | F14: 46099 | G14: 46085 | H14: 46091 | I14: 胡煜星 | J14: 其他 | K14: 原开品 | L14: 532 | M14: 15 | N14: 1 | O14: 7.63 | P14: 85 | R14: 11.140236 | S14: 0.066666667 | T14: 0.028195489 | U14: 0.50866667 | V14: 7.63 | W14: 0.089764706
... A26: 4.9-4.15 | B26: LYAP-X2216~章鹏~smart~xauto | C26: LYAP-X2216 | D26: 287173607865 | E26: x-autoparts1 | F26: 46087 | G26: 46081 | H26: 46101 | I26: 章鹏 | J26: 其他 | K26: 原开品 | L26: 480 | M26: 1 | N26: 1 | O26: 0.34 | P26: 62.08 | R26: 182.58824 | S26: 1 | T26: 0.0020833333 | U26: 0.34 | V26: 0.34 | W26: 0.0054768041
A27: 4.9-4.15 | B27: MD-001~俞东旭 | C27: MD-001-FL | D27: 188167194511 | E27: gogreenbike | F27: 46098 | G27: 46097 | H27: 46100 | I27: 俞东旭 | J27: 车门系统 | K27: 原开品 | L27: 0 | M27: 0 | N27: 1 | O27: 0 | P27: 627.41 | R27: #DIV/0! | S27: #DIV/0! | T27: #DIV/0! | U27: #DIV/0! | V27: 0 | W27: 0
A28: 4.9-4.15 | B28: LYAP-X1872~张潇~smart~flash | C28: LYAP-X1872 | D28: 117105229897 | E28: flashemotor | F28: 46120 | G28: 46104 | H28: 未出单 | I28: 张潇 | J28: 挡泥板 | K28: 原开品 | L28: 5539 | M28: 21 | N28: 0 | O28: 9.77 | P28: 0 | R28: 0 | S28: 0 | T28: 0.0037912981 | U28: 0.4652381 | V28: #DIV/0! | W28: #DIV/0!
A29: 4.9-4.15 | B29: LYAP-X1676~胡煜星~super | C29: LYAP-X1676 | D29: 336486052117 | E29: superiorparts11 | F29: 46098 | G29: 46097 | H29: 46103 | I29: 胡煜星 | J29: 车门系统 | K29: 原开品 | L29: 13146 | M29: 12 | N29: 0 | O29: 5.59 | P29: 0 | R29: 0 | S29: 0 | T29: 0.00091282519 | U29: 0.46583333 | V29: #DIV/0! | W29: #DIV/0!
A30: 4.9-4.15 | B30: LYAP-X1920系列~王偲涵 | C30: LYAP-X1920-BK | D30: 117042068584 | E30: flashemotor | F30: 46082 | G30: 46066 | H30: 46068 | I30: 朱培源 | J30: 饰条 | K30: 拓展品 | L30: 3700 | M30: 10 | N30: 0 | O30: 5.77 | P30: 0 | R30: 0 | S30: 0 | T30: 0.0027027027 | U30: 0.577 | V30: #DIV/0! | W30: #DIV/0!
A31: 4.9-4.15 | B31: LYAP-X1872~张潇 | C31: LYAP-X1872 | D31: 188197007336 | E31: gogreenbike | F31: 46104 | G31: 46104 | H31: 未出单 | I31: 张潇 | J31: 挡泥板 | K31: 原开品 | L31: 636 | M31: 9 | N31: 0 | O31: 7.79 | P31: 0 | R31: 0 | S31: 0 | T31: 0.014150943 | U31: 0.86555556 | V31: #DIV/0! | W31: #DIV/0!
A32: 4.9-4.15 | B32: MD-002-RR~俞东旭 | C32: MD-002-RR | D32: 117085067234 | E32: flashemotor | F32: 46123 | G32: 46092 | H32: 46096 | I32: 俞东旭 | J32: 车门系统 | K32: 原开品 | L32: 96 | M32: 8 | N32: 0 | O32: 6.2 | P32: 0 | R32: 0 | S32: 0 | T32: 0.083333333 | U32: 0.775 | V32: #DIV/0! | W32: #DIV/0!
A33: 4.9-4.15 | B33: MD-001~俞东旭 | C33: MD-001-RL | D33: 177967542795 | E33: gogreenbike | F33: 46098 | G33: 46097 | H33: 46103 | I33: 俞东旭 | J33: 车门系统 | K33: 原开品 | L33: 196 | M33: 7 | N33: 0 | O33: 6.29 | P33: 0 | R33: 0 | S33: 0 | T33: 0.035714286 | U33: 0.89857143 | V33: #DIV/0! | W33: #DIV/0!
A34: 4.9-4.15 | B34: LYAM-X2570-1~章鹏~smart~via | C34: LYAM-X2570-1 | D34: 227221720047 | E34: viautome | F34: 46115 | G34: 46070 | H34: 46073 | I34: 章鹏 | J34: 其他 | K34: 原开品 | L34: 1514 | M34: 6 | N34: 0 | O34: 2.39 | P34: 0 | R34: 0 | S34: 0 | T34: 0.0039630119 | U34: 0.39833333 | V34: #DIV/0! | W34: #DIV/0!
A35: 4.9-4.15 | B35: LYAP-X2190系列~张潇~smart~flash | C35: LYAP-X2190-R | D35: 117081148250 | E35: flashemotor | F35: 46099 | G35: 46091 | H35: 46106 | I35: 张潇 | J35: 饰条 | K35: 原开品 | L35: 1430 | M35: 6 | N35: 0 | O35: 2.22 | P35: 0 | R35: 0 | S35: 0 | T35: 0.0041958042 | U35: 0.37 | V35: #DIV/0! | W35: #DIV/0!
A36: 4.9-4.15 | B36: LYAP-X2190系列~张潇~smart~bike | C36: LYAP-X2190-L | D36: 188139762062 | E36: gogreenbike | F36: 46092 | G36: 46091 | H36: 46101 | I36: 张潇 | J36: 饰条 | K36: 原开品 | L36: 1361 | M36: 6 | N36: 0 | O36: 1.54 | P36: 0 | R36: 0 | S36: 0 | T36: 0.0044085231 | U36: 0.25666667 | V36: #DIV/0! | W36: #DIV/0!
A37: 4.9-4.15 | B37: LYAP-X2148-1~王偲涵smart | C37: LYAP-X2148-1L | D37: 117083102708 | E37: flashemotor | F37: 46121 | G37: 46092 | H37: 46096 | I37: 王偲涵 | J37: 饰条 | K37: 拓展品 | L37: 988 | M37: 4 | N37: 0 | O37: 1.47 | P37: 0 | R37: 0 | S37: 0 | T37: 0.004048583 | U37: 0.3675 | V37: #DIV/0! | W37: #DIV/0!
A38: 4.9-4.15 | B38: LYAP-X2148-1~王偲涵smart | C38: LYAP-X2148-1 | D38: 117070939739 | E38: flashemotor | F38: 46121 | G38: 46081 | H38: 46082 | I38: 王偲涵 | J38: 饰条 | K38: 原开品 | L38: 1648 | M38: 3 | N38: 0 | O38: 1.11 | P38: 0 | R38: 0 | S38: 0 | T38: 0.0018203883 | U38: 0.37 | V38: #DIV/0! | W38: #DIV/0!
A39: 4.9-4.15 | B39: LYAP-X1676~胡煜星~bike | C39: LYAP-X1676 | D39: 188167162085 | E39: gogreenbike | F39: 46098 | G39: 46097 | H39: 46103 | I39: 胡煜星 | J39: 车门系统 | K39: 原开品 | L39: 1082 | M39: 3 | N39: 0 | O39: 1.16 | P39: 0 | R39: 0 | S39: 0 | T39: 0.0027726433 | U39: 0.38666667 | V39: #DIV/0! | W39: #DIV/0!
A40: 4.9-4.15 | B40: LYAM-X2254-L~张潇~smart~xauto | C40: LYAM-X2254-L | D40: 287180832245 | E40: x-autoparts1 | F40: 46097 | G40: 46085 | H40: 46100 | I40: 张潇 | J40: 车门系统 | K40: 原开品 | L40: 449 | M40: 3 | N40: 0 | O40: 1.18 | P40: 0 | R40: 0 | S40: 0 | T40: 0.0066815145 | U40: 0.39333333 | V40: #DIV/0! | W40: #DIV/0!
A41: 4.9-4.15 | B41: LYAM-X2254-L~张潇~smart~bike | C41: LYAM-X2254-L | D41: 188126272697 | E41: gogreenbike | F41: 46097 | G41: 46085 | H41: 46100 | I41: 张潇 | J41: 车门系统 | K41: 原开品 | L41: 409 | M41: 2 | N41: 0 | O41: 0.72 | P41: 0 | R41: 0 | S41: 0 | T41: 0.0048899756 | U41: 0.36 | V41: #DIV/0! | W41: #DIV/0!
A42: 4.9-4.15 | B42: LYAP-X1920系列~王偲涵 | C42: LYAP-X1920-W | D42: 117042077894 | E42: flashemotor | F42: 46082 | G42: 46066 | H42: 46084 | I42: 朱培源 | J42: 饰条 | K42: 原开品 | L42: 383 | M42: 2 | N42: 0 | O42: 1.33 | P42: 0 | R42: 0 | S42: 0 | T42: 0.0052219321 | U42: 0.665 | V42: #DIV/0! | W42: #DIV/0!
A43: 4.9-4.15 | B43: LYAP-X2190系列~张潇~smart~flash | C43: LYAP-X2190-L | D43: 117081144249 | E43: flashemotor | F43: 46099 | G43: 46091 | H43: 46101 | I43: 张潇 | J43: 饰条 | K43: 原开品 | L43: 1332 | M43: 1 | N43: 0 | O43: 0.35 | P43: 0 | R43: 0 | S43: 0 | T43: 0.00075075075 | U43: 0.35 | V43: #DIV/0! | W43: #DIV/0!
... A50: 4.9-4.15 | B50: LYAM-X2569-1~章鹏~smart~flash | C50: LYAM-X2569-1 | D50: 117053094251 | E50: flashemotor | F50: 46087 | G50: 46070 | H50: 46086 | I50: 章鹏 | J50: 其他 | K50: 原开品 | L50: 216 | M50: 1 | N50: 0 | O50: 0.4 | P50: 0 | R50: 0 | S50: 0 | T50: 0.0046296296 | U50: 0.4 | V50: #DIV/0! | W50: #DIV/0!
A51: 4.9-4.15 | B51: LYAM-X2254-L~张潇~smart~via | C51: LYAM-X2254-L | D51: 227241168840 | E51: viautome | F51: 46097 | G51: 46085 | H51: 46100 | I51: 张潇 | J51: 车门系统 | K51: 原开品 | L51: 454 | M51: 0 | N51: 0 | O51: 0 | P51: 0 | R51: #DIV/0! | S51: #DIV/0! | T51: 0 | U51: #DIV/0! | V51: #DIV/0! | W51: #DIV/0!
A52: 4.9-4.15 | B52: LYAP-X2148-1系列~王偲涵1 | C52: LYAP-X2148-1L | D52: 177947728049 | E52: gogreenbike | F52: 46114 | G52: 46092 | H52: 46096 | I52: 王偲涵 | J52: 饰条 | K52: 拓展品 | L52: 51 | M52: 0 | N52: 0 | O52: 0 | P52: 0 | R52: #DIV/0! | S52: #DIV/0! | T52: 0 | U52: #DIV/0! | V52: #DIV/0! | W52: #DIV/0!
A53: 4.9-4.15 | B53: LYAP-X2085~俞东旭~smart | C53: LYAP-X2085 | D53: 117109082220 | E53: flashemotor | F53: 46120 | G53: 46105 | H53: 46125 | I53: 俞东旭 | J53: 车身外扩件 | K53: 原开品 | L53: 20 | M53: 0 | N53: 0 | O53: 0 | P53: 0 | R53: #DIV/0! | S53: #DIV/0! | T53: 0 | U53: #DIV/0! | V53: #DIV/0! | W53: #DIV/0!
A54: 4.9-4.15 | B54: LYAP-X2077~俞东旭~smart | C54: LYAP-X2077 | D54: 117109033287 | E54: flashemotor | F54: 46120 | G54: 46105 | H54: 46125 | I54: 俞东旭 | J54: 车身外扩件 | K54: 原开品 | L54: 18 | M54: 0 | N54: 0 | O54: 0 | P54: 0 | R54: #DIV/0! | S54: #DIV/0! | T54: 0 | U54: #DIV/0! | V54: #DIV/0! | W54: #DIV/0!
A55: 4.9-4.15 | B55: LYAP-X1800-1系列~胡煜星 | C55: LYAP-X1800-1 | D55: 227241156524 | E55: viautome | F55: 46087 | G55: 46085 | H55: 46089 | I55: 胡煜星 | J55: 车门系统 | K55: 原开品 | L55: 0 | M55: 0 | N55: 0 | O55: 0 | P55: 0 | R55: #DIV/0! | S55: #DIV/0! | T55: #DIV/0! | U55: #DIV/0! | V55: #DIV/0! | W55: #DIV/0!
A56: 4.9-4.15 | B56: LYAP-X1800-1系列~胡煜星 | C56: LYAP-X1800S-1L | D56: 227242599752 | E56: viautome | F56: 46087 | G56: 46086 | H56: 46089 | I56: 胡煜星 | J56: 车门系统 | K56: 原开品 | L56: 0 | M56: 0 | N56: 0 | O56: 0 | P56: 0 | R56: #DIV/0! | S56: #DIV/0! | T56: #DIV/0! | U56: #DIV/0! | V56: #DIV/0! | W56: #DIV/0!
A57: 4.9-4.15 | B57: LYAP-X1800-1系列~胡煜星 | C57: LYAP-X1800S-1R | D57: 227242600308 | E57: viautome | F57: 46087 | G57: 46086 | H57: 46094 | I57: 胡煜星 | J57: 车门系统 | K57: 原开品 | L57: 0 | M57: 0 | N57: 0 | O57: 0 | P57: 0 | R57: #DIV/0! | S57: #DIV/0! | T57: #DIV/0! | U57: #DIV/0! | V57: #DIV/0! | W57: #DIV/0!
A58: 4.9-4.15 | B58: LYAP-X2528~胡煜星 | C58: LYAP-X2528 | D58: 117072676887 | E58: flashemotor | F58: 46099 | G58: 46085 | H58: 46089 | I58: 胡煜星 | J58: 其他 | K58: 原开品 | L58: 0 | M58: 0 | N58: 0 | O58: 0 | P58: 0 | R58: #DIV/0! | S58: #DIV/0! | T58: #DIV/0! | U58: #DIV/0! | V58: #DIV/0! | W58: #DIV/0!
A59: 4.16-4.22 | B59: 总数据 | C59: 广告链接数量： | F59: 60 | J59: 总数据： | L59: 126729 | M59: 381 | N59: 31 | O59: 170.17 | P59: 1872.84 | R59: 11.0057 | S59: 0.081364829 | T59: 0.0030064153 | U59: 0.44664042 | V59: 5.4893548 | W59: 0.090862006
A60: 4.16-4.22 | B60: LYAP-X1992系列~张潇~smart~via | C60: LYAP-X1992 | D60: 227214967031 | E60: viautome | F60: 46077 | G60: 46066 | H60: 46077 | I60: 张潇 | J60: 饰条 | K60: 原开品 | L60: 6430 | M60: 25 | N60: 5 | O60: 10.81 | P60: 357.08 | R60: 33.032377 | S60: 0.2 | T60: 0.0038880249 | U60: 0.4324 | V60: 2.162 | W60: 0.030273328
A61: 4.16-4.22 | B61: LYAP-X1929~张潇~smart | C61: LYAP-X1929 | D61: 177997475019 | E61: gogreenbike | F61: 46114 | G61: 46108 | H61: 46114 | I61: 张潇 | J61: 机盖及附件 | K61: 原开品 | L61: 850 | M61: 21 | N61: 5 | O61: 8.07 | P61: 189.36 | R61: 23.464684 | S61: 0.23809524 | T61: 0.024705882 | U61: 0.38428571 | V61: 1.614 | W61: 0.042617237
A62: 4.16-4.22 | B62: LYAP-X1920系列~王偲涵 | C62: LYAP-X1920-C | D62: 117042072978 | E62: flashemotor | F62: 46082 | G62: 46066 | H62: 46070 | I62: 朱培源 | J62: 饰条 | K62: 拓展品 | L62: 9035 | M62: 28 | N62: 3 | O62: 15.18 | P62: 280.08 | R62: 18.450593 | S62: 0.10714286 | T62: 0.0030990592 | U62: 0.54214286 | V62: 5.06 | W62: 0.0541988
A63: 4.16-4.22 | B63: LYAP-X1920系列~王偲涵 | C63: LYAP-X1920-BK | D63: 117042068584 | E63: flashemotor | F63: 46082 | G63: 46066 | H63: 46068 | I63: 朱培源 | J63: 饰条 | K63: 拓展品 | L63: 10429 | M63: 26 | N63: 2 | O63: 14.2 | P63: 171.57 | R63: 12.082394 | S63: 0.076923077 | T63: 0.0024930482 | U63: 0.54615385 | V63: 7.1 | W63: 0.082765052
A64: 4.16-4.22 | B64: LYAP-X2289~张潇~smart | C64: LYAP-X2289 | D64: 177947769950 | E64: gogreenbike | F64: 46092 | G64: 46092 | H64: 46095 | I64: 张潇 | J64: 饰条 | K64: 原开品 | L64: 9291 | M64: 26 | N64: 2 | O64: 10.31 | P64: 242.82 | R64: 23.551891 | S64: 0.076923077 | T64: 0.0027984071 | U64: 0.39653846 | V64: 5.155 | W64: 0.042459435
A65: 4.16-4.22 | B65: LYAP-X1934~张潇~smart~flash | C65: LYAP-X1934 | D65: 117085059550 | E65: flashemotor | F65: 46104 | G65: 46092 | H65: 46104 | I65: 张潇 | J65: 饰条 | K65: 原开品 | L65: 747 | M65: 6 | N65: 2 | O65: 2.03 | P65: 26.13 | R65: 12.871921 | S65: 0.33333333 | T65: 0.0080321285 | U65: 0.33833333 | V65: 1.015 | W65: 0.077688481
A66: 4.16-4.22 | B66: LYAM-X2575-2~张潇~smart~bap | C66: LYAM-X2575-2 | D66: 117032563600 | E66: best-autoparts(授权即将过期) | F66: 46083 | G66: 46062 | H66: 46068 | I66: 张潇 | J66: 车门系统 | K66: 拓展品 | L66: 4223 | M66: 27 | N66: 1 | O66: 10.55 | P66: 53.93 | R66: 5.1118483 | S66: 0.037037037 | T66: 0.0063935591 | U66: 0.39074074 | V66: 10.55 | W66: 0.19562396
A67: 4.16-4.22 | B67: LYAP-X1992系列~张潇~smart~via | C67: LYAP-X1993 | D67: 227214980980 | E67: viautome | F67: 46077 | G67: 46066 | H67: 46070 | I67: 张潇 | J67: 饰条 | K67: 原开品 | L67: 6904 | M67: 23 | N67: 1 | O67: 9.64 | P67: 76.37 | R67: 7.9221992 | S67: 0.043478261 | T67: 0.0033314021 | U67: 0.41913043 | V67: 9.64 | W67: 0.12622758
A68: 4.16-4.22 | B68: LYAP-X2308~胡煜星 | C68: LYAP-X2308 | D68: 188126164114 | E68: gogreenbike | F68: 46099 | G68: 46085 | H68: 46091 | I68: 胡煜星 | J68: 其他 | K68: 原开品 | L68: 570 | M68: 16 | N68: 1 | O68: 7.7 | P68: 90.1 | R68: 11.701299 | S68: 0.0625 | T68: 0.028070175 | U68: 0.48125 | V68: 7.7 | W68: 0.085460599
A69: 4.16-4.22 | B69: LYAM-X2570-1~章鹏~smart~via | C69: LYAM-X2570-1 | D69: 227221720047 | E69: viautome | F69: 46115 | G69: 46070 | H69: 46073 | I69: 章鹏 | J69: 其他 | K69: 原开品 | L69: 1369 | M69: 7 | N69: 1 | O69: 2.65 | P69: 21.2 | R69: 8 | S69: 0.14285714 | T69: 0.0051132213 | U69: 0.37857143 | V69: 2.65 | W69: 0.125
A70: 4.16-4.22 | B70: LYAP-X2148-1~王偲涵smart | C70: LYAP-X2148-1 | D70: 117070939739 | E70: flashemotor | F70: 46121 | G70: 46081 | H70: 46082 | I70: 王偲涵 | J70: 饰条 | K70: 原开品 | L70: 2771 | M70: 6 | N70: 1 | O70: 2.18 | P70: 67.58 | R70: 31 | S70: 0.16666667 | T70: 0.0021652833 | U70: 0.36333333 | V70: 2.18 | W70: 0.032258065
A71: 4.16-4.22 | B71: LYAM-X2569-1~章鹏~smart~via | C71: LYAM-X2569-1 | D71: 227221709911 | E71: viautome | F71: 46087 | G71: 46070 | H71: 46086 | I71: 章鹏 | J71: 其他 | K71: 原开品 | L71: 1838 | M71: 6 | N71: 1 | O71: 1.99 | P71: 21.4 | R71: 10.753769 | S71: 0.16666667 | T71: 0.0032644178 | U71: 0.33166667 | V71: 1.99 | W71: 0.092990654
... A77: 4.16-4.22 | B77: LYAM-X2254-L~张潇~smart~via | C77: LYAM-X2254-L | D77: 227241168840 | E77: viautome | F77: 46097 | G77: 46085 | H77: 46100 | I77: 张潇 | J77: 车门系统 | K77: 原开品 | L77: 471 | M77: 2 | N77: 1 | O77: 0.74 | P77: 35.04 | R77: 47.351351 | S77: 0.5 | T77: 0.0042462845 | U77: 0.37 | V77: 0.74 | W77: 0.021118721
A78: 4.16-4.22 | B78: LYAP-X2527~胡煜星~smart | C78: LYAP-X2527 | D78: 227241180103 | E78: viautome | F78: 46087 | G78: 46085 | H78: 46086 | I78: 胡煜星 | J78: 其他 | K78: 原开品 | L78: 7713 | M78: 28 | N78: 0 | O78: 8.33 | P78: 0 | R78: 0 | S78: 0 | T78: 0.0036302347 | U78: 0.2975 | V78: #DIV/0! | W78: #DIV/0!
A79: 4.16-4.22 | B79: LYAP-X1676~胡煜星~super | C79: LYAP-X1676 | D79: 336486052117 | E79: superiorparts11 | F79: 46098 | G79: 46097 | H79: 46103 | I79: 胡煜星 | J79: 车门系统 | K79: 原开品 | L79: 25082 | M79: 23 | N79: 0 | O79: 10.89 | P79: 0 | R79: 0 | S79: 0 | T79: 0.00091699227 | U79: 0.47347826 | V79: #DIV/0! | W79: #DIV/0!
A80: 4.16-4.22 | B80: LYAP-X2527~胡煜星~flash | C80: LYAP-X2527 | D80: 117072634866 | E80: flashemotor | F80: 46095 | G80: 46085 | H80: 46086 | I80: 胡煜星 | J80: 其他 | K80: 原开品 | L80: 1572 | M80: 13 | N80: 0 | O80: 5.82 | P80: 0 | R80: 0 | S80: 0 | T80: 0.0082697201 | U80: 0.44769231 | V80: #DIV/0! | W80: #DIV/0!
A81: 4.16-4.22 | B81: LYAP-838~张潇~smart~bike | C81: LYAP-838 | D81: 177997411142 | E81: gogreenbike | F81: 46109 | G81: 46108 | H81: 46116 | I81: 张潇 | J81: 饰条 | K81: 拓展品 | L81: 3138 | M81: 11 | N81: 0 | O81: 4.46 | P81: 0 | R81: 0 | S81: 0 | T81: 0.0035054175 | U81: 0.40545455 | V81: #DIV/0! | W81: #DIV/0!
A82: 4.16-4.22 | B82: LYAP-X2190系列~张潇~smart~flash | C82: LYAP-X2190-R | D82: 117081148250 | E82: flashemotor | F82: 46099 | G82: 46091 | H82: 46106 | I82: 张潇 | J82: 饰条 | K82: 原开品 | L82: 1621 | M82: 9 | N82: 0 | O82: 2.96 | P82: 0 | R82: 0 | S82: 0 | T82: 0.0055521283 | U82: 0.32888889 | V82: #DIV/0! | W82: #DIV/0!
A83: 4.16-4.22 | B83: MD-002-RR~俞东旭 | C83: MD-002-RR | D83: 117085067234 | E83: flashemotor | F83: 46123 | G83: 46092 | H83: 46096 | I83: 俞东旭 | J83: 车门系统 | K83: 原开品 | L83: 321 | M83: 9 | N83: 0 | O83: 5.9 | P83: 0 | R83: 0 | S83: 0 | T83: 0.028037383 | U83: 0.65555556 | V83: #DIV/0! | W83: #DIV/0!
A84: 4.16-4.22 | B84: LYAP-X1920系列~王偲涵 | C84: LYAP-X1920-W | D84: 117042077894 | E84: flashemotor | F84: 46082 | G84: 46066 | H84: 46084 | I84: 朱培源 | J84: 饰条 | K84: 原开品 | L84: 1865 | M84: 8 | N84: 0 | O84: 3.66 | P84: 0 | R84: 0 | S84: 0 | T84: 0.0042895442 | U84: 0.4575 | V84: #DIV/0! | W84: #DIV/0!
A85: 4.16-4.22 | B85: LYAP-X2135~俞东旭~smart | C85: LYAP-X2135 | D85: 117043458011 | E85: flashemotor | F85: 46082 | G85: 46066 | H85: 46069 | I85: 俞东旭 | J85: 其他 | K85: 原开品 | L85: 1204 | M85: 8 | N85: 0 | O85: 2.34 | P85: 0 | R85: 0 | S85: 0 | T85: 0.0066445183 | U85: 0.2925 | V85: #DIV/0! | W85: #DIV/0!
A86: 4.16-4.22 | B86: LYAP-X2216~章鹏~smart~xauto | C86: LYAP-X2216 | D86: 287173607865 | E86: x-autoparts1 | F86: 46087 | G86: 46081 | H86: 46101 | I86: 章鹏 | J86: 其他 | K86: 原开品 | L86: 463 | M86: 6 | N86: 0 | O86: 2.58 | P86: 0 | R86: 0 | S86: 0 | T86: 0.012958963 | U86: 0.43 | V86: #DIV/0! | W86: #DIV/0!
A87: 4.16-4.22 | B87: LYAM-X2753-1~胡煜星 | C87: LYAM-X2753-1 | D87: 117032570263 | E87: flashemotor | F87: 46105 | G87: 46062 | H87: 46117 | I87: 胡煜星 | J87: 车身外扩件 | K87: 原开品 | L87: 513 | M87: 4 | N87: 0 | O87: 2.58 | P87: 0 | R87: 0 | S87: 0 | T87: 0.007797271 | U87: 0.645 | V87: #DIV/0! | W87: #DIV/0!
A88: 4.16-4.22 | B88: LYAP-X1665-1~俞东旭 | C88: LYAP-X1665-1L | D88: 117115651168 | E88: flashemotor | F88: 46135 | G88: 46108 | H88: 未出单 | I88: 俞东旭 | J88: 车门系统 | K88: 拓展品 | L88: 1967 | M88: 3 | N88: 0 | O88: 3.69 | P88: 0 | R88: 0 | S88: 0 | T88: 0.0015251652 | U88: 1.23 | V88: #DIV/0! | W88: #DIV/0!
A89: 4.16-4.22 | B89: LYAP-X1872~张潇 | C89: LYAP-X1872 | D89: 188197007336 | E89: gogreenbike | F89: 46104 | G89: 46104 | H89: 46134 | I89: 张潇 | J89: 挡泥板 | K89: 原开品 | L89: 778 | M89: 3 | N89: 0 | O89: 2.33 | P89: 0 | R89: 0 | S89: 0 | T89: 0.0038560411 | U89: 0.77666667 | V89: #DIV/0! | W89: #DIV/0!
A90: 4.16-4.22 | B90: LYAP-X2545-F系列~朱培源 | C90: LYAP-X2545-F | D90: 227228697747 | E90: viautome | F90: 46078 | G90: 46076 | H90: 46082 | I90: 朱培源 | J90: 挡泥板 | K90: 原开品 | L90: 722 | M90: 3 | N90: 0 | O90: 2.87 | P90: 0 | R90: 0 | S90: 0 | T90: 0.0041551247 | U90: 0.95666667 | V90: #DIV/0! | W90: #DIV/0!
A91: 4.16-4.22 | B91: LYAM-X2569-1~章鹏~smart~xauto | C91: LYAM-X2569-1 | D91: 287151502535 | E91: x-autoparts1 | F91: 46087 | G91: 46070 | H91: 46086 | I91: 章鹏 | J91: 其他 | K91: 原开品 | L91: 1446 | M91: 2 | N91: 0 | O91: 0.59 | P91: 0 | R91: 0 | S91: 0 | T91: 0.0013831259 | U91: 0.295 | V91: #DIV/0! | W91: #DIV/0!
A92: 4.16-4.22 | B92: LYAP-X2190系列~张潇~smart~bike | C92: LYAP-X2190-L | D92: 188139762062 | E92: gogreenbike | F92: 46092 | G92: 46091 | H92: 46101 | I92: 张潇 | J92: 饰条 | K92: 原开品 | L92: 1288 | M92: 2 | N92: 0 | O92: 0.71 | P92: 0 | R92: 0 | S92: 0 | T92: 0.001552795 | U92: 0.355 | V92: #DIV/0! | W92: #DIV/0!
A93: 4.16-4.22 | B93: LYAP-X2545-F系列~朱培源 | C93: LYAP-X2545-FL | D93: 227228792444 | E93: viautome | F93: 46078 | G93: 46076 | H93: 46084 | I93: 朱培源 | J93: 挡泥板 | K93: 拓展品 | L93: 1038 | M93: 2 | N93: 0 | O93: 2.12 | P93: 0 | R93: 0 | S93: 0 | T93: 0.0019267823 | U93: 1.06 | V93: #DIV/0! | W93: #DIV/0!
A94: 4.16-4.22 | B94: LYAP-X1665-1~俞东旭 | C94: LYAP-X1665-1R | D94: 117115653271 | E94: flashemotor | F94: 46135 | G94: 46108 | H94: 未出单 | I94: 俞东旭 | J94: 车门系统 | K94: 拓展品 | L94: 1857 | M94: 1 | N94: 0 | O94: 0.76 | P94: 0 | R94: 0 | S94: 0 | T94: 0.00053850296 | U94: 0.76 | V94: #DIV/0! | W94: #DIV/0!
A95: 4.16-4.22 | B95: LYAP-X1676~胡煜星~bike | C95: LYAP-X1676 | D95: 188167162085 | E95: gogreenbike | F95: 46098 | G95: 46097 | H95: 46103 | I95: 胡煜星 | J95: 车门系统 | K95: 原开品 | L95: 1677 | M95: 1 | N95: 0 | O95: 0.44 | P95: 0 | R95: 0 | S95: 0 | T95: 0.00059630292 | U95: 0.44 | V95: #DIV/0! | W95: #DIV/0!
A96: 4.16-4.22 | B96: LYAP-X2545-F系列~朱培源 | C96: LYAP-X2545-FR | D96: 227228800260 | E96: viautome | F96: 46078 | G96: 46076 | H96: 46096 | I96: 朱培源 | J96: 挡泥板 | K96: 拓展品 | L96: 1396 | M96: 1 | N96: 0 | O96: 1.13 | P96: 0 | R96: 0 | S96: 0 | T96: 0.00071633238 | U96: 1.13 | V96: #DIV/0! | W96: #DIV/0!
A97: 4.16-4.22 | B97: LYAM-X2570-1~章鹏~smart~flash | C97: LYAM-X2570-1 | D97: 117053097094 | E97: flashemotor | F97: 46115 | G97: 46070 | H97: 46073 | I97: 章鹏 | J97: 其他 | K97: 原开品 | L97: 1049 | M97: 1 | N97: 0 | O97: 0.46 | P97: 0 | R97: 0 | S97: 0 | T97: 0.00095328885 | U97: 0.46 | V97: #DIV/0! | W97: #DIV/0!
A98: 4.16-4.22 | B98: LYAM-X2570-1~章鹏~smart~xauto | C98: LYAM-X2570-1 | D98: 287151507245 | E98: x-autoparts1 | F98: 46115 | G98: 46070 | H98: 46073 | I98: 章鹏 | J98: 其他 | K98: 原开品 | L98: 853 | M98: 1 | N98: 0 | O98: 0.49 | P98: 0 | R98: 0 | S98: 0 | T98: 0.0011723329 | U98: 0.49 | V98: #DIV/0! | W98: #DIV/0!
A99: 4.16-4.22 | B99: LYAM-X2575-2~张潇 | C99: LYAM-X2575-2 | D99: 188303032431 | E99: gogreenbike | F99: 46134 | G99: 46062 | H99: 46068 | I99: 张潇 | J99: 车门系统 | K99: 拓展品 | L99: 289 | M99: 1 | N99: 0 | O99: 0.44 | P99: 0 | R99: 0 | S99: 0 | T99: 0.0034602076 | U99: 0.44 | V99: #DIV/0! | W99: #DIV/0!
A100: 4.16-4.22 | B100: LYAP-X2148-1系列~王偲涵1 | C100: LYAP-X2148-1L | D100: 177947728049 | E100: gogreenbike | F100: 46114 | G100: 46092 | H100: 46096 | I100: 王偲涵 | J100: 饰条 | K100: 拓展品 | L100: 56 | M100: 1 | N100: 0 | O100: 0.39 | P100: 0 | R100: 0 | S100: 0 | T100: 0.017857143 | U100: 0.39 | V100: #DIV/0! | W100: #DIV/0!
A101: 4.16-4.22 | B101: LYAM-X2862~张潇 | C101: LYAM-X2862 | D101: 177951390007 | E101: gogreenbike | F101: 46094 | G101: 46093 | H101: 46100 | I101: 张潇 | J101: 机盖及附件 | K101: 原开品 | L101: 44 | M101: 1 | N101: 0 | O101: 0.43 | P101: 0 | R101: 0 | S101: 0 | T101: 0.022727273 | U101: 0.43 | V101: #DIV/0! | W101: #DIV/0!
A102: 4.16-4.22 | B102: LYAP-X2077~俞东旭~smart | C102: LYAP-X2077 | D102: 117109033287 | E102: flashemotor | F102: 46120 | G102: 46105 | H102: 46125 | I102: 俞东旭 | J102: 车身外扩件 | K102: 原开品 | L102: 43 | M102: 1 | N102: 0 | O102: 0.09 | P102: 0 | R102: 0 | S102: 0 | T102: 0.023255814 | U102: 0.09 | V102: #DIV/0! | W102: #DIV/0!
A103: 4.16-4.22 | B103: LYAP-X1879~朱培源 | C103: LYAP-X1879 | D103: 177965595242 | E103: gogreenbike | F103: 46100 | G103: 46097 | H103: 46100 | I103: 朱培源 | J103: 挡泥板 | K103: 原开品 | L103: 32 | M103: 1 | N103: 0 | O103: 0.8 | P103: 0 | R103: 0 | S103: 0 | T103: 0.03125 | U103: 0.8 | V103: #DIV/0! | W103: #DIV/0!
A104: 4.16-4.22 | B104: LYAP-X2148-1~王偲涵smart | C104: LYAP-X2148-1L | D104: 117083102708 | E104: flashemotor | F104: 46121 | G104: 46092 | H104: 46096 | I104: 王偲涵 | J104: 饰条 | K104: 拓展品 | L104: 1249 | M104: 0 | N104: 0 | O104: 0 | P104: 0 | R104: #DIV/0! | S104: #DIV/0! | T104: 0 | U104: #DIV/0! | V104: #DIV/0! | W104: #DIV/0!
A105: 4.16-4.22 | B105: LYAP-X2148-1~王偲涵smart | C105: LYAP-X2148-1R | D105: 117083115196 | E105: flashemotor | F105: 46121 | G105: 46092 | H105: 46112 | I105: 王偲涵 | J105: 饰条 | K105: 拓展品 | L105: 762 | M105: 0 | N105: 0 | O105: 0 | P105: 0 | R105: #DIV/0! | S105: #DIV/0! | T105: 0 | U105: #DIV/0! | V105: #DIV/0! | W105: #DIV/0!
A106: 4.16-4.22 | B106: LYAM-X2569-1~章鹏~smart~flash | C106: LYAM-X2569-1 | D106: 117053094251 | E106: flashemotor | F106: 46087 | G106: 46070 | H106: 46086 | I106: 章鹏 | J106: 其他 | K106: 原开品 | L106: 246 | M106: 0 | N106: 0 | O106: 0 | P106: 0 | R106: #DIV/0! | S106: #DIV/0! | T106: 0 | U106: #DIV/0! | V106: #DIV/0! | W106: #DIV/0!
A107: 4.16-4.22 | B107: LYAP-X2148-1系列~王偲涵1 | C107: LYAP-X2148-1R | D107: 188144166107 | E107: gogreenbike | F107: 46114 | G107: 46092 | H107: 46112 | I107: 王偲涵 | J107: 饰条 | K107: 拓展品 | L107: 88 | M107: 0 | N107: 0 | O107: 0 | P107: 0 | R107: #DIV/0! | S107: #DIV/0! | T107: 0 | U107: #DIV/0! | V107: #DIV/0! | W107: #DIV/0!
A108: 4.16-4.22 | B108: LYAP-X2085~俞东旭~smart | C108: LYAP-X2085 | D108: 117109082220 | E108: flashemotor | F108: 46120 | G108: 46105 | H108: 46125 | I108: 俞东旭 | J108: 车身外扩件 | K108: 原开品 | L108: 46 | M108: 0 | N108: 0 | O108: 0 | P108: 0 | R108: #DIV/0! | S108: #DIV/0! | T108: 0 | U108: #DIV/0! | V108: #DIV/0! | W108: #DIV/0!
A109: 4.16-4.22 | B109: LYAP-X2528~胡煜星 | C109: LYAP-X2528 | D109: 117072676887 | E109: flashemotor | F109: 46099 | G109: 46085 | H109: 46089 | I109: 胡煜星 | J109: 其他 | K109: 原开品 | L109: 0 | M109: 0 | N109: 0 | O109: 0 | P109: 0 | R109: #DIV/0! | S109: #DIV/0! | T109: #DIV/0! | U109: #DIV/0! | V109: #DIV/0! | W109: #DIV/0!
A110: 4.16-4.22 | B110: LYAP-X1665-1~俞东旭 | C110: LYAP-X1665-1 | D110: 117105226831 | E110: flashemotor | F110: 46135 | G110: 46104 | H110: 未出单 | I110: 胡煜星 | J110: 车门系统 | K110: 原开品 | L110: 0 | M110: 0 | N110: 0 | O110: 0 | P110: 0 | R110: #DIV/0! | S110: #DIV/0! | T110: #DIV/0! | U110: #DIV/0! | V110: #DIV/0! | W110: #DIV/0!
A111: 4.16-4.22 | B111: LYAM-X2804~张潇 | C111: LYAM-X2804 | D111: 178071423591 | E111: gogreenbike | F111: 46136 | G111: 46135 | H111: 未出单 | I111: 张潇 | J111: 未分类 | K111: 原开品 | L111: 0 | M111: 0 | N111: 0 | O111: 0 | P111: 0 | R111: #DIV/0! | S111: #DIV/0! | T111: #DIV/0! | U111: #DIV/0! | V111: #DIV/0! | W111: #DIV/0!
A112: 4.16-4.22 | B112: LYAM-X2428-C~俞东旭 | C112: LYAM-X2428-C | D112: 188307728772 | E112: gogreenbike | F112: 46136 | G112: 46135 | H112: 未出单 | I112: 俞东旭 | J112: 未分类 | K112: 原开品 | L112: 0 | M112: 0 | N112: 0 | O112: 0 | P112: 0 | R112: #DIV/0! | S112: #DIV/0! | T112: #DIV/0! | U112: #DIV/0! | V112: #DIV/0! | W112: #DIV/0!
A113: 4.16-4.22 | B113: LYAP-X1963~朱培源 | C113: LYAP-X1963 | D113: 188306721459 | E113: gogreenbike | F113: 46136 | G113: 46135 | H113: 未出单 | I113: 朱培源 | J113: 未分类 | K113: 原开品 | L113: 0 | M113: 0 | N113: 0 | O113: 0 | P113: 0 | R113: #DIV/0! | S113: #DIV/0! | T113: #DIV/0! | U113: #DIV/0! | V113: #DIV/0! | W113: #DIV/0!
A114: 4.16-4.22 | B114: LYAP-X2307~胡煜星 | C114: LYAP-X2307 | D114: 178072239367 | E114: gogreenbike | F114: 46137 | G114: 46135 | H114: 未出单 | I114: 胡煜星 | J114: 未分类 | K114: 原开品 | L114: 0 | M114: 0 | N114: 0 | O114: 0 | P114: 0 | R114: #DIV/0! | S114: #DIV/0! | T114: #DIV/0! | U114: #DIV/0! | V114: #DIV/0! | W114: #DIV/0!
A115: 4.16-4.22 | B115: LYAP-X2314~胡煜星 | C115: LYAP-X2314 | D115: 188307740950 | E115: gogreenbike | F115: 46137 | G115: 46135 | H115: 未出单 | I115: 胡煜星 | J115: 未分类 | K115: 原开品 | L115: 0 | M115: 0 | N115: 0 | O115: 0 | P115: 0 | R115: #DIV/0! | S115: #DIV/0! | T115: #DIV/0! | U115: #DIV/0! | V115: #DIV/0! | W115: #DIV/0!
A116: 4.16-4.22 | B116: LYAP-X2319~胡煜星 | C116: LYAP-X2319 | D116: 188307744865 | E116: gogreenbike | F116: 46137 | G116: 46135 | H116: 未出单 | I116: 胡煜星 | J116: 未分类 | K116: 原开品 | L116: 0 | M116: 0 | N116: 0 | O116: 0 | P116: 0 | R116: #DIV/0! | S116: #DIV/0! | T116: #DIV/0! | U116: #DIV/0! | V116: #DIV/0! | W116: #DIV/0!
A117: 4.16-4.22 | B117: LYAP-X1800-1系列~胡煜星 | C117: LYAP-X1800-1 | D117: 227241156524 | E117: viautome | F117: 46087 | G117: 46085 | H117: 46089 | I117: 胡煜星 | J117: 车门系统 | K117: 原开品 | L117: 0 | M117: 0 | N117: 0 | O117: 0 | P117: 0 | R117: #DIV/0! | S117: #DIV/0! | T117: #DIV/0! | U117: #DIV/0! | V117: #DIV/0! | W117: #DIV/0!
A118: 4.16-4.22 | B118: LYAP-X1800-1系列~胡煜星 | C118: LYAP-X1800S-1L | D118: 227242599752 | E118: viautome | F118: 46087 | G118: 46086 | H118: 46089 | I118: 胡煜星 | J118: 车门系统 | K118: 原开品 | L118: 0 | M118: 0 | N118: 0 | O118: 0 | P118: 0 | R118: #DIV/0! | S118: #DIV/0! | T118: #DIV/0! | U118: #DIV/0! | V118: #DIV/0! | W118: #DIV/0!
A119: 4.16-4.22 | B119: LYAP-X1800-1系列~胡煜星 | C119: LYAP-X1800S-1R | D119: 227242600308 | E119: viautome | F119: 46087 | G119: 46086 | H119: 46094 | I119: 胡煜星 | J119: 车门系统 | K119: 原开品 | L119: 0 | M119: 0 | N119: 0 | O119: 0 | P119: 0 | R119: #DIV/0! | S119: #DIV/0! | T119: #DIV/0! | U119: #DIV/0! | V119: #DIV/0! | W119: #DIV/0!
A120: 4.23-4.29 | B120: 总数据 | C120: 广告链接数量： | F120: 63 | J120: 总数据： | L120: 139169 | M120: 425 | N120: 40 | O120: 240.26 | P120: 3401.59 | Q120: #N/A | R120: 14.157954 | S120: 0.094117647 | T120: 0.003053841 | U120: 0.56531765 | V120: 6.0065 | W120: 0.070631675
A121: 4.23-4.29 | B121: MD-002-RR~俞东旭 | C121: MD-002-RR | D121: 117085067234 | E121: flashemotor | F121: 46123 | G121: 46092 | H121: 46096 | I121: 俞东旭 | J121: 车门系统 | K121: 原开品 | L121: 196 | M121: 8 | N121: 1 | O121: 6.09 | P121: 478 | Q121: #N/A | R121: 78.489327 | S121: 0.125 | T121: 0.040816327 | U121: 0.76125 | V121: 6.09 | W121: 0.012740586
A122: 4.23-4.29 | B122: LYAP-X1992~张潇~smart~super | C122: LYAP-X1993 | D122: 336471552121 | E122: superiorparts11 | F122: 46122 | G122: 46066 | H122: 46070 | I122: 张潇 | J122: 饰条 | K122: 原开品 | L122: 4575 | M122: 13 | N122: 7 | O122: 5.35 | P122: 427.28 | Q122: #N/A | R122: 79.865421 | S122: 0.53846154 | T122: 0.0028415301 | U122: 0.41153846 | V122: 0.76428571 | W122: 0.012521063
...

Sheet 四三数据累计
A1: 销售编号 | B1: SKU | C1: 实际上架日期 | D1: 首次出单日期 | E1: 4月分析人 | F1: 品类 | G1: 产品拓展 | H1: 3.5-3.11销量 | I1: 3.12-3.18销量 | J1: 3.19-3.25销量 | K1: 3.26-4.1销量 | L1: 4.2-4.8销量 | M1: 4.9-4.15销量 | N1: 4.16-4.22销量 | O1: 4.23-4.29销量 | P1: 4.30-5.6销量 | Q1: 环比 | R1: 3.5-3.11销售额 | S1: 3.12-3.18销售额 | T1: 3.19-3.25销售额 | U1: 3.26-4.1销售额 | V1: 4.2-4.8销售额 | W1: 4.9-4.15销售额 | X1: 4.16-4.22销售额 | Y1: 4.23-4.29销售额 | Z1: 4.30-5.6销售额 | AA1: 环比 | AB1: 3.11对手销量 | AC1: 3.18对手销量 | AD1: 3.25对手销量 | AE1: 4.1对手销量 | AF1: 4.8对手销量 | AG1: 4.15对手销量 | AH1: 4.22对手销量 | AI1: 4.29对手销量 | AJ1: 5.6对手销量 | AK1: 3.11市占比 | AL1: 3.18市占比 | AM1: 3.25市占比 | AN1: 4.1市占比 | AO1: 4.8市占比 | AP1: 4.15市占比 | AQ1: 4.22市占比 | AR1: 4.29市占比 | AS1: 5.6市占比 | AT1: 3.11追踪间隔 | AU1: 3.18追踪间隔 | AV1: 3.25追踪间隔 | AW1: 4.1追踪间隔 | AX1: 4.8追踪间隔 | AY1: 4.15追踪间隔 | AZ1: 4.22追踪间隔 | BA1: 4.29追踪间隔 | BB1: 5.6追踪间隔 | BC1: 3.11 8日出单情况 | BD1: 3.18 8日出单情况 | BE1: 3.25 8日出单情况 | BF1: 4.1 8日出单情况 | BG1: 4.8 8日出单情况 | BH1: 4.15 8日出单情况 | BI1: 4.22 8日出单情况 | BJ1: 4.29 8日出单情况 | BK1: 5.6 8日出单情况 | BL1: 3.11 7日频次标签 | BM1: 3.18 7日频次标签 | BN1: 3.25 7日频次标签 | BO1: 4.1 7日频次标签 | BP1: 4.8 7日频次标签 | BQ1: 4.15 7日频次标签 | BR1: 4.22 7日频次标签 | BS1: 4.29 7日频次标签 | BT1: 5.6 7日频次标签 | BU1: 3.11 7日新品频次标签 | BV1: 3.18 7日新品频次标签 | BW1: 3.25 7日新品频次标签 | BX1: 4.1 7日新品频次标签 | BY1: 4.8 7日新品频次标签 | BZ1: 4.15 7日新品频次标签 | CA1: 4.22 7日新品频次标签 | CB1: 4.29 7日新品频次标签 | CC1: 5.6 7日新品频次标签 | CD1: 3.4市场状态 | CE1: 3.11市场状态 | CF1: 3.18市场状态 | CG1: 3.25市场状态 | CH1: 4.1市场状态 | CI1: 4.8市场状态 | CJ1: 4.15市场状态 | CK1: 4.22市场状态 | CL1: 4.29市场状态 | CM1: 5.6市场状态 | CN1: 3.5-3.11操作判断 | CO1: 3.12-3.18操作判断 | CP1: 3.19-3.25操作判断 | CQ1: 3.26-4.1操作判断 | CR1: 4.2-4.8操作判断 | CS1: 4.9-4.15操作判断 | CT1: 4.16-4.22操作判断 | CU1: 4.23-4.29操作判断 | CV1: 4.30-5.6操作判断 | CW1: 4.9-4.15开启PLP | CX1: 4.16-4.22开启PLP | CY1: 4.23-4.29开启PLP | CZ1: 4.30-5.6开启PLP | DA1: 4.16-4.22PLG最高费率 | DB1: 4.23-4.29PLG最高费率 | DC1: 4.30-5.6PLG最高费率
A2: 12073 | B2: LYAP-X1658 | C2: 46085 | D2: =IF(_xlfn.XLOOKUP(A2,[1]分配表!J:J,[1]分配表!M:M)=0,"未出单",_xlfn.XLOOKUP(A2,[1]分配表!J:J,[1]分配表!M:M)) -> 46093 | E2: =_xlfn.XLOOKUP(A2,[1]分配表!A:A,[1]分配表!C:C) -> 朱培源 | F2: 车门系统 | G2: 原开品 | H2: 0 | I2: 3 | J2: 3 | K2: 4 | L2: 0 | M2: 0 | N2: 1 | O2: 0 | P2: 1 | Q2: =IFERROR(P2-O2,P2) -> 1 | R2: 0 | S2: 1260 | T2: 1260 | U2: 1680 | V2: 0 | W2: 0 | X2: 420 | Y2: 0 | Z2: 420 | AA2: =IFERROR(Z2-Y2,Z2) -> 420 | AB2: 0 | AC2: 0 | AD2: 0 | AE2: 0 | AF2: 0 | AG2: 0 | AH2: 0 | AI2: 0 | AJ2: 0 | AK2: 市场无出单 | AL2: 1 | AM2: 1 | AN2: 1 | AO2: 0 | AP2: 0 | AQ2: 1 | AR2: 市场无出单 | AS2: 1 | AT2: 1 | AU2: 8 | AV2: 2 | AW2: 1 | AX2: 1 | AY2: 9 | AZ2: 9 | BA2: 16 | BB2: 23 | BC2: 未出单 | BD2: Y | BE2: Y | BF2: Y | BG2: Y | BH2: Y | BI2: Y | BJ2: Y | BK2: Y | BL2: 正常 | BM2: 异常 | BN2: 正常 | BO2: 正常 | BP2: 正常 | BQ2: 正常 | BR2: 正常 | BS2: 正常 | BT2: 正常 | BU2: 正常 | BV2: 正常 | BW2: 正常 | BX2: 正常 | BY2: 正常 | BZ2: 正常 | CA2: 正常 | CB2: 正常 | CC2: 正常 | CD2: 无市场 | CE2: 无市场 | CF2: 正常 | CG2: 正常 | CH2: 正常 | CI2: 正常 | CJ2: 无市场 | CK2: 正常 | CL2: 无市场 | CM2: 正常 | CN2: 广告-PLP | CO2: 无异常 | CP2: 未分析 | CQ2: 无异常 | CR2: 无异常 | CS2: 无异常 | CT2: 无异常 | CU2: 无异常 | CV2: 无异常 | CW2: N | CX2: N | CY2: N | CZ2: =IF(_xlfn.XLOOKUP(B2,[2]累计数据!$C$193:$C$245,[2]累计数据!$C$193:$C$245,"N")=B2,"Y","N") -> N | DA2: 0.045 | DB2: 0.02 | DC2: 0.02
A3: 12074 | B3: LYAP-X1658L | C3: 46085 | D3: =IF(_xlfn.XLOOKUP(A3,[1]分配表!J:J,[1]分配表!M:M)=0,"未出单",_xlfn.XLOOKUP(A3,[1]分配表!J:J,[1]分配表!M:M)) -> 46085 | E3: =_xlfn.XLOOKUP(A3,[1]分配表!A:A,[1]分配表!C:C) -> 朱培源 | F3: 车门系统 | G3: 拓展品 | H3: 8 | I3: 12 | J3: 5 | K3: 6 | L3: 3 | M3: 3 | N3: 9 | O3: 9 | P3: 8 | Q3: =IFERROR(P3-O3,P3) -> -1 | R3: 1760 | S3: 2640 | T3: 1080 | U3: 1320 | V3: 675 | W3: 679.1 | X3: 2147.72 | Y3: 2196.8 | Z3: 2010.88 | AA3: =IFERROR(Z3-Y3,Z3) -> -185.92 | AB3: 0 | AC3: 1 | AD3: 0 | AE3: 0 | AF3: 0 | AG3: 0 | AH3: 0 | AI3: 0 | AJ3: 0 | AK3: 1 | AL3: 0.9 | AM3: 1 | AN3: 1 | AO3: 1 | AP3: 1 | AQ3: 1 | AR3: 1 | AS3: 1 | AT3: 5 | AU3: 12 | AV3: 2 | AW3: 1 | AX3: 7 | AY3: 6 | AZ3: 12 | BA3: 19 | BB3: 26 | BC3: Y | BD3: Y | BE3: Y | BF3: Y | BG3: Y | BH3: Y | BI3: Y | BJ3: Y | BK3: Y | BL3: 正常 | BM3: 异常 | BN3: 正常 | BO3: 正常 | BP3: 正常 | BQ3: 正常 | BR3: 正常 | BS3: 正常 | BT3: 正常 | BU3: 异常 | BV3: 正常 | BW3: 正常 | BX3: 正常 | BY3: 正常 | BZ3: 正常 | CA3: 正常 | CB3: 正常 | CC3: 正常 | CD3: 无市场 | CE3: 正常 | CF3: 正常 | CG3: 正常 | CH3: 正常 | CI3: 正常 | CJ3: 正常 | CK3: 正常 | CL3: 正常 | CM3: 正常 | CN3: 无调整 | CO3: 无调整 | CP3: 未分析 | CQ3: 无异常 | CR3: 无异常 | CS3: 无异常 | CT3: 无异常 | CU3: 无异常 | CV3: 无异常 | CW3: N | CX3: N | CY3: N | CZ3: =IF(_xlfn.XLOOKUP(B3,[2]累计数据!$C$193:$C$245,[2]累计数据!$C$193:$C$245,"N")=B3,"Y","N") -> N | DA3: 0.05 | DB3: 0.02 | DC3: 0.02
A4: 12075 | B4: LYAP-X1658R | C4: 46085 | D4: =IF(_xlfn.XLOOKUP(A4,[1]分配表!J:J,[1]分配表!M:M)=0,"未出单",_xlfn.XLOOKUP(A4,[1]分配表!J:J,[1]分配表!M:M)) -> 46085 | E4: =_xlfn.XLOOKUP(A4,[1]分配表!A:A,[1]分配表!C:C) -> 朱培源 | F4: 车门系统 | G4: 拓展品 | H4: 1 | I4: 2 | J4: 0 | K4: 0 | L4: 0 | M4: 1 | N4: 0 | O4: 0 | P4: 1 | Q4: =IFERROR(P4-O4,P4) -> 1 | R4: 220 | S4: 440 | T4: 0 | U4: 0 | V4: 0 | W4: 220 | X4: 0 | Y4: 0 | Z4: 220 | AA4: =IFERROR(Z4-Y4,Z4) -> 220 | AB4: 0 | AC4: 0 | AD4: 0 | AE4: 0 | AF4: 0 | AG4: 0 | AH4: 0 | AI4: 0 | AJ4: 0 | AK4: 1 | AL4: 1 | AM4: 市场无出单 | AN4: 0 | AO4: 0 | AP4: 1 | AQ4: 市场无出单 | AR4: 市场无出单 | AS4: 1 | AT4: 5 | AU4: 12 | AV4: 2 | AW4: 1 | AX4: 1 | AY4: 9 | AZ4: 15 | BA4: 22 | BB4: 29 | BC4: Y | BD4: Y | BE4: Y | BF4: Y | BG4: Y | BH4: Y | BI4: Y | BJ4: Y | BK4: Y | BL4: 正常 | BM4: 异常 | BN4: 正常 | BO4: 正常 | BP4: 正常 | BQ4: 正常 | BR4: 正常 | BS4: 正常 | BT4: 正常 | BU4: 异常 | BV4: 正常 | BW4: 正常 | BX4: 正常 | BY4: 正常 | BZ4: 正常 | CA4: 正常 | CB4: 正常 | CC4: 正常 | CD4: 无市场 | CE4: 正常 | CF4: 正常 | CG4: 正常 | CH4: 无市场 | CI4: 无市场 | CJ4: 正常 | CK4: 无市场 | CL4: 无市场 | CM4: 正常 | CN4: 无调整 | CO4: 无调整 | CP4: 未分析 | CQ4: 无异常 | CR4: 无异常 | CS4: 无异常 | CT4: 无异常 | CU4: 无异常 | CV4: 无异常 | CW4: N | CX4: N | CY4: N | CZ4: =IF(_xlfn.XLOOKUP(B4,[2]累计数据!$C$193:$C$245,[2]累计数据!$C$193:$C$245,"N")=B4,"Y","N") -> N | DA4: 0.045 | DB4: 0.02 | DC4: 0.02
A5: 12252 | B5: LYAP-X1800-1 | C5: 46085 | D5: =IF(_xlfn.XLOOKUP(A5,[1]分配表!J:J,[1]分配表!M:M)=0,"未出单",_xlfn.XLOOKUP(A5,[1]分配表!J:J,[1]分配表!M:M)) -> 46089 | E5: =_xlfn.XLOOKUP(A5,[1]分配表!A:A,[1]分配表!C:C) -> 胡煜星 | F5: 车门系统 | G5: 原开品 | H5: 3 | I5: 4 | J5: 2 | K5: 1 | L5: 0 | M5: 0 | N5: 1 | O5: 0 | P5: 1 | Q5: =IFERROR(P5-O5,P5) -> 1 | R5: 122 | S5: 160 | T5: 80 | U5: 40 | V5: 0 | W5: 0 | X5: 40 | Y5: 0 | Z5: 40 | AA5: =IFERROR(Z5-Y5,Z5) -> 40 | AB5: 11 | AC5: 1 | AD5: 4 | AE5: 10 | AF5: 1 | AG5: 12 | AH5: 12 | AI5: 9 | AJ5: 7 | AK5: 0.21428571 | AL5: 0.8571 | AM5: 0.33333333 | AN5: 0.090909091 | AO5: 0 | AP5: 0 | AQ5: 0.0769 | AR5: 0 | AS5: 0.125 | AT5: 1 | AU5: 1 | AV5: 0 | AW5: 8 | AX5: 0 | AY5: 5 | AZ5: 6 | BA5: 13 | BB5: 0 | BC5: Y | BD5: Y | BE5: Y | BF5: Y | BG5: Y | BH5: Y | BI5: Y | BJ5: Y | BK5: Y | BL5: 正常 | BM5: 正常 | BN5: 正常 | BO5: 异常 | BP5: 正常 | BQ5: 正常 | BR5: 正常 | BS5: 异常 | BT5: 正常 | BU5: 正常 | BV5: 正常 | BW5: 正常 | BX5: 正常 | BY5: 正常 | BZ5: 正常 | CA5: 正常 | CB5: 正常 | CC5: 正常 | CD5: 无市场 | CE5: 竞争无优势 | CF5: 正常 | CG5: 竞争无优势 | CH5: 竞争无优势 | CI5: 竞争无优势 | CJ5: 竞争无优势 | CK5: 竞争无优势 | CL5: 竞争无优势 | CM5: 竞争无优势 | CN5: 广告-PLP | CO5: 无异常 | CP5: 无异常 | CQ5: 广告-PLG | CR5: 无异常 | CS5: 无异常 | CT5: 无异常 | CU5: 无异常 | CV5: 链接优化 | CW5: Y | CX5: Y | CY5: Y | CZ5: =IF(_xlfn.XLOOKUP(B5,[2]累计数据!$C$193:$C$245,[2]累计数据!$C$193:$C$245,"N")=B5,"Y","N") -> N | DA5: 0.08 | DB5: 0.07 | DC5: 0.05
A6: 12165 | B6: LYAP-X1877 | C6: 46085 | D6: =IF(_xlfn.XLOOKUP(A6,[1]分配表!J:J,[1]分配表!M:M)=0,"未出单",_xlfn.XLOOKUP(A6,[1]分配表!J:J,[1]分配表!M:M)) -> 46093 | E6: =_xlfn.XLOOKUP(A6,[1]分配表!A:A,[1]分配表!C:C) -> 朱培源 | F6: 挡泥板 | G6: 原开品 | H6: 0 | I6: 2 | J6: 0 | K6: 0 | L6: 0 | M6: 1 | N6: 2 | O6: 0 | P6: 1 | Q6: =IFERROR(P6-O6,P6) -> 1 | R6: 0 | S6: 338 | T6: 0 | U6: 0 | V6: 0 | W6: 169 | X6: 338 | Y6: 0 | Z6: 169 | AA6: =IFERROR(Z6-Y6,Z6) -> 169 | AB6: 0 | AC6: 0 | AD6: 1 | AE6: 0 | AF6: 3 | AG6: 6 | AH6: 3 | AI6: 3 | AJ6: 1 | AK6: 市场无出单 | AL6: 1 | AM6: 0 | AN6: 0 | AO6: 0 | AP6: 0.14285714 | AQ6: 0.4 | AR6: 0 | AS6: 0 | AT6: 5 | AU6: 1 | AV6: 2 | AW6: 1 | AX6: 7 | AY6: 6 | AZ6: 5 | BA6: 12 | BB6: 19 | BC6: 未出单 | BD6: Y | BE6: Y | BF6: Y | BG6: Y | BH6: Y | BI6: Y | BJ6: Y | BK6: Y | BL6: 正常 | BM6: 正常 | BN6: 正常 | BO6: 正常 | BP6: 异常 | BQ6: 正常 | BR6: 正常 | BS6: 异常 | BT6: 异常 | BU6: 异常 | BV6: 正常 | BW6: 正常 | BX6: 正常 | BY6: 正常 | BZ6: 正常 | CA6: 正常 | CB6: 正常 | CC6: 正常 | CD6: 无市场 | CE6: 无市场 | CF6: 正常 | CG6: 竞争无优势 | CH6: 站外出单 | CI6: 竞争无优势 | CJ6: 竞争无优势 | CK6: 竞争无优势 | CL6: 竞争无优势 | CM6: 竞争无优势 | CN6: 无调整 | CO6: 广告-PLG | CP6: 无异常 | CQ6: 无异常 | CR6: 广告-PLG | CS6: 广告-PLG | CT6: 无异常 | CU6: 无异常 | CV6: 广告-PLG | CW6: N | CX6: N | CY6: N | CZ6: =IF(_xlfn.XLOOKUP(B6,[2]累计数据!$C$193:$C$245,[2]累计数据!$C$193:$C$245,"N")=B6,"Y","N") -> N | DA6: 0.05 | DB6: 0.05 | DC6: 0.02
A7: 12247 | B7: LYAP-X2528 | C7: 46085 | D7: =IF(_xlfn.XLOOKUP(A7,[1]分配表!J:J,[1]分配表!M:M)=0,"未出单",_xlfn.XLOOKUP(A7,[1]分配表!J:J,[1]分配表!M:M)) -> 46089 | E7: =_xlfn.XLOOKUP(A7,[1]分配表!A:A,[1]分配表!C:C) -> 胡煜星 | F7: 其他 | G7: 原开品 | H7: 5 | I7: 8 | J7: 3 | K7: 6 | L7: 6 | M7: 2 | N7: 7 | O7: 1 | P7: 5 | Q7: =IFERROR(P7-O7,P7) -> 4 | R7: 475 | S7: 632 | T7: 237 | U7: 481 | V7: 534 | W7: 178 | X7: 647.28 | Y7: 111.25 | Z7: 490 | AA7: =IFERROR(Z7-Y7,Z7) -> 378.75 | AB7: 0 | AC7: 0 | AD7: 0 | AE7: 0 | AF7: 0 | AG7: 0 | AH7: 0 | AI7: 0 | AJ7: 0 | AK7: 1 | AL7: 1 | AM7: 1 | AN7: 1 | AO7: 1 | AP7: 1 | AQ7: 1 | AR7: 1 | AS7: 1 | AT7: 1 | AU7: 1 | AV7: 1 | AW7: 3 | AX7: 9 | AY7: 6 | AZ7: 12 | BA7: 4 | BB7: 11 | BC7: Y | BD7: Y | BE7: Y | BF7: Y | BG7: Y | BH7: Y | BI7: Y | BJ7: Y | BK7: Y | BL7: 正常 | BM7: 正常 | BN7: 正常 | BO7: 正常 | BP7: 正常 | BQ7: 正常 | BR7: 正常 | BS7: 正常 | BT7: 正常 | BU7: 正常 | BV7: 正常 | BW7: 正常 | BX7: 正常 | BY7: 正常 | BZ7: 正常 | CA7: 正常 | CB7: 正常 | CC7: 正常 | CD7: 无市场 | CE7: 正常 | CF7: 正常 | CG7: 正常 | CH7: 正常 | CI7: 正常 | CJ7: 正常 | CK7: 正常 | CL7: 正常 | CM7: 正常 | CN7: 广告-PLP | CO7: 无异常 | CP7: 无异常 | CQ7: 无异常 | CR7: 无异常 | CS7: 无异常 | CT7: 无异常 | CU7: 无异常 | CV7: 无异常 | CW7: Y | CX7: Y | CY7: Y | CZ7: =IF(_xlfn.XLOOKUP(B7,[2]累计数据!$C$193:$C$245,[2]累计数据!$C$193:$C$245,"N")=B7,"Y","N") -> N | DA7: 0.04 | DB7: 0.03 | DC7: 0
A8: 11102 | B8: LYAM-X2254-L | C8: 46085 | D8: =IF(_xlfn.XLOOKUP(A8,[1]分配表!J:J,[1]分配表!M:M)=0,"未出单",_xlfn.XLOOKUP(A8,[1]分配表!J:J,[1]分配表!M:M)) -> 46100 | E8: =_xlfn.XLOOKUP(A8,[1]分配表!A:A,[1]分配表!C:C) -> 张潇 | F8: 车门系统 | G8: 原开品 | H8: 0 | I8: 0 | J8: 2 | K8: 1 | L8: 3 | M8: 0 | N8: 3 | O8: 4 | P8: 5 | Q8: =IFERROR(P8-O8,P8) -> 1 | R8: 0 | S8: 0 | T8: 64 | U8: 32 | V8: 96 | W8: 0 | X8: 92.19 | Y8: 112.76 | Z8: 140.95 | AA8: =IFERROR(Z8-Y8,Z8) -> 28.19 | AB8: 2 | AC8: 5 | AD8: 3 | AE8: 2 | AF8: 0 | AG8: 6 | AH8: 5 | AI8: 2 | AJ8: 5 | AK8: 0 | AL8: 0 | AM8: 0.4 | AN8: 0.33333333 | AO8: 1 | AP8: 0 | AQ8: 0.2857 | AR8: 0.5 | AS8: 0.5833 | AT8: 7 | AU8: 2 | AV8: 2 | AW8: 3 | AX8: 9 | AY8: 3 | AZ8: 5 | BA8: 6 | BB8: 13 | BC8: 未出单 | BD8: 未出单 | BE8: N | BF8: N | BG8: N | BH8: N | BI8: N | BJ8: N | BK8: N | BL8: 正常 | BM8: 正常 | BN8: 正常 | BO8: 正常 | BP8: 正常 | BQ8: 正常 | BR8: 正常 | BS8: 正常 | BT8: 异常 | BU8: 异常 | BV8: 正常 | BW8: 正常 | BX8: 正常 | BY8: 正常 | BZ8: 正常 | CA8: 正常 | CB8: 正常 | CC8: 正常 | CD8: 无市场 | CE8: 站内无价格优势 | CF8: 站内无价格优势 | CG8: 竞争无优势 | CH8: 竞争无优势 | CI8: 正常 | CJ8: 竞争无优势 | CK8: 竞争无优势 | CL8: 竞争无优势 | CM8: 竞争无优势 | CN8: 链接优化 | CO8: 广告-PLP | CP8: 广告-PLG | CQ8: 无异常 | CR8: 无异常 | CS8: 无异常 | CT8: 无异常 | CU8: 无异常 | CV8: 无异常 | CW8: Y | CX8: Y | CY8: Y | CZ8: =IF(_xlfn.XLOOKUP(B8,[2]累计数据!$C$193:$C$245,[2]累计数据!$C$193:$C$245,"N")=B8,"Y","N") -> Y | DA8: 0.03 | DB8: 0.03 | DC8: 0
A9: 12071 | B9: LYAM-X2980-BK | C9: 46085 | D9: =IF(_xlfn.XLOOKUP(A9,[1]分配表!J:J,[1]分配表!M:M)=0,"未出单",_xlfn.XLOOKUP(A9,[1]分配表!J:J,[1]分配表!M:M)) -> 46092 | E9: =_xlfn.XLOOKUP(A9,[1]分配表!A:A,[1]分配表!C:C) -> 胡煜星 | F9: 车身外扩件 | G9: 拓展品 | H9: 1 | I9: 0 | J9: 0 | K9: 1 | L9: 0 | M9: 3 | N9: 1 | O9: 0 | P9: 0 | Q9: =IFERROR(P9-O9,P9) -> 0 | R9: 299 | S9: 0 | T9: 0 | U9: 299 | V9: 0 | W9: 897 | X9: 299 | Y9: 0 | Z9: 0 | AA9: =IFERROR(Z9-Y9,Z9) -> 0 | AB9: 1 | AC9: 0 | AD9: 0 | AE9: 0 | AF9: 0 | AG9: 0 | AH9: 0 | AI9: 1 | AJ9: 0 | AK9: 0.5 | AL9: 1 | AM9: 市场无出单 | AN9: 1 | AO9: 0 | AP9: 1 | AQ9: 市场无出单 | AR9: 0.5 | AS9: 市场无出单 | AT9: 1 | AU9: 8 | AV9: 1 | AW9: 9 | AX9: 0 | AY9: 8 | AZ9: 14 | BA9: 21 | BB9: 0 | BC9: Y | BD9: Y | BE9: Y | BF9: Y | BG9: Y | BH9: Y | BI9: Y | BJ9: Y | BK9: Y | BL9: 正常 | BM9: 异常 | BN9: 正常 | BO9: 异常 | BP9: 正常 | BQ9: 正常 | BR9: 正常 | BS9: 异常 | BT9: 正常 | BU9: 正常 | BV9: 正常 | BW9: 正常 | BX9: 正常 | BY9: 正常 | BZ9: 正常 | CA9: 正常 | CB9: 正常 | CC9: 正常 | CD9: 无市场 | CE9: 竞争无优势 | CF9: 正常 | CG9: 无市场 | CH9: 正常 | CI9: 无市场 | CJ9: 正常 | CK9: 无市场 | CL9: 竞争无优势 | CM9: 无市场 | CN9: 8日新品优化 | CO9: 无异常 | CP9: 无调整 | CQ9: 无调整 | CR9: 无异常 | CS9: 无异常 | CT9: 无异常 | CU9: 无异常 | CV9: 广告-PLG | CW9: N | CX9: N | CY9: N | CZ9: =IF(_xlfn.XLOOKUP(B9,[2]累计数据!$C$193:$C$245,[2]累计数据!$C$193:$C$245,"N")=B9,"Y","N") -> N | DA9: 0 | DB9: 0 | DC9: 0
A10: 12072 | B10: LYAM-X2980-GR | C10: 46085 | D10: =IF(_xlfn.XLOOKUP(A10,[1]分配表!J:J,[1]分配表!M:M)=0,"未出单",_xlfn.XLOOKUP(A10,[1]分配表!J:J,[1]分配表!M:M)) -> 46112 | E10: =_xlfn.XLOOKUP(A10,[1]分配表!A:A,[1]分配表!C:C) -> 胡煜星 | F10: 车身外扩件 | G10: 原开品 | H10: 0 | I10: 0 | J10: 0 | K10: 1 | L10: 0 | M10: 1 | N10: 1 | O10: 1 | P10: 0 | Q10: =IFERROR(P10-O10,P10) -> -1 | R10: 0 | S10: 0 | T10: 0 | U10: 299 | V10: 0 | W10: 299 | X10: 299 | Y10: 299 | Z10: 0 | AA10: =IFERROR(Z10-Y10,Z10) -> -299 | AB10: 0 | AC10: 0 | AD10: 0 | AE10: 0 | AF10: 0 | AG10: 0 | AH10: 0 | AI10: 0 | AJ10: 0 | AK10: 市场无出单 | AL10: 市场无出单 | AM10: 市场无出单 | AN10: 1 | AO10: 0 | AP10: 1 | AQ10: 1 | AR10: 1 | AS10: 市场无出单 | AT10: 1 | AU10: 8 | AV10: 不分析 | AW10: 9 | AX10: 0 | AY10: 8 | AZ10: 14 | BA10: 21 | BB10: 28 | BC10: 未出单 | BD10: 未出单 | BE10: 未出单 | BF10: N | BG10: N | BH10: N | BI10: N | BJ10: N | BK10: N | BL10: 正常 | BM10: 异常 | BN10: 不分析 | BO10: 异常 | BP10: 正常 | BQ10: 正常 | BR10: 正常 | BS10: 正常 | BT10: 正常 | BU10: 正常 | BV10: 正常 | BW10: 不分析 | BX10: 正常 | BY10: 正常 | BZ10: 正常 | CA10: 正常 | CB10: 正常 | CC10: 正常 | CD10: 无市场 | CE10: 无市场 | CF10: 无市场 | CG10: 无市场 | CH10: 无市场 | CI10: 无市场 | CJ10: 无市场 | CK10: 正常 | CL10: 正常 | CM10: 无市场 | CN10: 8日新品优化 | CO10: 无异常 | CP10: 无调整 | CQ10: 无调整 | CR10: 无异常 | CS10: 无异常 | CT10: 无异常 | CU10: 无异常 | CV10: 无异常 | CW10: N | CX10: N | CY10: N | CZ10: =IF(_xlfn.XLOOKUP(B10,[2]累计数据!$C$193:$C$245,[2]累计数据!$C$193:$C$245,"N")=B10,"Y","N") -> N | DA10: 0.02 | DB10: 0 | DC10: 0
A11: 12248 | B11: LYAP-X2308 | C11: 46085 | D11: =IF(_xlfn.XLOOKUP(A11,[1]分配表!J:J,[1]分配表!M:M)=0,"未出单",_xlfn.XLOOKUP(A11,[1]分配表!J:J,[1]分配表!M:M)) -> 46091 | E11: =_xlfn.XLOOKUP(A11,[1]分配表!A:A,[1]分配表!C:C) -> 胡煜星 | F11: 其他 | G11: 原开品 | H11: 3 | I11: 1 | J11: 3 | K11: 3 | L11: 5 | M11: 5 | N11: 5 | O11: 3 | P11: 3 | Q11: =IFERROR(P11-O11,P11) -> 0 | R11: 255 | S11: 85 | T11: 255 | U11: 255 | V11: 425 | W11: 425 | X11: 429 | Y11: 258 | Z11: 257 | AA11: =IFERROR(Z11-Y11,Z11) -> -1 | AB11: 1 | AC11: 1 | AD11: 0 | AE11: 4 | AF11: 1 | AG11: 3 | AH11: 1 | AI11: 4 | AJ11: 1 | AK11: 0.75 | AL11: 0.8 | AM11: 1 | AN11: 0.42857143 | AO11: 0.83333333 | AP11: 0.625 | AQ11: 0.8333 | AR11: 0.5 | AS11: 0.75 | AT11: 1 | AU11: 7 | AV11: 7 | AW11: 15 | AX11: 0 | AY11: 8 | AZ11: 5 | BA11: 12 | BB11: 0 | BC11: Y | BD11: Y | BE11: Y | BF11: Y | BG11: Y | BH11: Y | BI11: Y | BJ11: Y | BK11: Y | BL11: 正常 | BM11: 正常 | BN11: 正常 | BO11: 异常 | BP11: 正常 | BQ11: 异常 | BR11: 正常 | BS11: 异常 | BT11: 正常 | BU11: 正常 | BV11: 正常 | BW11: 正常 | BX11: 正常 | BY11: 正常 | BZ11: 正常 | CA11: 正常 | CB11: 正常 | CC11: 正常 | CD11: 无市场 | CE11: 竞争无优势 | CF11: 正常 | CG11: 正常 | CH11: 竞争无优势 | CI11: 正常 | CJ11: 竞争无优势 | CK11: 正常 | CL11: 竞争无优势 | CM11: 正常 | CN11: 广告-PLP | CO11: 无异常 | CP11: 无异常 | CQ11: 广告-PLP | CR11: 无异常 | CS11: 无异常 | CT11: 广告-PLG | CU11: 无异常 | CV11: 链接优化 | CW11: Y | CX11: Y | CY11: Y | CZ11: =IF(_xlfn.XLOOKUP(B11,[2]累计数据!$C$193:$C$245,[2]累计数据!$C$193:$C$245,"N")=B11,"Y","N") -> N | DA11: 0.04 | DB11: 0.04 | DC11: 0.02
A12: 12246 | B12: LYAP-X2527 | C12: 46085 | D12: =IF(_xlfn.XLOOKUP(A12,[1]分配表!J:J,[1]分配表!M:M)=0,"未出单",_xlfn.XLOOKUP(A12,[1]分配表!J:J,[1]分配表!M:M)) -> 46086 | E12: =_xlfn.XLOOKUP(A12,[1]分配表!A:A,[1]分配表!C:C) -> 胡煜星 | F12: 其他 | G12: 原开品 | H12: 11 | I12: 8 | J12: 8 | K12: 9 | L12: 15 | M12: 8 | N12: 12 | O12: 10 | P12: 9 | Q12: =IFERROR(P12-O12,P12) -> -1 | R12: 1185 | S12: 686 | T12: 690 | U12: 772 | V12: 1296 | W12: 685.75 | X12: 1033 | Y12: 879 | Z12: 833.5 | AA12: =IFERROR(Z12-Y12,Z12) -> -45.5 | AB12: 2 | AC12: 0 | AD12: 0 | AE12: 0 | AF12: 0 | AG12: 0 | AH12: 0 | AI12: 0 | AJ12: 0 | AK12: 0.84615385 | AL12: 1 | AM12: 1 | AN12: 1 | AO12: 1 | AP12: 1 | AQ12: 1 | AR12: 1 | AS12: 1 | AT12: 1 | AU12: 4 | AV12: 11 | AW12: 1 | AX12: 7 | AY12: 5 | AZ12: 11 | BA12: 4 | BB12: 1 | BC12: Y | BD12: Y | BE12: Y | BF12: Y | BG12: Y | BH12: Y | BI12: Y | BJ12: Y | BK12: Y | BL12: 正常 | BM12: 正常 | BN12: 异常 | BO12: 正常 | BP12: 正常 | BQ12: 正常 | BR12: 正常 | BS12: 正常 | BT12: 正常 | BU12: 正常 | BV12: 正常 | BW12: 正常 | BX12: 正常 | BY12: 正常 | BZ12: 正常 | CA12: 正常 | CB12: 正常 | CC12: 正常 | CD12: 无市场 | CE12: 正常 | CF12: 正常 | CG12: 正常 | CH12: 正常 | CI12: 正常 | CJ12: 正常 | CK12: 正常 | CL12: 正常 | CM12: 正常 | CN12: 广告-PLP | CO12: 无异常 | CP12: 无异常 | CQ12: 无异常 | CR12: 无异常 | CS12: 无异常 | CT12: 无异常 | CU12: 无异常 | CV12: 无异常 | CW12: Y | CX12: Y | CY12: Y | CZ12: =IF(_xlfn.XLOOKUP(B12,[2]累计数据!$C$193:$C$245,[2]累计数据!$C$193:$C$245,"N")=B12,"Y","N") -> Y | DA12: 0.02 | DB12: 0 | DC12: 0
A13: 12205 | B13: LYAP-X1800S-1L | C13: 46086 | D13: =IF(_xlfn.XLOOKUP(A13,[1]分配表!J:J,[1]分配表!M:M)=0,"未出单",_xlfn.XLOOKUP(A13,[1]分配表!J:J,[1]分配表!M:M)) -> 46089 | E13: =_xlfn.XLOOKUP(A13,[1]分配表!A:A,[1]分配表!C:C) -> 胡煜星 | F13: 车门系统 | G13: 原开品 | H13: 2 | I13: 9 | J13: 0 | K13: 7 | L13: 6 | M13: 1 | N13: 8 | O13: 15 | P13: 10 | Q13: =IFERROR(P13-O13,P13) -> -5 | R13: 44 | S13: 196 | T13: 0 | U13: 152 | V13: 132 | W13: 22 | X13: 176 | Y13: 330 | Z13: 220 | AA13: =IFERROR(Z13-Y13,Z13) -> -110 | AB13: 29 | AC13: 34 | AD13: 32 | AE13: 34 | AF13: 23 | AG13: 30 | AH13: 23 | AI13: 21 | AJ13: 20 | AK13: 0.064516129 | AL13: 0.2093 | AM13: 0 | AN13: 0.17073171 | AO13: 0.20689655 | AP13: 0.032258065 | AQ13: 0.2333 | AR13: 0.3824 | AS13: 0.3548 | AT13: 1 | AU13: 1 | AV13: 0 | AW13: 5 | AX13: 1 | AY13: 5 | AZ13: 1 | BA13: 8 | BB13: 0 | BC13: Y | BD13: Y | BE13: Y | BF13: Y | BG13: Y | BH13: Y | BI13: Y | BJ13: Y | BK13: Y | BL13: 正常 | BM13: 正常 | BN13: 正常 | BO13: 正常 | BP13: 正常 | BQ13: 正常 | BR13: 正常 | BS13: 异常 | BT13: 正常 | BU13: 正常 | BV13: 正常 | BW13: 正常 | BX13: 正常 | BY13: 正常 | BZ13: 正常 | CA13: 正常 | CB13: 正常 | CC13: 正常 | CD13: 未上架 | CE13: 竞争无优势 | CF13: 竞争无优势 | CG13: 竞争无优势 | CH13: 竞争无优势 | CI13: 竞争无优势 | CJ13: 竞争无优势 | CK13: 竞争无优势 | CL13: 竞争无优势 | CM13: 竞争无优势 | CN13: 未上架 | CO13: 无异常 | CP13: 无异常 | CQ13: 无异常 | CR13: 无异常 | CS13: 无异常 | CT13: 无异常 | CU13: 无异常 | CV13: 链接优化 | CW13: Y | CX13: Y | CY13: Y | CZ13: =IF(_xlfn.XLOOKUP(B13,[2]累计数据!$C$193:$C$245,[2]累计数据!$C$193:$C$245,"N")=B13,"Y","N") -> N | DA13: 0.07 | DB13: 0.07 | DC13: 0.05
A14: 12206 | B14: LYAP-X1800S-1R | C14: 46086 | D14: =IF(_xlfn.XLOOKUP(A14,[1]分配表!J:J,[1]分配表!M:M)=0,"未出单",_xlfn.XLOOKUP(A14,[1]分配表!J:J,[1]分配表!M:M)) -> 46094 | E14: =_xlfn.XLOOKUP(A14,[1]分配表!A:A,[1]分配表!C:C) -> 胡煜星 | F14: 车门系统 | G14: 原开品 | H14: 0 | I14: 2 | J14: 0 | K14: 0 | L14: 1 | M14: 1 | N14: 0 | O14: 2 | P14: 2 | Q14: =IFERROR(P14-O14,P14) -> 0 | R14: 0 | S14: 44 | T14: 0 | U14: 0 | V14: 22 | W14: 22 | X14: 0 | Y14: 44 | Z14: 44 | AA14: =IFERROR(Z14-Y14,Z14) -> 0 | AB14: 7 | AC14: 6 | AD14: 8 | AE14: 11 | AF14: 3 | AG14: 5 | AH14: 10 | AI14: 9 | AJ14: 6 | AK14: 0 | AL14: 0.25 | AM14: 0 | AN14: 0 | AO14: 0.25 | AP14: 0.16666667 | AQ14: 0 | AR14: 0.1818 | AS14: 0.25 | AT14: 1 | AU14: 1 | AV14: 0 | AW14: 8 | AX14: 0 | AY14: 6 | AZ14: 1 | BA14: 8 | BB14: 0 | BC14: 未出单 | BD14: Y | BE14: Y | BF14: Y | BG14: Y | BH14: Y | BI14: Y | BJ14: Y | BK14: Y | BL14: 正常 | BM14: 正常 | BN14: 正常 | BO14: 异常 | BP14: 正常 | BQ14: 正常 | BR14: 正常 | BS14: 异常 | BT14: 正常 | BU14: 正常 | BV14: 正常 | BW14: 正常 | BX14: 正常 | BY14: 正常 | BZ14: 正常 | CA14: 正常 | CB14: 正常 | CC14: 正常 | CD14: 未上架 | CE14: 竞争无优势 | CF14: 竞争无优势 | CG14: 竞争无优势 | CH14: 竞争无优势 | CI14: 竞争无优势 | CJ14: 竞争无优势 | CK14: 竞争无优势 | CL14: 竞争无优势 | CM14: 竞争无优势 | CN14: 未上架 | CO14: 无异常 | CP14: 无异常 | CQ14: 广告-PLG | CR14: 无异常 | CS14: 无异常 | CT14: 无异常 | CU14: 无异常 | CV14: 链接优化 | CW14: Y | CX14: Y | CY14: Y | CZ14: =IF(_xlfn.XLOOKUP(B14,[2]累计数据!$C$193:$C$245,[2]累计数据!$C$193:$C$245,"N")=B14,"Y","N") -> N | DA14: 0.07 | DB14: 0.05 | DC14: 0.04
A15: 11997 | B15: LYAM-X2896 | C15: 46091 | D15: =IF(_xlfn.XLOOKUP(A15,[1]分配表!J:J,[1]分配表!M:M)=0,"未出单",_xlfn.XLOOKUP(A15,[1]分配表!J:J,[1]分配表!M:M)) -> 46105 | E15: =_xlfn.XLOOKUP(A15,[1]分配表!A:A,[1]分配表!C:C) -> 张潇 | F15: 饰条 | G15: 原开品 | H15: 0 | I15: 0 | J15: 1 | K15: 0 | L15: 2 | M15: 2 | N15: 3 | O15: 0 | P15: 1 | Q15: =IFERROR(P15-O15,P15) -> 1 | R15: 0 | S15: 0 | T15: 139 | U15: 0 | V15: 278 | W15: 278 | X15: 410.05 | Y15: 0 | Z15: 139 | AA15: =IFERROR(Z15-Y15,Z15) -> 139 | AB15: 0 | AC15: 1 | AD15: 0 | AE15: 2 | AF15: 0 | AG15: 1 | AH15: 0 | AI15: 0 | AJ15: 0 | AK15: 市场无出单 | AL15: 0 | AM15: 1 | AN15: 0 | AO15: 1 | AP15: 0.66666667 | AQ15: 1 | AR15: 1 | AS15: 1 | AT15: 未分析 | AU15: 7 | AV15: 7 | AW15: 15 | AX15: 1 | AY15: 9 | AZ15: 2 | BA15: 9 | BB15: 16 | BC15: 未出单 | BD15: 未出单 | BE15: N | BF15: N | BG15: N | BH15: N | BI15: N | BJ15: N | BK15: N | BL15: 异常 | BM15: 正常 | BN15: 正常 | BO15: 异常 | BP15: 正常 | BQ15: 异常 | BR15: 正常 | BS15: 正常 | BT15: 正常 | BU15: 异常 | BV15: 正常 | BW15: 正常 | BX15: 正常 | BY15: 正常 | BZ15: 正常 | CA15: 正常 | CB15: 正常 | CC15: 正常 | CD15: 未上架 | CE15: 无市场 | CF15: 竞争无优势 | CG15: 无市场 | CH15: 正常 | CI15: 正常 | CJ15: 竞争无优势 | CK15: 正常 | CL15: 正常 | CM15: 正常 | CN15: 未上架 | CO15: 降价测试-市场无对手 | CP15: 未分析 | CQ15: 无调整 | CR15: 无异常 | CS15: 无异常 | CT15: 无调整 | CU15: 无异常 | CV15: 无异常 | CW15: N | CX15: N | CY15: N | CZ15: =IF(_xlfn.XLOOKUP(B15,[2]累计数据!$C$193:$C$245,[2]累计数据!$C$193:$C$245,"N")=B15,"Y","N") -> N | DA15: 0.02 | DB15: 0.02 | DC15: 0.02
A16: 12262 | B16: LYAP-X2170 | C16: 46091 | D16: =IF(_xlfn.XLOOKUP(A16,[1]分配表!J:J,[1]分配表!M:M)=0,"未出单",_xlfn.XLOOKUP(A16,[1]分配表!J:J,[1]分配表!M:M)) -> 46094 | E16: =_xlfn.XLOOKUP(A16,[1]分配表!A:A,[1]分配表!C:C) -> 张潇 | F16: 机盖及附件 | G16: 原开品 | H16: 0 | I16: 1 | J16: 1 | K16: 1 | L16: 2 | M16: 2 | N16: 0 | O16: 0 | P16: 1 | Q16: =IFERROR(P16-O16,P16) -> 1 | R16: 0 | S16: 142 | T16: 142 | U16: 142 | V16: 284 | W16: 284 | X16: 0 | Y16: 0 | Z16: 142 | AA16: =IFERROR(Z16-Y16,Z16) -> 142 | AB16: 0 | AC16: 1 | AD16: 0 | AE16: 0 | AF16: 1 | AG16: 0 | AH16: 0 | AI16: 0 | AJ16: 0 | AK16: 市场无出单 | AL16: 0.5 | AM16: 1 | AN16: 1 | AO16: 0.66666667 | AP16: 1 | AQ16: 1 | AR16: 市场无出单 | AS16: 市场无出单 | AT16: 未分析 | AU16: 7 | AV16: 14 | AW16: 3 | AX16: 9 | AY16: 5 | AZ16: 11 | BA16: 18 | BB16: 25 | BC16: 未出单 | BD16: Y | BE16: Y | BF16: Y | BG16: Y | BH16: Y | BI16: Y | BJ16: Y | BK16: Y | BL16: 异常 | BM16: 正常 | BN16: 异常 | BO16: 正常 | BP16: 异常 | BQ16: 正常 | BR16: 正常 | BS16: 正常 | BT16: 正常 | BU16: 异常 | BV16: 正常 | BW16: 正常 | BX16: 正常 | BY16: 正常 | BZ16: 正常 | CA16: 正常 | CB16: 正常 | CC16: 正常 | CD16: 未上架 | CE16: 无市场 | CF16: 竞争无优势 | CG16: 正常 | CH16: 正常 | CI16: 竞争无优势 | CJ16: 正常 | CK16: 正常 | CL16: 无市场 | CM16: 站外出单 | CN16: 未上架 | CO16: 无调整 | CP16: 无异常 | CQ16: 无异常 | CR16: 无异常 | CS16: 无调整 | CT16: 无异常 | CU16: 无异常 | CV16: 无异常 | CW16: N | CX16: N | CY16: N | CZ16: =IF(_xlfn.XLOOKUP(B16,[2]累计数据!$C$193:$C$245,[2]累计数据!$C$193:$C$245,"N")=B16,"Y","N") -> N | DA16: 0.02 | DB16: 0.02 | DC16: 0.02
A17: 12244 | B17: LYAP-X2190-L | C17: 46091 | D17: =IF(_xlfn.XLOOKUP(A17,[1]分配表!J:J,[1]分配表!M:M)=0,"未出单",_xlfn.XLOOKUP(A17,[1]分配表!J:J,[1]分配表!M:M)) -> 46101 | E17: =_xlfn.XLOOKUP(A17,[1]分配表!A:A,[1]分配表!C:C) -> 张潇 | F17: 饰条 | G17: 原开品 | H17: 0 | I17: 0 | J17: 1 | K17: 3 | L17: 2 | M17: 0 | N17: 1 | O17: 0 | P17: 0 | Q17: =IFERROR(P17-O17,P17) -> 0 | R17: 0 | S17: 0 | T17: 38 | U17: 114 | V17: 76 | W17: 0 | X17: 38 | Y17: 0 | Z17: 0 | AA17: =IFERROR(Z17-Y17,Z17) -> 0 | AB17: 0 | AC17: 0 | AD17: 1 | AE17: 0 | AF17: 0 | AG17: 0 | AH17: 1 | AI17: 0 | AJ17: 1 | AK17: 市场无出单 | AL17: 市场无出单 | AM17: 0.5 | AN17: 1 | AO17: 1 | AP17: 0 | AQ17: 0.5 | AR17: 市场无出单 | AS17: 0 | AT17: 未分析 | AU17: 7 | AV17: 7 | AW17: 15 | AX17: 0 | AY17: 8 | AZ17: 0 | BA17: 0 | BB17: 7 | BC17: 未出单 | BD17: 未出单 | BE17: N | BF17: N | BG17: N | BH17: N | BI17: N | BJ17: N | BK17: N | BL17: 异常 | BM17: 正常 | BN17: 正常 | BO17: 异常 | BP17: 正常 | BQ17: 正常 | BR17: 正常 | BS17: 正常 | BT17: 异常 | BU17: 异常 | BV17: 正常 | BW17: 正常 | BX17: 正常 | BY17: 正常 | BZ17: 正常 | CA17: 正常 | CB17: 正常 | CC17: 正常 | CD17: 未上架 | CE17: 无市场 | CF17: 无市场 | CG17: 竞争无优势 | CH17: 正常 | CI17: 正常 | CJ17: 正常 | CK17: 竞争无优势 | CL17: 无市场 | CM17: 竞争无优势 | CN17: 未上架 | CO17: 8日新品优化 | CP17: 未分析 | CQ17: 无调整 | CR17: 无异常 | CS17: 无异常 | CT17: 无异常 | CU17: 无异常 | CV17: 无异常 | CW17: Y | CX17: Y | CY17: Y | CZ17: =IF(_xlfn.XLOOKUP(B17,[2]累计数据!$C$193:$C$245,[2]累计数据!$C$193:$C$245,"N")=B17,"Y","N") -> Y | DA17: 0.02 | DB17: 0 | DC17: 0
A18: 12243 | B18: LYAP-X2190-R | C18: 46091 | D18: =IF(_xlfn.XLOOKUP(A18,[1]分配表!J:J,[1]分配表!M:M)=0,"未出单",_xlfn.XLOOKUP(A18,[1]分配表!J:J,[1]分配表!M:M)) -> 46106 | E18: =_xlfn.XLOOKUP(A18,[1]分配表!A:A,[1]分配表!C:C) -> 张潇 | F18: 饰条 | G18: 原开品 | H18: 0 | I18: 0 | J18: 1 | K18: 5 | L18: 0 | M18: 0 | N18: 1 | O18: 1 | P18: 1 | Q18: =IFERROR(P18-O18,P18) -> 0 | R18: 0 | S18: 0 | T18: 38 | U18: 190 | V18: 0 | W18: 0 | X18: 38 | Y18: 38 | Z18: 38 | AA18: =IFERROR(Z18-Y18,Z18) -> 0 | AB18: 0 | AC18: 3 | AD18: 1 | AE18: 0 | AF18: 2 | AG18: 2 | AH18: 1 | AI18: 2 | AJ18: 1 | AK18: 市场无出单 | AL18: 0 | AM18: 0.5 | AN18: 1 | AO18: 0 | AP18: 0 | AQ18: 0.5 | AR18: 0.3333 | AS18: 0.5 | AT18: 未分析 | AU18: 7 | AV18: 7 | AW18: 15 | AX18: 0 | AY18: 8 | AZ18: 14 | BA18: 0 | BB18: 7 | BC18: 未出单 | BD18: 未出单 | BE18: N | BF18: N | BG18: N | BH18: N | BI18: N | BJ18: N | BK18: N | BL18: 异常 | BM18: 正常 | BN18: 正常 | BO18: 异常 | BP18: 正常 | BQ18: 正常 | BR18: 异常 | BS18: 正常 | BT18: 异常 | BU18: 异常 | BV18: 正常 | BW18: 正常 | BX18: 正常 | BY18: 正常 | BZ18: 正常 | CA18: 正常 | CB18: 正常 | CC18: 正常 | CD18: 未上架 | CE18: 无市场 | CF18: 竞争无优势 | CG18: 竞争无优势 | CH18: 正常 | CI18: 竞争无优势 | CJ18: 无市场 | CK18: 竞争无优势 | CL18: 竞争无优势 | CM18: 竞争无优势 | CN18: 未上架 | CO18: 8日新品优化 | CP18: 未分析 | CQ18: 无调整 | CR18: 无异常 | CS18: 无异常 | CT18: 无异常 | CU18: 无调整 | CV18: 无异常 | CW18: Y | CX18: Y | CY18: Y | CZ18: =IF(_xlfn.XLOOKUP(B18,[2]累计数据!$C$193:$C$245,[2]累计数据!$C$193:$C$245,"N")=B18,"Y","N") -> Y | DA18: 0.02 | DB18: 0.02 | DC18: 0
A19: 12304 | B19: LYAP-X1642-GR | C19: 46092 | D19: =IF(_xlfn.XLOOKUP(A19,[1]分配表!J:J,[1]分配表!M:M)=0,"未出单",_xlfn.XLOOKUP(A19,[1]分配表!J:J,[1]分配表!M:M)) -> 46095 | E19: =_xlfn.XLOOKUP(A19,[1]分配表!A:A,[1]分配表!C:C) -> 俞东旭 | F19: 车门系统 | G19: 原开品 | H19: 0 | I19: 2 | J19: 3 | K19: 2 | L19: 2 | M19: 0 | N19: 0 | O19: 1 | P19: 0 | Q19: =IFERROR(P19-O19,P19) -> -1 | R19: 0 | S19: 998 | T19: 1497 | U19: 998 | V19: 998 | W19: 0 | X19: 0 | Y19: 499 | Z19: 0 | AA19: =IFERROR(Z19-Y19,Z19) -> -499 | AB19: 0 | AC19: 0 | AD19: 0 | AE19: 0 | AF19: 1 | AG19: 1 | AH19: 1 | AI19: 0 | AJ19: 1 | AK19: 市场无出单 | AL19: 1 | AM19: 1 | AN19: 1 | AO19: 0.66666667 | AP19: 0 | AQ19: 0 | AR19: 1 | AS19: 0 | AT19: 未上架 | AU19: 6 | AV19: 0 | AW19: 8 | AX19: 0 | AY19: 8 | AZ19: 5 | BA19: 12 | BB19: 19 | BC19: 未上架 | BD19: Y | BE19: Y | BF19: Y | BG19: Y | BH19: Y | BI19: Y | BJ19: Y | BK19: Y | BL19: 未上架 | BM19: 正常 | BN19: 正常 | BO19: 异常 | BP19: 正常 | BQ19: 异常 | BR19: 正常 | BS19: 正常 | BT19: 异常 | BU19: 未上架 | BV19: 异常 | BW19: 正常 | BX19: 正常 | BY19: 正常 | BZ19: 正常 | CA19: 正常 | CB19: 正常 | CC19: 正常 | CD19: 未上架 | CE19: 未上架 | CF19: 正常 | CG19: 正常 | CH19: 正常 | CI19: 竞争无优势 | CJ19: 竞争无优势 | CK19: 竞争无优势 | CL19: 正常 | CM19: 竞争无优势 | CN19: 未上架 | CO19: 未上架 | CP19: 无调整 | CQ19: 链接优化 | CR19: 无异常 | CS19: 无异常 | CT19: 链接优化 | CU19: 无异常 | CV19: 无异常 | CW19: N | CX19: N | CY19: N | CZ19: =IF(_xlfn.XLOOKUP(B19,[2]累计数据!$C$193:$C$245,[2]累计数据!$C$193:$C$245,"N")=B19,"Y","N") -> N | DA19: 0.02 | DB19: 0.02 | DC19: 0.02
A20: 12085 | B20: LYAP-X1911-BK | C20: 46092 | D20: =IF(_xlfn.XLOOKUP(A20,[1]分配表!J:J,[1]分配表!M:M)=0,"未出单",_xlfn.XLOOKUP(A20,[1]分配表!J:J,[1]分配表!M:M)) -> 46099 | E20: =_xlfn.XLOOKUP(A20,[1]分配表!A:A,[1]分配表!C:C) -> 张潇 | F20: 机盖及附件 | G20: 拓展品 | H20: 0 | I20: 1 | J20: 2 | K20: 2 | L20: 2 | M20: 6 | N20: 1 | O20: 1 | P20: 2 | Q20: =IFERROR(P20-O20,P20) -> 1 | R20: 0 | S20: 85 | T20: 170 | U20: 170 | V20: 170 | W20: 505.75 | X20: 85 | Y20: 85 | Z20: 170 | AA20: =IFERROR(Z20-Y20,Z20) -> 85 | AB20: 0 | AC20: 3 | AD20: 0 | AE20: 3 | AF20: 4 | AG20: 2 | AH20: 1 | AI20: 3 | AJ20: 1 | AK20: 市场无出单 | AL20: 0 | AM20: 1 | AN20: 0.4 | AO20: 0.33333333 | AP20: 0.75 | AQ20: 0.6667 | AR20: 0 | AS20: 0.6667 | AT20: 未上架 | AU20: 6 | AV20: 2 | AW20: 10 | AX20: 0 | AY20: 8 | AZ20: 5 | BA20: 12 | BB20: 1 | BC20: 未上架 | BD20: 未出单 | BE20: Y | BF20: Y | BG20: Y | BH20: Y | BI20: Y | BJ20: Y | BK20: Y | BL20: 未上架 | BM20: 正常 | BN20: 正常 | BO20: 异常 | BP20: 正常 | BQ20: 正常 | BR20: 正常 | BS20: 异常 | BT20: 正常 | BU20: 未上架 | BV20: 异常 | BW20: 正常 | BX20: 正常 | BY20: 正常 | BZ20: 正常 | CA20: 正常 | CB20: 正常 | CC20: 正常 | CD20: 未上架 | CE20: 未上架 | CF20: 竞争无优势 | CG20: 竞争无优势 | CH20: 竞争无优势 | CI20: 竞争无优势 | CJ20: 正常 | CK20: 竞争无优势 | CL20: 竞争无优势 | CM20: 竞争无优势 | CN20: 未上架 | CO20: 未上架 | CP20: 广告-PLP | CQ20: 无调整 | CR20: 无异常 | CS20: 无异常 | CT20: 无异常 | CU20: 无异常 | CV20: 无调整 | CW20: N | CX20: N | CY20: N | CZ20: =IF(_xlfn.XLOOKUP(B20,[2]累计数据!$C$193:$C$245,[2]累计数据!$C$193:$C$245,"N")=B20,"Y","N") -> N | DA20: 0.02 | DB20: 0.02 | DC20: 0.02
A21: 12086 | B21: LYAP-X1911-C | C21: 46092 | D21: =IF(_xlfn.XLOOKUP(A21,[1]分配表!J:J,[1]分配表!M:M)=0,"未出单",_xlfn.XLOOKUP(A21,[1]分配表!J:J,[1]分配表!M:M)) -> 46100 | E21: =_xlfn.XLOOKUP(A21,[1]分配表!A:A,[1]分配表!C:C) -> 张潇 | F21: 机盖及附件 | G21: 原开品 | H21: 0 | I21: 0 | J21: 2 | K21: 4 | L21: 2 | M21: 2 | N21: 3 | O21: 8 | P21: 3 | Q21: =IFERROR(P21-O21,P21) -> -5 | R21: 0 | S21: 0 | T21: 150 | U21: 300 | V21: 146.25 | W21: 150 | X21: 225 | Y21: 600 | Z21: 225 | AA21: =IFERROR(Z21-Y21,Z21) -> -375 | AB21: 0 | AC21: 3 | AD21: 7 | AE21: 5 | AF21: 5 | AG21: 5 | AH21: 6 | AI21: 4 | AJ21: 1 | AK21: 市场无出单 | AL21: 0 | AM21: 0.22222222 | AN21: 0.44444444 | AO21: 0.28571429 | AP21: 0.28571429 | AQ21: 0.25 | AR21: 0.6364 | AS21: 0.75 | AT21: 未上架 | AU21: 6 | AV21: 2 | AW21: 10 | AX21: 0 | AY21: 8 | AZ21: 2 | BA21: 9 | BB21: 1 | BC21: 未上架 | BD21: 未出单 | BE21: Y | BF21: Y | BG21: Y | BH21: Y | BI21: Y | BJ21: Y | BK21: Y | BL21: 未上架 | BM21: 正常 | BN21: 正常 | BO21: 异常 | BP21: 正常 | BQ21: 异常 | BR21: 正常 | BS21: 异常 | BT21: 正常 | BU21: 未上架 | BV21: 异常 | BW21: 正常 | BX21: 正常 | BY21: 正常 | BZ21: 正常 | CA21: 正常 | CB21: 正常 | CC21: 正常 | CD21: 未上架 | CE21: 未上架 | CF21: 竞争无优势 | CG21: 竞争无优势 | CH21: 竞争无优势 | CI21: 竞争无优势 | CJ21: 竞争无优势 | CK21: 竞争无优势 | CL21: 竞争无优势 | CM21: 正常 | CN21: 未上架 | CO21: 未上架 | CP21: 链接优化 | CQ21: 广告-PLP | CR21: 无异常 | CS21: 无异常 | CT21: 链接优化 | CU21: 无异常 | CV21: 无调整 | CW21: N | CX21: N | CY21: N | CZ21: =IF(_xlfn.XLOOKUP(B21,[2]累计数据!$C$193:$C$245,[2]累计数据!$C$193:$C$245,"N")=B21,"Y","N") -> N | DA21: 0.02 | DB21: 0.02 | DC21: 0.02
A22: 12258 | B22: LYAP-X1927 | C22: 46092 | D22: =IF(_xlfn.XLOOKUP(A22,[1]分配表!J:J,[1]分配表!M:M)=0,"未出单",_xlfn.XLOOKUP(A22,[1]分配表!J:J,[1]分配表!M:M)) -> 46099 | E22: =_xlfn.XLOOKUP(A22,[1]分配表!A:A,[1]分配表!C:C) -> 张潇 | F22: 机盖及附件 | G22: 原开品 | H22: 0 | I22: 1 | J22: 7 | K22: 3 | L22: 8 | M22: 8 | N22: 7 | O22: 7 | P22: 13 | Q22: =IFERROR(P22-O22,P22) -> 6 | R22: 0 | S22: 28 | T22: 196 | U22: 84 | V22: 224 | W22: 224 | X22: 196 | Y22: 196 | Z22: 364 | AA22: =IFERROR(Z22-Y22,Z22) -> 168 | AB22: 0 | AC22: 14 | AD22: 12 | AE22: 12 | AF22: 13 | AG22: 17 | AH22: 16 | AI22: 19 | AJ22: 17 | AK22: 市场无出单 | AL22: 0 | AM22: 0.36842105 | AN22: 0.2 | AO22: 0.38095238 | AP22: 0.32 | AQ22: 0.2727 | AR22: 0.24 | AS22: 0.3462 | AT22: 未上架 | AU22: 6 | AV22: 2 | AW22: 10 | AX22: 0 | AY22: 8 | AZ22: 2 | BA22: 9 | BB22: 0 | BC22: 未上架 | BD22: Y | BE22: Y | BF22: Y | BG22: Y | BH22: Y | BI22: Y | BJ22: Y | BK22: Y | BL22: 未上架 | BM22: 正常 | BN22: 正常 | BO22: 异常 | BP22: 正常 | BQ22: 异常 | BR22: 正常 | BS22: 异常 | BT22: 正常 | BU22: 未上架 | BV22: 异常 | BW22: 正常 | BX22: 正常 | BY22: 正常 | BZ22: 正常 | CA22: 正常 | CB22: 正常 | CC22: 正常 | CD22: 未上架 | CE22: 未上架 | CF22: 竞争无优势 | CG22: 竞争无优势 | CH22: 竞争无优势 | CI22: 竞争无优势 | CJ22: 竞争无优势 | CK22: 竞争无优势 | CL22: 竞争无优势 | CM22: 竞争无优势 | CN22: 未上架 | CO22: 未上架 | CP22: 无调整 | CQ22: 无调整 | CR22: 无异常 | CS22: 无异常 | CT22: 无调整 | CU22: 无异常 | CV22: 链接优化 | CW22: N | CX22: N | CY22: N | CZ22: =IF(_xlfn.XLOOKUP(B22,[2]累计数据!$C$193:$C$245,[2]累计数据!$C$193:$C$245,"N")=B22,"Y","N") -> N | DA22: 0.02 | DB22: 0.02 | DC22: 0.02
A23: 12210 | B23: LYAP-X1934 | C23: 46092 | D23: =IF(_xlfn.XLOOKUP(A23,[1]分配表!J:J,[1]分配表!M:M)=0,"未出单",_xlfn.XLOOKUP(A23,[1]分配表!J:J,[1]分配表!M:M)) -> 46104 | E23: =_xlfn.XLOOKUP(A23,[1]分配表!A:A,[1]分配表!C:C) -> 张潇 | F23: 饰条 | G23: 原开品 | H23: 0 | I23: 0 | J23: 1 | K23: 3 | L23: 17 | M23: 5 | N23: 4 | O23: 2 | P23: 6 | Q23: =IFERROR(P23-O23,P23) -> 4 | R23: 0 | S23: 0 | T23: 12 | U23: 36 | V23: 204 | W23: 60 | X23: 47.59 | Y23: 23.08 | Z23: 69.04 | AA23: =IFERROR(Z23-Y23,Z23) -> 45.96 | AB23: 0 | AC23: 39 | AD23: 28 | AE23: 40 | AF23: 23 | AG23: 24 | AH23: 25 | AI23: 26 | AJ23: 20 | AK23: 市场无出单 | AL23: 0 | AM23: 0.034482759 | AN23: 0.069767442 | AO23: 0.425 | AP23: 0.17241379 | AQ23: 0.1667 | AR23: 0.0714 | AS23: 0.1667 | AT23: 未上架 | AU23: 6 | AV23: 2 | AW23: 10 | AX23: 0 | AY23: 3 | AZ23: 5 | BA23: 12 | BB23: 0 | BC23: 未上架 | BD23: 未出单 | BE23: N | BF23: N | BG23: N | BH23: N | BI23: N | BJ23: N | BK23: N | BL23: 未上架 | BM23: 正常 | BN23: 正常 | BO23: 异常 | BP23: 正常 | BQ23: 正常 | BR23: 正常 | BS23: 异常 | BT23: 正常 | BU23: 未上架 | BV23: 异常 | BW23: 正常 | BX23: 正常 | BY23: 正常 | BZ23: 正常 | CA23: 正常 | CB23: 正常 | CC23: 正常 | CD23: 未上架 | CE23: 未上架 | CF23: 竞争无优势 | CG23: 竞争无优势 | CH23: 竞争无优势 | CI23: 竞争无优势 | CJ23: 竞争无优势 | CK23: 竞争无优势 | CL23: 竞争无优势 | CM23: 竞争无优势 | CN23: 未上架 | CO23: 未上架 | CP23: 广告-PLP | CQ23: 无调整 | CR23: 无异常 | CS23: 无异常 | CT23: 无异常 | CU23: 无异常 | CV23: 链接优化 | CW23: Y | CX23: Y | CY23: Y | CZ23: =IF(_xlfn.XLOOKUP(B23,[2]累计数据!$C$193:$C$245,[2]累计数据!$C$193:$C$245,"N")=B23,"Y","N") -> N | DA23: 0.02 | DB23: 0 | DC23: 0
A24: 12250 | B24: LYAP-X2148-1L | C24: 46092 | D24: =IF(_xlfn.XLOOKUP(A24,[1]分配表!J:J,[1]分配表!M:M)=0,"未出单",_xlfn.XLOOKUP(A24,[1]分配表!J:J,[1]分配表!M:M)) -> 46096 | E24: =_xlfn.XLOOKUP(A24,[1]分配表!A:A,[1]分配表!C:C) -> 王偲涵 | F24: 饰条 | G24: 拓展品 | H24: 0 | I24: 1 | J24: 0 | K24: 1 | L24: 1 | M24: 0 | N24: 0 | O24: 0 | P24: 2 | Q24: =IFERROR(P24-O24,P24) -> 2 | R24: 0 | S24: 39 | T24: 0 | U24: 39 | V24: 39 | W24: 0 | X24: 0 | Y24: 0 | Z24: 78 | AA24: =IFERROR(Z24-Y24,Z24) -> 78 | AB24: 0 | AC24: 1 | AD24: 2 | AE24: 0 | AF24: 1 | AG24: 0 | AH24: 0 | AI24: 0 | AJ24: 2 | AK24: 市场无出单 | AL24: 0.5 | AM24: 0 | AN24: 1 | AO24: 0.5 | AP24: 0 | AQ24: 市场无出单 | AR24: 市场无出单 | AS24: 0.5 | AT24: 未上架 | AU24: 7 | AV24: 14 | AW24: 22 | AX24: 28 | AY24: 7 | AZ24: 5 | BA24: 0 | BB24: 0 | BC24: 未上架 | BD24: Y | BE24: Y | BF24: Y | BG24: Y | BH24: Y | BI24: Y | BJ24: Y | BK24: Y | BL24: 未上架 | BM24: 正常 | BN24: 异常 | BO24: 异常 | BP24: 异常 | BQ24: 正常 | BR24: 正常 | BS24: 正常 | BT24: 正常 | BU24: 未上架 | BV24: 异常 | BW24: 正常 | BX24: 正常 | BY24: 正常 | BZ24: 正常 | CA24: 正常 | CB24: 正常 | CC24: 正常 | CD24: 未上架 | CE24: 未上架 | CF24: 竞争无优势 | CG24: 竞争无优势 | CH24: 无市场 | CI24: 竞争无优势 | CJ24: 无市场 | CK24: 无市场 | CL24: 站外出单 | CM24: 竞争无优势 | CN24: 未上架 | CO24: 未上架 | CP24: 未分析 | CQ24: 广告-PLP | CR24: 广告-PLP | CS24: 广告-PLP | CT24: 无异常 | CU24: 无异常 | CV24: 无异常 | CW24: Y | CX24: Y | CY24: Y | CZ24: =IF(_xlfn.XLOOKUP(B24,[2]累计数据!$C$193:$C$245,[2]累计数据!$C$193:$C$245,"N")=B24,"Y","N") -> Y | DA24: 0.02 | DB24: 0 | DC24: 0
A25: 12251 | B25: LYAP-X2148-1R | C25: 46092 | D25: =IF(_xlfn.XLOOKUP(A25,[1]分配表!J:J,[1]分配表!M:M)=0,"未出单",_xlfn.XLOOKUP(A25,[1]分配表!J:J,[1]分配表!M:M)) -> 46112 | E25: =_xlfn.XLOOKUP(A25,[1]分配表!A:A,[1]分配表!C:C) -> 王偲涵 | F25: 饰条 | G25: 拓展品 | H25: 0 | I25: 0 | J25: 0 | K25: 1 | L25: 0 | M25: 2 | N25: 0 | O25: 0 | P25: 0 | Q25: =IFERROR(P25-O25,P25) -> 0 | R25: 0 | S25: 0 | T25: 0 | U25: 39 | V25: 0 | W25: 78 | X25: 0 | Y25: 0 | Z25: 0 | AA25: =IFERROR(Z25-Y25,Z25) -> 0 | AB25: 0 | AC25: 1 | AD25: 1 | AE25: 2 | AF25: 0 | AG25: 1 | AH25: 0 | AI25: 0 | AJ25: 0 | AK25: 市场无出单 | AL25: 0 | AM25: 0 | AN25: 0.33333333 | AO25: 0 | AP25: 0.66666667 | AQ25: 1 | AR25: 市场无出单 | AS25: 市场无出单 | AT25: 未上架 | AU25: 7 | AV25: 14 | AW25: 22 | AX25: 28 | AY25: 7 | AZ25: 5 | BA25: 4 | BB25: 0 | BC25: 未上架 | BD25: 未出单 | BE25: 未出单 | BF25: N | BG25: N | BH25: N | BI25: N | BJ25: N | BK25: N | BL25: 未上架 | BM25: 正常 | BN25: 异常 | BO25: 异常 | BP25: 异常 | BQ25: 正常 | BR25: 正常 | BS25: 正常 | BT25: 正常 | BU25: 未上架 | BV25: 异常 | BW25: 正常 | BX25: 正常 | BY25: 正常 | BZ25: 正常 | CA25: 正常 | CB25: 正常 | CC25: 正常 | CD25: 未上架 | CE25: 未上架 | CF25: 竞争无优势 | CG25: 竞争无优势 | CH25: 竞争无优势 | CI25: 无市场 | CJ25: 无市场 | CK25: 正常 | CL25: 站外出单 | CM25: 无市场 | CN25: 未上架 | CO25: 未上架 | CP25: 未分析 | CQ25: 广告-PLP | CR25: 广告-PLP | CS25: 广告-PLP | CT25: 无异常 | CU25: 无异常 | CV25: 无异常 | CW25: Y | CX25: Y | CY25: Y | CZ25: =IF(_xlfn.XLOOKUP(B25,[2]累计数据!$C$193:$C$245,[2]累计数据!$C$193:$C$245,"N")=B25,"Y","N") -> Y | DA25: 0.02 | DB25: 0.02 | DC25: 0.02
A26: 12332 | B26: LYAP-X2289 | C26: 46092 | D26: =IF(_xlfn.XLOOKUP(A26,[1]分配表!J:J,[1]分配表!M:M)=0,"未出单",_xlfn.XLOOKUP(A26,[1]分配表!J:J,[1]分配表!M:M)) -> 46095 | E26: =_xlfn.XLOOKUP(A26,[1]分配表!A:A,[1]分配表!C:C) -> 张潇 | F26: 饰条 | G26: 原开品 | H26: 0 | I26: 3 | J26: 6 | K26: 5 | L26: 5 | M26: 5 | N26: 5 | O26: 3 | P26: 2 | Q26: =IFERROR(P26-O26,P26) -> -1 | R26: 0 | S26: 327 | T26: 654 | U26: 545 | V26: 570 | W26: 570 | X26: 570 | Y26: 342 | Z26: 228 | AA26: =IFERROR(Z26-Y26,Z26) -> -114 | AB26: 0 | AC26: 2 | AD26: 1 | AE26: 0 | AF26: 0 | AG26: 1 | AH26: 2 | AI26: 1 | AJ26: 3 | AK26: 市场无出单 | AL26: 0.3333 | AM26: 0.85714286 | AN26: 1 | AO26: 1 | AP26: 0.83333333 | AQ26: 0.7143 | AR26: 0.8 | AS26: 0.5 | AT26: 未上架 | AU26: 7 | AV26: 14 | AW26: 22 | AX26: 0 | AY26: 8 | AZ26: 14 | BA26: 2 | BB26: 9 | BC26: 未上架 | BD26: Y | BE26: Y | BF26: Y | BG26: Y | BH26: Y | BI26: Y | BJ26: Y | BK26: Y | BL26: 未上架 | BM26: 正常 | BN26: 异常 | BO26: 异常 | BP26: 正常 | BQ26: 正常 | BR26: 异常 | BS26: 正常 | BT26: 异常 | BU26: 未上架 | BV26: 异常 | BW26: 正常 | BX26: 正常 | BY26: 正常 | BZ26: 正常 | CA26: 正常 | CB26: 正常 | CC26: 正常 | CD26: 未上架 | CE26: 未上架 | CF26: 站内无价格优势 | CG26: 正常 | CH26: 正常 | CI26: 正常 | CJ26: 正常 | CK26: 正常 | CL26: 正常 | CM26: 竞争无优势 | CN26: 未上架 | CO26: 未上架 | CP26: 未分析 | CQ26: 无调整 | CR26: 无异常 | CS26: 无异常 | CT26: 无异常 | CU26: 无调整 | CV26: 无异常 | CW26: Y | CX26: Y | CY26: Y | CZ26: =IF(_xlfn.XLOOKUP(B26,[2]累计数据!$C$193:$C$245,[2]累计数据!$C$193:$C$245,"N")=B26,"Y","N") -> N | DA26: 0.02 | DB26: 0.02 | DC26: 0
A27: 12227 | B27: LYAP-X2418 | C27: 46092 | D27: =IF(_xlfn.XLOOKUP(A27,[1]分配表!J:J,[1]分配表!M:M)=0,"未出单",_xlfn.XLOOKUP(A27,[1]分配表!J:J,[1]分配表!M:M)) -> 46097 | E27: =_xlfn.XLOOKUP(A27,[1]分配表!A:A,[1]分配表!C:C) -> 章鹏 | F27: 其他 | G27: 原开品 | H27: 0 | I27: 2 | J27: 4 | K27: 2 | L27: 3 | M27: 1 | N27: 4 | O27: 3 | P27: 5 | Q27: =IFERROR(P27-O27,P27) -> 2 | R27: 0 | S27: 138 | T27: 276 | U27: 138 | V27: 207 | W27: 69 | X27: 276 | Y27: 197 | Z27: 345 | AA27: =IFERROR(Z27-Y27,Z27) -> 148 | AB27: 0 | AC27: 4 | AD27: 0 | AE27: 0 | AF27: 1 | AG27: 1 | AH27: 3 | AI27: 1 | AJ27: 0 | AK27: 市场无出单 | AL27: 0.3333 | AM27: 1 | AN27: 1 | AO27: 0.75 | AP27: 0.5 | AQ27: 0.5 | AR27: 0.6667 | AS27: 1 | AT27: 未上架 | AU27: 6 | AV27: 2 | AW27: 10 | AX27: 5 | AY27: 13 | AZ27: 19 | BA27: 6 | BB27: 13 | BC27: 未上架 | BD27: Y | BE27: Y | BF27: Y | BG27: Y | BH27: Y | BI27: Y | BJ27: Y | BK27: Y | BL27: 未上架 | BM27: 正常 | BN27: 正常 | BO27: 异常 | BP27: 正常 | BQ27: 正常 | BR27: 异常 | BS27: 正常 | BT27: 正常 | BU27: 未上架 | BV27: 异常 | BW27: 正常 | BX27: 正常 | BY27: 正常 | BZ27: 正常 | CA27: 正常 | CB27: 正常 | CC27: 正常 | CD27: 未上架 | CE27: 未上架 | CF27: 竞争无优势 | CG27: 正常 | CH27: 正常 | CI27: 正常 | CJ27: 正常 | CK27: 竞争无优势 | CL27: 竞争无优势 | CM27: 正常 | CN27: 未上架 | CO27: 未上架 | CP27: 无调整 | CQ27: 链接优化 | CR27: 无异常 | CS27: 无异常 | CT27: 无异常 | CU27: 无调整 | CV27: 无异常 | CW27: N | CX27: N | CY27: N | CZ27: =IF(_xlfn.XLOOKUP(B27,[2]累计数据!$C$193:$C$245,[2]累计数据!$C$193:$C$245,"N")=B27,"Y","N") -> N | DA27: 0.02 | DB27: 0.02 | DC27: 0.02
A28: 12309 | B28: MD-002-FL | C28: 46092 | D28: =IF(_xlfn.XLOOKUP(A28,[1]分配表!J:J,[1]分配表!M:M)=0,"未出单",_xlfn.XLOOKUP(A28,[1]分配表!J:J,[1]分配表!M:M)) -> 46101 | E28: =_xlfn.XLOOKUP(A28,[1]分配表!A:A,[1]分配表!C:C) -> 俞东旭 | F28: 车门系统 | G28: 原开品 | H28: 0 | I28: 0 | J28: 2 | K28: 2 | L28: 1 | M28: 0 | N28: 0 | O28: 1 | P28: 0 | Q28: =IFERROR(P28-O28,P28) -> -1 | R28: 0 | S28: 0 | T28: 960 | U28: 960 | V28: 480 | W28: 0 | X28: 0 | Y28: 480 | Z28: 0 | AA28: =IFERROR(Z28-Y28,Z28) -> -480 | AB28: 0 | AC28: 3 | AD28: 2 | AE28: 0 | AF28: 1 | AG28: 1 | AH28: 1 | AI28: 1 | AJ28: 1 | AK28: 市场无出单 | AL28: 0 | AM28: 0.5 | AN28: 1 | AO28: 0.5 | AP28: 0 | AQ28: 0 | AR28: 0.5 | AS28: 0 | AT28: 未上架 | AU28: 6 | AV28: 0 | AW28: 8 | AX28: 0 | AY28: 8 | AZ28: 14 | BA28: 0 | BB28: 1 | BC28: 未上架 | BD28: 未出单 | BE28: N | BF28: N | BG28: N | BH28: N | BI28: N | BJ28: N | BK28: N | BL28: 未上架 | BM28: 正常 | BN28: 正常 | BO28: 异常 | BP28: 正常 | BQ28: 正常 | BR28: 异常 | BS28: 正常 | BT28: 正常 | BU28: 未上架 | BV28: 异常 | BW28: 正常 | BX28: 正常 | BY28: 正常 | BZ28: 正常 | CA28: 正常 | CB28: 正常 | CC28: 正常 | CD28: 未上架 | CE28: 未上架 | CF28: 竞争无优势 | CG28: 竞争无优势 | CH28: 正常 | CI28: 竞争无优势 | CJ28: 无市场 | CK28: 竞争无优势 | CL28: 竞争无优势 | CM28: 竞争无优势 | CN28: 未上架 | CO28: 未上架 | CP28: 无调整 | CQ28: 无调整 | CR28: 无异常 | CS28: 无异常 | CT28: 无异常 | CU28: 无调整 | CV28: 无异常 | CW28: N | CX28: N | CY28: N | CZ28: =IF(_xlfn.XLOOKUP(B28,[2]累计数据!$C$193:$C$245,[2]累计数据!$C$193:$C$245,"N")=B28,"Y","N") -> N | DA28: 0.02 | DB28: 0.02 | DC28: 0.02
A29: 12310 | B29: MD-002-FR | C29: 46092 | D29: =IF(_xlfn.XLOOKUP(A29,[1]分配表!J:J,[1]分配表!M:M)=0,"未出单",_xlfn.XLOOKUP(A29,[1]分配表!J:J,[1]分配表!M:M)) -> 46096 | E29: =_xlfn.XLOOKUP(A29,[1]分配表!A:A,[1]分配表!C:C) -> 俞东旭 | F29: 车门系统 | G29: 原开品 | H29: 0 | I29: 2 | J29: 0 | K29: 3 | L29: 1 | M29: 2 | N29: 1 | O29: 2 | P29: 1 | Q29: =IFERROR(P29-O29,P29) -> -1 | R29: 0 | S29: 960 | T29: 0 | U29: 1440 | V29: 480 | W29: 960 | X29: 485 | Y29: 969 | Z29: 483 | AA29: =IFERROR(Z29-Y29,Z29) -> -486 | AB29: 0 | AC29: 1 | AD29: 1 | AE29: 2 | AF29: 0 | AG29: 2 | AH29: 0 | AI29: 0 | AJ29: 4 | AK29: 市场无出单 | AL29: 0.6667 | AM29: 0 | AN29: 0.6 | AO29: 1 | AP29: 0.5 | AQ29: 1 | AR29: 1 | AS29: 0.3333 | AT29: 未上架 | AU29: 6 | AV29: 0 | AW29: 5 | AX29: 11 | AY29: 1 | AZ29: 2 | BA29: 9 | BB29: 16 | BC29: 未上架 | BD29: Y | BE29: Y | BF29: Y | BG29: Y | BH29: Y | BI29: Y | BJ29: Y | BK29: Y | BL29: 未上架 | BM29: 正常 | BN29: 正常 | BO29: 正常 | BP29: 异常 | BQ29: 正常 | BR29: 正常 | BS29: 正常 | BT29: 异常 | BU29: 未上架 | BV29: 异常 | BW29: 正常 | BX29: 正常 | BY29: 正常 | BZ29: 正常 | CA29: 正常 | CB29: 正常 | CC29: 正常 | CD29: 未上架 | CE29: 未上架 | CF29: 竞争无优势 | CG29: 竞争无优势 | CH29: 正常 | CI29: 正常 | CJ29: 正常 | CK29: 正常 | CL29: 正常 | CM29: 竞争无优势 | CN29: 未上架 | CO29: 未上架 | CP29: 无调整 | CQ29: 无异常 | CR29: 无异常 | CS29: 链接优化 | CT29: 无异常 | CU29: 无异常 | CV29: 无异常 | CW29: N | CX29: N | CY29: N | CZ29: =IF(_xlfn.XLOOKUP(B29,[2]累计数据!$C$193:$C$245,[2]累计数据!$C$193:$C$245,"N")=B29,"Y","N") -> N | DA29: 0.025 | DB29: 0.02 | DC29: 0.02
A30: 12311 | B30: MD-002-RL | C30: 46092 | D30: =IF(_xlfn.XLOOKUP(A30,[1]分配表!J:J,[1]分配表!M:M)=0,"未出单",_xlfn.XLOOKUP(A30,[1]分配表!J:J,[1]分配表!M:M)) -> 46102 | E30: =_xlfn.XLOOKUP(A30,[1]分配表!A:A,[1]分配表!C:C) -> 俞东旭 | F30: 车门系统 | G30: 原开品 | H30: 0 | I30: 0 | J30: 1 | K30: 0 | L30: 1 | M30: 1 | N30: 0 | O30: 0 | P30: 0 | Q30: =IFERROR(P30-O30,P30) -> 0 | R30: 0 | S30: 0 | T30: 480 | U30: 0 | V30: 480 | W30: 480 | X30: 0 | Y30: 0 | Z30: 0 | AA30: =IFERROR(Z30-Y30,Z30) -> 0 | AB30: 0 | AC30: 1 | AD30: 3 | AE30: 1 | AF30: 0 | AG30: 2 | AH30: 2 | AI30: 1 | AJ30: 2 | AK30: 市场无出单 | AL30: 0 | AM30: 0.25 | AN30: 0 | AO30: 1 | AP30: 0.33333333 | AQ30: 0.3333 | AR30: 0 | AS30: 0 | AT30: 未上架 | AU30: 6 | AV30: 0 | AW30: 8 | AX30: 0 | AY30: 6 | AZ30: 12 | BA30: 0 | BB30: 1 | BC30: 未上架 | BD30: 未出单 | BE30: N | BF30: N | BG30: N | BH30: N | BI30: N | BJ30: N | BK30: N | BL30: 未上架 | BM30: 正常 | BN30: 正常 | BO30: 异常 | BP30: 正常 | BQ30: 正常 | BR30: 异常 | BS30: 正常 | BT30: 正常 | BU30: 未上架 | BV30: 异常 | BW30: 正常 | BX30: 正常 | BY30: 正常 | BZ30: 正常 | CA30: 正常 | CB30: 正常 | CC30: 正常 | CD30: 未上架 | CE30: 未上架 | CF30: 竞争无优势 | CG30: 竞争无优势 | CH30: 竞争无优势 | CI30: 正常 | CJ30: 竞争无优势 | CK30: 竞争无优势 | CL30: 竞争无优势 | CM30: 竞争无优势 | CN30: 未上架 | CO30: 未上架 | CP30: 无调整 | CQ30: 无调整 | CR30: 无异常 | CS30: 无异常 | CT30: 无异常 | CU30: 无调整 | CV30: 无异常 | CW30: N | CX30: N | CY30: N | CZ30: =IF(_xlfn.XLOOKUP(B30,[2]累计数据!$C$193:$C$245,[2]累计数据!$C$193:$C$245,"N")=B30,"Y","N") -> N | DA30: 0.02 | DB30: 0.02 | DC30: 0.02
A31: 12312 | B31: MD-002-RR | C31: 46092 | D31: =IF(_xlfn.XLOOKUP(A31,[1]分配表!J:J,[1]分配表!M:M)=0,"未出单",_xlfn.XLOOKUP(A31,[1]分配表!J:J,[1]分配表!M:M)) -> 46096 | E31: =_xlfn.XLOOKUP(A31,[1]分配表!A:A,[1]分配表!C:C) -> 俞东旭 | F31: 车门系统 | G31: 原开品 | H31: 0 | I31: 2 | J31: 0 | K31: 3 | L31: 0 | M31: 0 | N31: 0 | O31: 2 | P31: 1 | Q31: =IFERROR(P31-O31,P31) -> -1 | R31: 0 | S31: 960 | T31: 0 | U31: 1440 | V31: 0 | W31: 0 | X31: 0 | Y31: 956 | Z31: 478 | AA31: =IFERROR(Z31-Y31,Z31) -> -478 | AB31: 0 | AC31: 3 | AD31: 3 | AE31: 0 | AF31: 1 | AG31: 4 | AH31: 2 | AI31: 2 | AJ31: 4 | AK31: 市场无出单 | AL31: 0.4 | AM31: 0 | AN31: 1 | AO31: 0 | AP31: 0 | AQ31: 0 | AR31: 0.3333 | AS31: 0.3333 | AT31: 未上架 | AU31: 6 | AV31: 0 | AW31: 5 | AX31: 11 | AY31: 1 | AZ31: 5 | BA31: 4 | BB31: 1 | BC31: 未上架 | BD31: Y | BE31: Y | BF31: Y | BG31: Y | BH31: Y | BI31: Y | BJ31: Y | BK31: Y | BL31: 未上架 | BM31: 正常 | BN31: 正常 | BO31: 正常 | BP31: 异常 | BQ31: 正常 | BR31: 正常 | BS31: 正常 | BT31: 正常 | BU31: 未上架 | BV31: 异常 | BW31: 正常 | BX31: 正常 | BY31: 正常 | BZ31: 正常 | CA31: 正常 | CB31: 正常 | CC31: 正常 | CD31: 未上架 | CE31: 未上架 | CF31: 站内无价格优势 | CG31: 竞争无优势 | CH31: 竞争无优势 | CI31: 竞争无优势 | CJ31: 竞争无优势 | CK31: 竞争无优势 | CL31: 竞争无优势 | CM31: 竞争无优势 | CN31: 未上架 | CO31: 未上架 | CP31: 无调整 | CQ31: 无异常 | CR31: 无异常 | CS31: 广告-PLP | CT31: 无异常 | CU31: 无异常 | CV31: 无异常 | CW31: Y | CX31: Y | CY31: Y | CZ31: =IF(_xlfn.XLOOKUP(B31,[2]累计数据!$C$193:$C$245,[2]累计数据!$C$193:$C$245,"N")=B31,"Y","N") -> Y | DA31: 0.025 | DB31: 0 | DC31: 0
A32: 12441 | B32: LYAM-X2862 | C32: 46093 | D32: =IF(_xlfn.XLOOKUP(A32,[1]分配表!J:J,[1]分配表!M:M)=0,"未出单",_xlfn.XLOOKUP(A32,[1]分配表!J:J,[1]分配表!M:M)) -> 46100 | E32: =_xlfn.XLOOKUP(A32,[1]分配表!A:A,[1]分配表!C:C) -> 张潇 | F32: 机盖及附件 | G32: 原开品 | H32: 0 | I32: 0 | J32: 3 | K32: 2 | L32: 1 | M32: 4 | N32: 0 | O32: 1 | P32: 2 | Q32: =IFERROR(P32-O32,P32) -> 1 | R32: 0 | S32: 0 | T32: 417 | U32: 278 | V32: 143 | W32: 556 | X32: 0 | Y32: 139 | Z32: 278 | AA32: =IFERROR(Z32-Y32,Z32) -> 139 | AB32: 0 | AC32: 1 | AD32: 1 | AE32: 1 | AF32: 2 | AG32: 0 | AH32: 0 | AI32: 0 | AJ32: 1 | AK32: 市场无出单 | AL32: 0 | AM32: 0.75 | AN32: 0.66666667 | AO32: 0.33333333 | AP32: 1 | AQ32: 1 | AR32: 1 | AS32: 0.5 | AT32: 未上架 | AU32: 5 | AV32: 0 | AW32: 8 | AX32: 0 | AY32: 6 | AZ32: 12 | BA32: 19 | BB32: 26 | BC32: 未上架 | BD32: 未出单 | BE32: Y | BF32: Y | BG32: Y | BH32: Y | BI32: Y | BJ32: Y | BK32: Y | BL32: 未上架 | BM32: 正常 | BN32: 正常 | BO32: 异常 | BP32: 正常 | BQ32: 正常 | BR32: 正常 | BS32: 正常 | BT32: 异常 | BU32: 未上架 | BV32: 异常 | BW32: 正常 | BX32: 正常 | BY32: 正常 | BZ32: 正常 | CA32: 正常 | CB32: 正常 | CC32: 正常 | CD32: 未上架 | CE32: 未上架 | CF32: 竞争无优势 | CG32: 竞争无优势 | CH32: 竞争无优势 | CI32: 竞争无优势 | CJ32: 竞争无优势 | CK32: 正常 | CL32: 正常 | CM32: 竞争无优势 | CN32: 未上架 | CO32: 未上架 | CP32: 无调整 | CQ32: 降价测试-市场无对手 | CR32: 无异常 | CS32: 无异常 | CT32: 无异常 | CU32: 无异常 | CV32: 无异常 | CW32: Y | CX32: Y | CY32: Y | CZ32: =IF(_xlfn.XLOOKUP(B32,[2]累计数据!$C$193:$C$245,[2]累计数据!$C$193:$C$245,"N")=B32,"Y","N") -> N | DA32: 0.02 | DB32: 0 | DC32: 0
A33: 12271 | B33: LYAP-X1651-1L | C33: 46097 | D33: =IF(_xlfn.XLOOKUP(A33,[1]分配表!J:J,[1]分配表!M:M)=0,"未出单",_xlfn.XLOOKUP(A33,[1]分配表!J:J,[1]分配表!M:M)) -> 46098 | E33: =_xlfn.XLOOKUP(A33,[1]分配表!A:A,[1]分配表!C:C) -> 俞东旭 | F33: 车门系统 | G33: 原开品 | H33: 0 | I33: 5 | J33: 41 | K33: 26 | L33: 10 | M33: 20 | N33: 1 | O33: 0 | P33: 0 | Q33: =IFERROR(P33-O33,P33) -> 0 | R33: 0 | S33: 1100 | T33: 9460 | U33: 7215 | V33: 3000 | W33: 6000 | X33: 300 | Y33: 0 | Z33: 0 | AA33: =IFERROR(Z33-Y33,Z33) -> 0 | AB33: 0 | AC33: 1 | AD33: 1 | AE33: 0 | AF33: 0 | AG33: 0 | AH33: 1 | AI33: 1 | AJ33: 0 | AK33: 市场无出单 | AL33: 0 | AM33: 0.97619048 | AN33: 1 | AO33: 1 | AP33: 1 | AQ33: 0.9091 | AR33: 0 | AS33: 市场无出单 | AT33: 未上架 | AU33: 2 | AV33: 9 | AW33: 3 | AX33: 9 | AY33: 2 | AZ33: 8 | BA33: 15 | BB33: 0 | BC33: 未上架 | BD33: Y | BE33: Y | BF33: Y | BG33: Y | BH33: Y | BI33: Y | BJ33: Y | BK33: Y | BL33: 未上架 | BM33: 正常 | BN33: 异常 | BO33: 正常 | BP33: 异常 | BQ33: 正常 | BR33: 正常 | BS33: 异常 | BT33: 正常 | BU33: 未上架 | BV33: 正常 | BW33: 正常 | BX33: 正常 | BY33: 正常 | BZ33: 正常 | CA33: 正常 | CB33: 正常 | CC33: 正常 | CD33: 未上架 | CE33: 未上架 | CF33: 竞争无优势 | CG33: 正常 | CH33: 正常 | CI33: 正常 | CJ33: 正常 | CK33: 正常 | CL33: 竞争无优势 | CM33: 无市场 | CN33: 未上架 | CO33: 未上架 | CP33: 无异常 | CQ33: 无异常 | CR33: 无异常 | CS33: 无调整 | CT33: 无异常 | CU33: 无异常 | CV33: 无调整 | CW33: N | CX33: N | CY33: N | CZ33: =IF(_xlfn.XLOOKUP(B33,[2]累计数据!$C$193:$C$245,[2]累计数据!$C$193:$C$245,"N")=B33,"Y","N") -> N | DA33: 0.02 | DB33: 0.02 | DC33: 0.02
A34: 12270 | B34: LYAP-X1651-1R | C34: 46097 | D34: =IF(_xlfn.XLOOKUP(A34,[1]分配表!J:J,[1]分配表!M:M)=0,"未出单",_xlfn.XLOOKUP(A34,[1]分配表!J:J,[1]分配表!M:M)) -> 46100 | E34: =_xlfn.XLOOKUP(A34,[1]分配表!A:A,[1]分配表!C:C) -> 俞东旭 | F34: 车门系统 | G34: 原开品 | H34: 0 | I34: 0 | J34: 7 | K34: 8 | L34: 1 | M34: 2 | N34: 0 | O34: 0 | P34: 1 | Q34: =IFERROR(P34-O34,P34) -> 1 | R34: 0 | S34: 0 | T34: 1660 | U34: 2080 | V34: 270 | W34: 540 | X34: 0 | Y34: 0 | Z34: 270 | AA34: =IFERROR(Z34-Y34,Z34) -> 270 | AB34: 0 | AC34: 1 | AD34: 0 | AE34: 0 | AF34: 0 | AG34: 0 | AH34: 0 | AI34: 0 | AJ34: 0 | AK34: 市场无出单 | AL34: 0 | AM34: 1 | AN34: 1 | AO34: 1 | AP34: 1 | AQ34: 1 | AR34: 市场无出单 | AS34: 1 | AT34: 未上架 | AU34: 2 | AV34: 9 | AW34: 1 | AX34: 7 | AY34: 5 | AZ34: 11 | BA34: 18 | BB34: 25 | BC34: 未上架 | BD34: 未出单 | BE34: Y | BF34: Y | BG34: Y | BH34: Y | BI34: Y | BJ34: Y | BK34: Y | BL34: 未上架 | BM34: 正常 | BN34: 异常 | BO34: 正常 | BP34: 正常 | BQ34: 正常 | BR34: 正常 | BS34: 正常 | BT34: 正常 | BU34: 未上架 | BV34: 正常 | BW34: 正常 | BX34: 正常 | BY34: 正常 | BZ34: 正常 | CA34: 正常 | CB34: 正常 | CC34: 正常 | CD34: 未上架 | CE34: 未上架 | CF34: 竞争无优势 | CG34: 正常 | CH34: 正常 | CI34: 正常 | CJ34: 正常 | CK34: 正常 | CL34: 站外出单 | CM34: 正常 | CN34: 未上架 | CO34: 未上架 | CP34: 无异常 | CQ34: 无异常 | CR34: 无异常 | CS34: 无异常 | CT34: 无异常 | CU34: 无异常 | CV34: 无异常 | CW34: N | CX34: N | CY34: N | CZ34: =IF(_xlfn.XLOOKUP(B34,[2]累计数据!$C$193:$C$245,[2]累计数据!$C$193:$C$245,"N")=B34,"Y","N") -> N | DA34: 0.02 | DB34: 0.02 | DC34: 0.02
A35: 12318 | B35: LYAP-X1676 | C35: 46097 | D35: =IF(_xlfn.XLOOKUP(A35,[1]分配表!J:J,[1]分配表!M:M)=0,"未出单",_xlfn.XLOOKUP(A35,[1]分配表!J:J,[1]分配表!M:M)) -> 46103 | E35: =_xlfn.XLOOKUP(A35,[1]分配表!A:A,[1]分配表!C:C) -> 胡煜星 | F35: 车门系统 | G35: 原开品 | H35: 0 | I35: 0 | J35: 1 | K35: 1 | L35: 0 | M35: 0 | N35: 0 | O35: 0 | P35: 1 | Q35: =IFERROR(P35-O35,P35) -> 1 | R35: 0 | S35: 0 | T35: 420 | U35: 460 | V35: 0 | W35: 0 | X35: 0 | Y35: 0 | Z35: 460 | AA35: =IFERROR(Z35-Y35,Z35) -> 460 | AB35: 0 | AC35: 0 | AD35: 0 | AE35: 0 | AF35: 0 | AG35: 0 | AH35: 0 | AI35: 0 | AJ35: 0 | AK35: 市场无出单 | AL35: 市场无出单 | AM35: 1 | AN35: 1 | AO35: 0 | AP35: 0 | AQ35: 市场无出单 | AR35: 市场无出单 | AS35: 1 | AT35: 未上架 | AU35: 1 | AV35: 8 | AW35: 1 | AX35: 7 | AY35: 5 | AZ35: 6 | BA35: 13 | BB35: 20 | BC35: 未上架 | BD35: 未出单 | BE35: Y | BF35: Y | BG35: Y | BH35: Y | BI35: Y | BJ35: Y | BK35: Y | BL35: 未上架 | BM35: 正常 | BN35: 异常 | BO35: 正常 | BP35: 正常 | BQ35: 正常 | BR35: 正常 | BS35: 正常 | BT35: 正常 | BU35: 未上架 | BV35: 正常 | BW35: 正常 | BX35: 正常 | BY35: 正常 | BZ35: 正常 | CA35: 正常 | CB35: 正常 | CC35: 正常 | CD35: 未上架 | CE35: 未上架 | CF35: 无市场 | CG35: 正常 | CH35: 正常 | CI35: 无市场 | CJ35: 无市场 | CK35: 无市场 | CL35: 无市场 | CM35: 正常 | CP35: 无异常 | CQ35: 无异常 | CR35: 无异常 | CS35: 无异常 | CT35: 无异常 | CU35: 无异常 | CV35: 无异常 | CW35: Y | CX35: Y | CY35: Y | CZ35: =IF(_xlfn.XLOOKUP(B35,[2]累计数据!$C$193:$C$245,[2]累计数据!$C$193:$C$245,"N")=B35,"Y","N") -> Y | DA35: 0.02 | DB35: 0 | DC35: 0
A36: 12320 | B36: LYAP-X2417 | C36: 46097 | D36: =IF(_xlfn.XLOOKUP(A36,[1]分配表!J:J,[1]分配表!M:M)=0,"未出单",_xlfn.XLOOKUP(A36,[1]分配表!J:J,[1]分配表!M:M)) -> 46131 | E36: =_xlfn.XLOOKUP(A36,[1]分配表!A:A,[1]分配表!C:C) -> 朱培源 | F36: 挡泥板 | G36: 原开品 | H36: 0 | I36: 0 | J36: 0 | K36: 0 | L36: 0 | M36: 0 | N36: 1 | O36: 0 | P36: 1 | Q36: =IFERROR(P36-O36,P36) -> 1 | R36: 0 | S36: 0 | T36: 0 | U36: 0 | V36: 0 | W36: 0 | X36: 75 | Y36: 0 | Z36: 75 | AA36: =IFERROR(Z36-Y36,Z36) -> 75 | AB36: 0 | AC36: 1 | AD36: 0 | AE36: 1 | AF36: 0 | AG36: 0 | AH36: 0 | AI36: 0 | AJ36: 1 | AK36: 市场无出单 | AL36: 0 | AM36: 市场无出单 | AN36: 0 | AO36: 0 | AP36: 0 | AQ36: 1 | AR36: 市场无出单 | AS36: 0.5 | AT36: 未上架 | AU36: 2 | AV36: 2 | AW36: 1 | AX36: 5 | AY36: 6 | AZ36: 2 | BA36: 9 | BB36: 16 | BC36: 未上架 | BD36: 未出单 | BE36: 未出单 | BF36: 未出单 | BG36: 未出单 | BH36: 未出单 | BI36: N | BJ36: N | BK36: N | BL36: 未上架 | BM36: 正常 | BN36: 正常 | BO36: 正常 | BP36: 正常 | BQ36: 正常 | BR36: 正常 | BS36: 正常 | BT36: 异常 | BU36: 未上架 | BV36: 正常 | BW36: 正常 | BX36: 正常 | BY36: 正常 | BZ36: 正常 | CA36: 正常 | CB36: 正常 | CC36: 正常 | CD36: 未上架 | CE36: 未上架 | CF36: 竞争无优势 | CG36: 竞争无优势 | CH36: 竞争无优势 | CI36: 无市场 | CJ36: 无市场 | CK36: 正常 | CL36: 无市场 | CM36: 竞争无优势 | CN36: 未上架 | CO36: 未上架 | CP36: 无异常 | CQ36: 未分析 | CR36: 无调整 | CS36: 无调整 | CT36: 无调整 | CU36: 无异常 | CV36: 无异常 | CW36: N | CX36: N | CY36: N | CZ36: =IF(_xlfn.XLOOKUP(B36,[2]累计数据!$C$193:$C$245,[2]累计数据!$C$193:$C$245,"N")=B36,"Y","N") -> N | DA36: 0.04 | DB36: 0.02 | DC36: 0.02
A37: 12305 | B37: MD-001-FL | C37: 46097 | D37: =IF(_xlfn.XLOOKUP(A37,[1]分配表!J:J,[1]分配表!M:M)=0,"未出单",_xlfn.XLOOKUP(A37,[1]分配表!J:J,[1]分配表!M:M)) -> 46100 | E37: =_xlfn.XLOOKUP(A37,[1]分配表!A:A,[1]分配表!C:C) -> 俞东旭 | F37: 车门系统 | G37: 原开品 | H37: 0 | I37: 0 | J37: 5 | K37: 2 | L37: 3 | M37: 3 | N37: 3 | O37: 1 | P37: 3 | Q37: =IFERROR(P37-O37,P37) -> 2 | R37: 0 | S37: 0 | T37: 2750 | U37: 1100 | V37: 1755 | W37: 1755 | X37: 1760 | Y37: 590 | Z37: 1770 | AA37: =IFERROR(Z37-Y37,Z37) -> 1180 | AB37: 0 | AC37: 0 | AD37: 1 | AE37: 0 | AF37: 0 | AG37: 0 | AH37: 1 | AI37: 2 | AJ37: 3 | AK37: 市场无出单 | AL37: 市场无出单 | AM37: 0.83333333 | AN37: 1 | AO37: 1 | AP37: 1 | AQ37: 0.8 | AR37: 0.5 | AS37: 0.4 | AT37: 未上架 | AU37: 1 | AV37: 8 | AW37: 7 | AX37: 13 | AY37: 1 | AZ37: 1 | BA37: 8 | BB37: 0 | BC37: 未上架 | BD37: 未出单 | BE37: Y | BF37: Y | BG37: Y | BH37: Y | BI37: Y | BJ37: Y | BK37: Y | BL37: 未上架 | BM37: 正常 | BN37: 异常 | BO37: 正常 | BP37: 异常 | BQ37: 正常 | BR37: 正常 | BS37: 异常 | BT37: 正常 | BU37: 未上架 | BV37: 正常 | BW37: 正常 | BX37: 正常 | BY37: 正常 | BZ37: 正常 | CA37: 正常 | CB37: 正常 | CC37: 正常 | CD37: 未上架 | CE37: 未上架 | CF37: 无市场 | CG37: 竞争无优势 | CH37: 正常 | CI37: 正常 | CJ37: 正常 | CK37: 正常 | CL37: 竞争无优势 | CM37: 竞争无优势 | CP37: 无异常 | CQ37: 无异常 | CR37: 无异常 | CS37: 无调整 | CT37: 无异常 | CU37: 无异常 | CV37: 无调整 | CW37: Y | CX37: N | CY37: Y | CZ37: =IF(_xlfn.XLOOKUP(B37,[2]累计数据!$C$193:$C$245,[2]累计数据!$C$193:$C$245,"N")=B37,"Y","N") -> N | DA37: 0.02 | DB37: 0.02 | DC37: 0.02
A38: 12321 | B38: LYAP-X1788-GR | C38: 46097 | D38: =IF(_xlfn.XLOOKUP(A38,[1]分配表!J:J,[1]分配表!M:M)=0,"未出单",_xlfn.XLOOKUP(A38,[1]分配表!J:J,[1]分配表!M:M)) -> 46120 | E38: =_xlfn.XLOOKUP(A38,[1]分配表!A:A,[1]分配表!C:C) -> 俞东旭 | F38: 车门系统 | G38: 原开品 | H38: 0 | I38: 0 | J38: 0 | K38: 0 | L38: 1 | M38: 1 | N38: 5 | O38: 3 | P38: 4 | Q38: =IFERROR(P38-O38,P38) -> 1 | R38: 0 | S38: 0 | T38: 0 | U38: 0 | V38: 35.9 | W38: 35.9 | X38: 179.5 | Y38: 107.7 | Z38: 143.6 | AA38: =IFERROR(Z38-Y38,Z38) -> 35.9 | AB38: 0 | AC38: 1 | AD38: 4 | AE38: 10 | AF38: 7 | AG38: 10 | AH38: 6 | AI38: 2 | AJ38: 3 | AK38: 市场无出单 | AL38: 0 | AM38: 0 | AN38: 0 | AO38: 0.125 | AP38: 0.090909091 | AQ38: 0.5 | AR38: 0.5 | AS38: 0.5 | AT38: 未上架 | AU38: 1 | AV38: 8 | AW38: 1 | AX38: 1 | AY38: 2 | AZ38: 2 | BA38: 1 | BB38: 1 | BC38: 未上架 | BD38: 未出单 | BE38: 未出单 | BF38: 未出单 | BG38: 未出单 | BH38: N | BI38: N | BJ38: N | BK38: N | BL38: 未上架 | BM38: 正常 | BN38: 异常 | BO38: 正常 | BP38: 正常 | BQ38: 正常 | BR38: 正常 | BS38: 正常 | BT38: 正常 | BU38: 未上架 | BV38: 正常 | BW38: 正常 | BX38: 正常 | BY38: 正常 | BZ38: 正常 | CA38: 正常 | CB38: 正常 | CC38: 正常 | CD38: 未上架 | CE38: 未上架 | CF38: 站内无价格优势 | CG38: 竞争无优势 | CH38: 竞争无优势 | CI38: 竞争无优势 | CJ38: 竞争无优势 | CK38: 竞争无优势 | CL38: 竞争无优势 | CM38: 竞争无优势 | CN38: 未上架 | CO38: 未上架 | CP38: 无异常 | CQ38: 广告-PLG | CR38: 无异常 | CS38: 链接优化 | CT38: 无异常 | CU38: 无异常 | CV38: 无异常 | CW38: N | CX38: N | CY38: N | CZ38: =IF(_xlfn.XLOOKUP(B38,[2]累计数据!$C$193:$C$245,[2]累计数据!$C$193:$C$245,"N")=B38,"Y","N") -> N | DA38: 0.04 | DB38: 0.04 | DC38: 0.04
A39: 12272 | B39: LYAP-X1808 | C39: 46097 | D39: =IF(_xlfn.XLOOKUP(A39,[1]分配表!J:J,[1]分配表!M:M)=0,"未出单",_xlfn.XLOOKUP(A39,[1]分配表!J:J,[1]分配表!M:M)) -> 46099 | E39: =_xlfn.XLOOKUP(A39,[1]分配表!A:A,[1]分配表!C:C) -> 胡煜星 | F39: 车门系统 | G39: 原开品 | H39: 0 | I39: 1 | J39: 1 | K39: 6 | L39: 5 | M39: 4 | N39: 3 | O39: 9 | P39: 5 | Q39: =IFERROR(P39-O39,P39) -> -4 | R39: 0 | S39: 68 | T39: 68 | U39: 408 | V39: 336.6 | W39: 272 | X39: 204 | Y39: 608.6 | Z39: 340 | AA39: =IFERROR(Z39-Y39,Z39) -> -268.6 | AB39: 0 | AC39: 0 | AD39: 0 | AE39: 0 | AF39: 0 | AG39: 0 | AH39: 0 | AI39: 0 | AJ39: 0 | AK39: 市场无出单 | AL39: 市场无出单 | AM39: 1 | AN39: 1 | AO39: 1 | AP39: 1 | AQ39: 1 | AR39: 1 | AS39: 1 | AT39: 未上架 | AU39: 1 | AV39: 8 | AW39: 1 | AX39: 7 | AY39: 1 | AZ39: 7 | BA39: 14 | BB39: 21 | BC39: 未上架 | BD39: Y | BE39: Y | BF39: Y | BG39: Y | BH39: Y | BI39: Y | BJ39: Y | BK39: Y | BL39: 未上架 | BM39: 正常 | BN39: 异常 | BO39: 正常 | BP39: 正常 | BQ39: 正常 | BR39: 正常 | BS39: 正常 | BT39: 正常 | BU39: 未上架 | BV39: 正常 | BW39: 正常 | BX39: 正常 | BY39: 正常 | BZ39: 正常 | CA39: 正常 | CB39: 正常 | CC39: 正常 | CD39: 未上架 | CE39: 未上架 | CF39: 无市场 | CG39: 正常 | CH39: 正常 | CI39: 正常 | CJ39: 正常 | CK39: 正常 | CL39: 正常 | CM39: 正常 | CP39: 无异常 | CQ39: 无异常 | CR39: 无异常 | CS39: 无异常 | CT39: 无异常 | CU39: 无异常 | CV39: 无异常 | CW39: N | CX39: N | CY39: N | CZ39: =IF(_xlfn.XLOOKUP(B39,[2]累计数据!$C$193:$C$245,[2]累计数据!$C$193:$C$245,"N")=B39,"Y","N") -> N | DA39: 0.03 | DB39: 0 | DC39: 0
A40: 12292 | B40: LYAP-X1879 | C40: 46097 | D40: =IF(_xlfn.XLOOKUP(A40,[1]分配表!J:J,[1]分配表!M:M)=0,"未出单",_xlfn.XLOOKUP(A40,[1]分配表!J:J,[1]分配表!M:M)) -> 46100 | E40: =_xlfn.XLOOKUP(A40,[1]分配表!A:A,[1]分配表!C:C) -> 朱培源 | F40: 挡泥板 | G40: 原开品 | H40: 0 | I40: 0 | J40: 1 | K40: 3 | L40: 3 | M40: 1 | N40: 0 | O40: 0 | P40: 1 | Q40: =IFERROR(P40-O40,P40) -> 1 | R40: 0 | S40: 0 | T40: 95 | U40: 285 | V40: 267 | W40: 89 | X40: 0 | Y40: 0 | Z40: 95 | AA40: =IFERROR(Z40-Y40,Z40) -> 95 | AB40: 0 | AC40: 0 | AD40: 0 | AE40: 0 | AF40: 0 | AG40: 0 | AH40: 0 | AI40: 0 | AJ40: 0 | AK40: 市场无出单 | AL40: 市场无出单 | AM40: 1 | AN40: 1 | AO40: 1 | AP40: 1 | AQ40: 市场无出单 | AR40: 市场无出单 | AS40: 1 | AT40: 未上架 | AU40: 2 | AV40: 2 | AW40: 1 | AX40: 7 | AY40: 15 | AZ40: 1 | BA40: 8 | BB40: 13 | BC40: 未上架 | BD40: 未出单 | BE40: Y | BF40: Y | BG40: Y | BH40: Y | BI40: Y | BJ40: Y | BK40: Y | BL40: 未上架 | BM40: 正常 | BN40: 正常 | BO40: 正常 | BP40: 正常 | BQ40: 异常 | BR40: 正常 | BS40: 正常 | BT40: 正常 | BU40: 未上架 | BV40: 正常 | BW40: 正常 | BX40: 正常 | BY40: 正常 | BZ40: 正常 | CA40: 正常 | CB40: 正常 | CC40: 正常 | CD40: 未上架 | CE40: 未上架 | CF40: 无市场 | CG40: 正常 | CH40: 正常 | CI40: 正常 | CJ40: 正常 | CK40: 无市场 | CL40: 站外出单 | CM40: 正常 | CP40: 无异常 | CQ40: 无异常 | CR40: 无异常 | CS40: 无异常 | CT40: 无调整 | CU40: 无异常 | CV40: 无异常 | CW40: Y | CX40: Y | CY40: Y | CZ40: =IF(_xlfn.XLOOKUP(B40,[2]累计数据!$C$193:$C$245,[2]累计数据!$C$193:$C$245,"N")=B40,"Y","N") -> Y | DA40: 0.02 | DB40: 0.02 | DC40: 0.02
A41: 12333 | B41: LYAP-X2429 | C41: 46097 | D41: =IF(_xlfn.XLOOKUP(A41,[1]分配表!J:J,[1]分配表!M:M)=0,"未出单",_xlfn.XLOOKUP(A41,[1]分配表!J:J,[1]分配表!M:M)) -> 46116 | E41: =_xlfn.XLOOKUP(A41,[1]分配表!A:A,[1]分配表!C:C) -> 朱培源 | F41: 车门系统 | G41: 原开品 | H41: 0 | I41: 0 | J41: 0 | K41: 0 | L41: 1 | M41: 1 | N41: 1 | O41: 1 | P41: 0 | Q41: =IFERROR(P41-O41,P41) -> -1 | R41: 0 | S41: 0 | T41: 0 | U41: 0 | V41: 68.4 | W41: 72 | X41: 72 | Y41: 50 | Z41: 0 | AA41: =IFERROR(Z41-Y41,Z41) -> -50 | AB41: 0 | AC41: 0 | AD41: 2 | AE41: 0 | AF41: 1 | AG41: 0 | AH41: 0 | AI41: 0 | AJ41: 0 | AK41: 市场无出单 | AL41: 市场无出单 | AM41: 0 | AN41: 0 | AO41: 0.5 | AP41: 1 | AQ41: 市场无出单 | AR41: 1 | AS41: 1 | AT41: 未上架 | AU41: 2 | AV41: 2 | AW41: 1 | AX41: 5 | AY41: 13 | AZ41: 1 | BA41: 8 | BB41: 15 | BC41: 未上架 | BD41: 未出单 | BE41: 未出单 | BF41: 未出单 | BG41: N | BH41: N | BI41: N | BJ41: N | BK41: N | BL41: 未上架 | BM41: 正常 | BN41: 正常 | BO41: 正常 | BP41: 正常 | BQ41: 异常 | BR41: 正常 | BS41: 正常 | BT41: 正常 | BU41: 未上架 | BV41: 正常 | BW41: 正常 | BX41: 正常 | BY41: 正常 | BZ41: 正常 | CA41: 正常 | CB41: 正常 | CC41: 正常 | CD41: 未上架 | CE41: 未上架 | CF41: 无市场 | CG41: 竞争无优势 | CH41: 站外出单 | CI41: 竞争无优势 | CJ41: 正常 | CK41: 站外出单 | CL41: 正常 | CM41: 正常 | CP41: 无异常 | CQ41: 未分析 | CR41: 无异常 | CS41: 无异常 | CT41: 无调整 | CU41: 无异常 | CV41: 无异常 | CW41: N | CX41: N | CY41: N | CZ41: =IF(_xlfn.XLOOKUP(B41,[2]累计数据!$C$193:$C$245,[2]累计数据!$C$193:$C$245,"N")=B41,"Y","N") -> N | DA41: 0.04 | DB41: 0.04 | DC41: 0.02
A42: 12334 | B42: LYAP-X2523 | C42: 46097 | D42: =IF(_xlfn.XLOOKUP(A42,[1]分配表!J:J,[1]分配表!M:M)=0,"未出单",_xlfn.XLOOKUP(A42,[1]分配表!J:J,[1]分配表!M:M)) -> 46105 | E42: =_xlfn.XLOOKUP(A42,[1]分配表!A:A,[1]分配表!C:C) -> 朱培源 | F42: 车门系统 | G42: 原开品 | H42: 0 | I42: 0 | J42: 1 | K42: 0 | L42: 1 | M42: 3 | N42: 4 | O42: 2 | P42: 4 | Q42: =IFERROR(P42-O42,P42) -> 2 | R42: 0 | S42: 0 | T42: 225 | U42: 0 | V42: 98 | W42: 294 | X42: 392 | Y42: 196 | Z42: 396 | AA42: =IFERROR(Z42-Y42,Z42) -> 200 | AB42: 0 | AC42: 0 | AD42: 0 | AE42: 0 | AF42: 0 | AG42: 0 | AH42: 0 | AI42: 0 | AJ42: 0 | AK42: 市场无出单 | AL42: 市场无出单 | AM42: 1 | AN42: 0 | AO42: 1 | AP42: 1 | AQ42: 1 | AR42: 1 | AS42: 1 | AT42: 未上架 | AU42: 1 | AV42: 2 | AW42: 1 | AX42: 7 | AY42: 15 | AZ42: 1 | BA42: 8 | BB42: 15 | BC42: 未上架 | BD42: 未出单 | BE42: Y | BF42: Y | BG42: Y | BH42: Y | BI42: Y | BJ42: Y | BK42: Y | BL42: 未上架 | BM42: 正常 | BN42: 正常 | BO42: 正常 | BP42: 正常 | BQ42: 异常 | BR42: 正常 | BS42: 正常 | BT42: 正常 | BU42: 未上架 | BV42: 正常 | BW42: 正常 | BX42: 正常 | BY42: 正常 | BZ42: 正常 | CA42: 正常 | CB42: 正常 | CC42: 正常 | CD42: 未上架 | CE42: 未上架 | CF42: 无市场 | CG42: 无市场 | CH42: 正常 | CI42: 正常 | CJ42: 正常 | CK42: 正常 | CL42: 正常 | CM42: 正常 | CP42: 无异常 | CQ42: 无异常 | CR42: 无异常 | CS42: 无异常 | CT42: 无调整 | CU42: 无异常 | CV42: 无异常 | CW42: N | CX42: N | CY42: N | CZ42: =IF(_xlfn.XLOOKUP(B42,[2]累计数据!$C$193:$C$245,[2]累计数据!$C$193:$C$245,"N")=B42,"Y","N") -> N | DA42: 0.04 | DB42: 0.04 | DC42: 0
A43: 12368 | B43: LYAP-X2530 | C43: 46097 | D43: =IF(_xlfn.XLOOKUP(A43,[1]分配表!J:J,[1]分配表!M:M)=0,"未出单",_xlfn.XLOOKUP(A43,[1]分配表!J:J,[1]分配表!M:M)) -> 46104 | E43: =_xlfn.XLOOKUP(A43,[1]分配表!A:A,[1]分配表!C:C) -> 胡煜星 | F43: 其他 | G43: 原开品 | H43: 0 | I43: 0 | J43: 1 | K43: 3 | L43: 4 | M43: 3 | N43: 2 | O43: 2 | P43: 1 | Q43: =IFERROR(P43-O43,P43) -> -1 | R43: 0 | S43: 0 | T43: 95 | U43: 285 | V43: 380 | W43: 285 | X43: 190 | Y43: 190 | Z43: 95 | AA43: =IFERROR(Z43-Y43,Z43) -> -95 | AB43: 0 | AC43: 0 | AD43: 0 | AE43: 0 | AF43: 0 | AG43: 0 | AH43: 0 | AI43: 0 | AJ43: 0 | AK43: 市场无出单 | AL43: 市场无出单 | AM43: 1 | AN43: 1 | AO43: 1 | AP43: 1 | AQ43: 1 | AR43: 1 | AS43: 1 | AT43: 未上架 | AU43: 1 | AV43: 5 | AW43: 13 | AX43: 0 | AY43: 8 | AZ43: 5 | BA43: 12 | BB43: 1 | BC43: 未上架 | BD43: 未出单 | BE43: Y | BF43: Y | BG43: Y | BH43: Y | BI43: Y | BJ43: Y | BK43: Y | BL43: 未上架 | BM43: 正常 | BN43: 正常 | BO43: 异常 | BP43: 正常 | BQ43: 异常 | BR43: 正常 | BS43: 正常 | BT43: 正常 | BU43: 未上架 | BV43: 正常 | BW43: 正常 | BX43: 正常 | BY43: 正常 | BZ43: 正常 | CA43: 正常 | CB43: 正常 | CC43: 正常 | CD43: 未上架 | CE43: 未上架 | CF43: 无市场 | CG43: 正常 | CH43: 正常 | CI43: 正常 | CJ43: 正常 | CK43: 正常 | CL43: 正常 | CM43: 正常 | CP43: 无异常 | CQ43: 无调整 | CR43: 无异常 | CS43: 无异常 | CT43: 无调整 | CU43: 无异常 | CV43: 无异常 | CW43: N | CX43: N | CY43: Y | CZ43: =IF(_xlfn.XLOOKUP(B43,[2]累计数据!$C$193:$C$245,[2]累计数据!$C$193:$C$245,"N")=B43,"Y","N") -> Y | DA43: 0.02 | DB43: 0 | DC43: 0
A44: 12306 | B44: MD-001-FR | C44: 46097 | D44: =IF(_xlfn.XLOOKUP(A44,[1]分配表!J:J,[1]分配表!M:M)=0,"未出单",_xlfn.XLOOKUP(A44,[1]分配表!J:J,[1]分配表!M:M)) -> 46099 | E44: =_xlfn.XLOOKUP(A44,[1]分配表!A:A,[1]分配表!C:C) -> 俞东旭 | F44: 车门系统 | G44: 原开品 | H44: 0 | I44: 2 | J44: 3 | K44: 2 | L44: 4 | M44: 3 | N44: 1 | O44: 1 | P44: 3 | Q44: =IFERROR(P44-O44,P44) -> 2 | R44: 0 | S44: 1100 | T44: 1650 | U44: 1130 | V44: 2336 | W44: 1764 | X44: 595 | Y44: 598 | Z44: 1794 | AA44: =IFERROR(Z44-Y44,Z44) -> 1196 | AB44: 0 | AC44: 0 | AD44: 0 | AE44: 0 | AF44: 1 | AG44: 3 | AH44: 1 | AI44: 4 | AJ44: 1 | AK44: 市场无出单 | AL44: 市场无出单 | AM44: 1 | AN44: 1 | AO44: 0.8 | AP44: 0.5 | AQ44: 0.5 | AR44: 0.2 | AS44: 0.5 | AT44: 未上架 | AU44: 1 | AV44: 8 | AW44: 16 | AX44: 0 | AY44: 2 | AZ44: 1 | BA44: 5 | BB44: 12 | BC44: 未上架 | BD44: Y | BE44: Y | BF44: Y | BG44: Y | BH44: Y | BI44: Y | BJ44: Y | BK44: Y | BL44: 未上架 | BM44: 正常 | BN44: 异常 | BO44: 异常 | BP44: 正常 | BQ44: 正常 | BR44: 正常 | BS44: 正常 | BT44: 异常 | BU44: 未上架 | BV44: 正常 | BW44: 正常 | BX44: 正常 | BY44: 正常 | BZ44: 正常 | CA44: 正常 | CB44: 正常 | CC44: 正常 | CD44: 未上架 | CE44: 未上架 | CF44: 无市场 | CG44: 正常 | CH44: 正常 | CI44: 正常 | CJ44: 正常 | CK44: 竞争无优势 | CL44: 竞争无优势 | CM44: 竞争无优势 | CP44: 无异常 | CQ44: 链接优化 | CR44: 无异常 | CS44: 无异常 | CT44: 无异常 | CU44: 无异常 | CV44: 无异常 | CW44: Y | CX44: N | CY44: Y | CZ44: =IF(_xlfn.XLOOKUP(B44,[2]累计数据!$C$193:$C$245,[2]累计数据!$C$193:$C$245,"N")=B44,"Y","N") -> N | DA44: 0.02 | DB44: 0.02 | DC44: 0.02
A45: 12307 | B45: MD-001-RL | C45: 46097 | D45: =IF(_xlfn.XLOOKUP(A45,[1]分配表!J:J,[1]分配表!M:M)=0,"未出单",_xlfn.XLOOKUP(A45,[1]分配表!J:J,[1]分配表!M:M)) -> 46103 | E45: =_xlfn.XLOOKUP(A45,[1]分配表!A:A,[1]分配表!C:C) -> 俞东旭 | F45: 车门系统 | G45: 原开品 | H45: 0 | I45: 0 | J45: 1 | K45: 4 | L45: 1 | M45: 1 | N45: 1 | O45: 3 | P45: 0 | Q45: =IFERROR(P45-O45,P45) -> -3 | R45: 0 | S45: 0 | T45: 550 | U45: 2200 | V45: 580 | W45: 580 | X45: 580 | Y45: 1740 | Z45: 0 | AA45: =IFERROR(Z45-Y45,Z45) -> -1740 | AB45: 0 | AC45: 0 | AD45: 2 | AE45: 0 | AF45: 0 | AG45: 3 | AH45: 1 | AI45: 0 | AJ45: 2 | AK45: 市场无出单 | AL45: 市场无出单 | AM45: 0.33333333 | AN45: 1 | AO45: 1 | AP45: 0.25 | AQ45: 0.6667 | AR45: 1 | AS45: 0 | AT45: 未上架 | AU45: 1 | AV45: 8 | AW45: 1 | AX45: 7 | AY45: 5 | AZ45: 0 | BA45: 7 | BB45: 1 | BC45: 未上架 | BD45: 未出单 | BE45: Y | BF45: Y | BG45: Y | BH45: Y | BI45: Y | BJ45: Y | BK45: Y | BL45: 未上架 | BM45: 正常 | BN45: 异常 | BO45: 正常 | BP45: 正常 | BQ45: 正常 | BR45: 正常 | BS45: 正常 | BT45: 正常 | BU45: 未上架 | BV45: 正常 | BW45: 正常 | BX45: 正常 | BY45: 正常 | BZ45: 正常 | CA45: 正常 | CB45: 正常 | CC45: 正常 | CD45: 未上架 | CE45: 未上架 | CF45: 无市场 | CG45: 竞争无优势 | CH45: 竞争无优势 | CI45: 正常 | CJ45: 竞争无优势 | CK45: 竞争无优势 | CL45: 正常 | CM45: 竞争无优势 | CP45: 无异常 | CQ45: 无异常 | CR45: 无异常 | CS45: 无异常 | CT45: 无异常 | CU45: 无异常 | CV45: 无异常 | CW45: Y | CX45: N | CY45: Y | CZ45: =IF(_xlfn.XLOOKUP(B45,[2]累计数据!$C$193:$C$245,[2]累计数据!$C$193:$C$245,"N")=B45,"Y","N") -> N | DA45: 0.02 | DB45: 0.02 | DC45: 0.02
A46: 12308 | B46: MD-001-RR | C46: 46097 | D46: =IF(_xlfn.XLOOKUP(A46,[1]分配表!J:J,[1]分配表!M:M)=0,"未出单",_xlfn.XLOOKUP(A46,[1]分配表!J:J,[1]分配表!M:M)) -> 46099 | E46: =_xlfn.XLOOKUP(A46,[1]分配表!A:A,[1]分配表!C:C) -> 俞东旭 | F46: 车门系统 | G46: 原开品 | H46: 0 | I46: 3 | J46: 4 | K46: 4 | L46: 3 | M46: 4 | N46: 4 | O46: 1 | P46: 0 | Q46: =IFERROR(P46-O46,P46) -> -1 | R46: 0 | S46: 1650 | T46: 2200 | U46: 2200 | V46: 1749 | W46: 2332 | X46: 2342 | Y46: 588 | Z46: 0 | AA46: =IFERROR(Z46-Y46,Z46) -> -588 | AB46: 0 | AC46: 0 | AD46: 0 | AE46: 4 | AF46: 1 | AG46: 3 | AH46: 3 | AI46: 1 | AJ46: 1 | AK46: 市场无出单 | AL46: 市场无出单 | AM46: 1 | AN46: 0.5 | AO46: 0.75 | AP46: 0.57142857 | AQ46: 0.5 | AR46: 0.75 | AS46: 0 | AT46: 未上架 | AU46: 1 | AV46: 8 | AW46: 16 | AX46: 0 | AY46: 8 | AZ46: 1 | BA46: 1 | BB46: 8 | BC46: 未上架 | BD46: Y | BE46: Y | BF46: Y | BG46: Y | BH46: Y | BI46: Y | BJ46: Y | BK46: Y | BL46: 未上架 | BM46: 正常 | BN46: 异常 | BO46: 异常 | BP46: 正常 | BQ46: 异常 | BR46: 正常 | BS46: 正常 | BT46: 异常 | BU46: 未上架 | BV46: 正常 | BW46: 正常 | BX46: 正常 | BY46: 正常 | BZ46: 正常 | CA46: 正常 | CB46: 正常 | CC46: 正常 | CD46: 未上架 | CE46: 未上架 | CF46: 无市场 | CG46: 正常 | CH46: 正常 | CI46: 正常 | CJ46: 正常 | CK46: 竞争无优势 | CL46: 正常 | CM46: 竞争无优势 | CP46: 无异常 | CQ46: 无调整 | CR46: 无异常 | CS46: 无异常 | CT46: 链接优化 | CU46: 无异常 | CV46: 无异常 | CW46: Y | CX46: N | CY46: Y | CZ46: =IF(_xlfn.XLOOKUP(B46,[2]累计数据!$C$193:$C$245,[2]累计数据!$C$193:$C$245,"N")=B46,"Y","N") -> N | DA46: 0.02 | DB46: 0.02 | DC46: 0.02
A47: 12293 | B47: LYAP-X2144-1 | C47: 46099 | D47: =IF(_xlfn.XLOOKUP(A47,[1]分配表!J:J,[1]分配表!M:M)=0,"未出单",_xlfn.XLOOKUP(A47,[1]分配表!J:J,[1]分配表!M:M)) -> 46104 | E47: =_xlfn.XLOOKUP(A47,[1]分配表!A:A,[1]分配表!C:C) -> 朱培源 | F47: 车门系统 | G47: 原开品 | H47: 0 | I47: 0 | J47: 1 | K47: 0 | L47: 1 | M47: 0 | N47: 0 | O47: 2 | P47: 0 | Q47: =IFERROR(P47-O47,P47) -> -2 | R47: 0 | S47: 0 | T47: 55 | U47: 0 | V47: 52.25 | W47: 0 | X47: 0 | Y47: 110 | Z47: 0 | AA47: =IFERROR(Z47-Y47,Z47) -> -110 | AB47: 0 | AC47: 0 | AD47: 0 | AE47: 1 | AF47: 0 | AG47: 2 | AH47: 0 | AI47: 0 | AJ47: 0 | AK47: 市场无出单 | AL47: 市场无出单 | AM47: 1 | AN47: 0 | AO47: 1 | AP47: 0 | AQ47: 市场无出单 | AR47: 1 | AS47: 市场无出单 | AT47: 未上架 | AU47: 未上架 | AV47: 2 | AW47: 1 | AX47: 7 | AY47: 15 | AZ47: 1 | BA47: 8 | BB47: 15 | BC47: 未上架 | BD47: 未上架 | BE47: Y | BF47: Y | BG47: Y | BH47: Y | BI47: Y | BJ47: Y | BK47: Y | BL47: 未上架 | BM47: 未上架 | BN47: 正常 | BO47: 正常 | BP47: 正常 | BQ47: 异常 | BR47: 正常 | BS47: 正常 | BT47: 正常 | BU47: 未上架 | BV47: 未上架 | BW47: 正常 | BX47: 正常 | BY47: 正常 | BZ47: 正常 | CA47: 正常 | CB47: 正常 | CC47: 正常 | CD47: 未上架 | CE47: 未上架 | CF47: 未上架 | CG47: 正常 | CH47: 竞争无优势 | CI47: 正常 | CJ47: 竞争无优势 | CK47: 无市场 | CL47: 正常 | CM47: 无市场 | CP47: 未上架 | CQ47: 无异常 | CR47: 无异常 | CS47: 无异常 | CT47: 无调整 | CU47: 无异常 | CV47: 无异常 | CW47: N | CX47: N | CY47: N | CZ47: =IF(_xlfn.XLOOKUP(B47,[2]累计数据!$C$193:$C$245,[2]累计数据!$C$193:$C$245,"N")=B47,"Y","N") -> N | DA47: 0.05 | DB47: 0.05 | DC47: 0.02
A48: 12298 | B48: LYAP-X2144-1L | C48: 46099 | D48: =IF(_xlfn.XLOOKUP(A48,[1]分配表!J:J,[1]分配表!M:M)=0,"未出单",_xlfn.XLOOKUP(A48,[1]分配表!J:J,[1]分配表!M:M)) -> 未出单 | E48: =_xlfn.XLOOKUP(A48,[1]分配表!A:A,[1]分配表!C:C) -> 朱培源 | F48: 车门系统 | G48: 拓展品 | H48: 0 | I48: 0 | J48: 0 | K48: 0 | L48: 0 | M48: 0 | N48: 0 | O48: 0 | P48: 0 | Q48: =IFERROR(P48-O48,P48) -> 0 | R48: 0 | S48: 0 | T48: 0 | U48: 0 | V48: 0 | W48: 0 | X48: 0 | Y48: 0 | Z48: 0 | AA48: =IFERROR(Z48-Y48,Z48) -> 0 | AB48: 0 | AC48: 0 | AD48: 1 | AE48: 2 | AF48: 1 | AG48: 4 | AH48: 0 | AI48: 0 | AJ48: 3 | AK48: 市场无出单 | AL48: 市场无出单 | AM48: 0 | AN48: 0 | AO48: 0 | AP48: 0 | AQ48: 市场无出单 | AR48: 市场无出单 | AS48: 0 | AT48: 未上架 | AU48: 未上架 | AV48: 2 | AW48: 1 | AX48: 7 | AY48: 6 | AZ48: 2 | BA48: 9 | BB48: 6 | BC48: 未上架 | BD48: 未上架 | BE48: 未出单 | BF48: 未出单 | BG48: 未出单 | BH48: 未出单 | BI48: 未出单 | BJ48: 未出单 | BK48: 未出单 | BL48: 未上架 | BM48: 未上架 | BN48: 正常 | BO48: 正常 | BP48: 正常 | BQ48: 正常 | BR48: 正常 | BS48: 正常 | BT48: 正常 | BU48: 未上架 | BV48: 未上架 | BW48: 正常 | BX48: 正常 | BY48: 正常 | BZ48: 正常 | CA48: 正常 | CB48: 正常 | CC48: 正常 | CD48: 未上架 | CE48: 未上架 | CF48: 未上架 | CG48: 无市场 | CH48: 竞争无优势 | CI48: 竞争无优势 | CJ48: 竞争无优势 | CK48: 无市场 | CL48: 无市场 | CM48: 竞争无优势 | CP48: 未上架 | CQ48: 未分析 | CR48: 降价测试-市场有低价对手出单 | CS48: 降价测试-市场有低价对手出单 | CT48: 链接优化 | CU48: 无调整 | CV48: 广告-PLG | CW48: N | CX48: N | CY48: N | CZ48: =IF(_xlfn.XLOOKUP(B48,[2]累计数据!$C$193:$C$245,[2]累计数据!$C$193:$C$245,"N")=B48,"Y","N") -> N | DA48: 0.05 | DB48: 0.04 | DC48: 0.02
A49: 12299 | B49: LYAP-X2144-1R | C49: 46099 | D49: =IF(_xlfn.XLOOKUP(A49,[1]分配表!J:J,[1]分配表!M:M)=0,"未出单",_xlfn.XLOOKUP(A49,[1]分配表!J:J,[1]分配表!M:M)) -> 46119 | E49: =_xlfn.XLOOKUP(A49,[1]分配表!A:A,[1]分配表!C:C) -> 朱培源 | F49: 车门系统 | G49: 拓展品 | H49: 0 | I49: 0 | J49: 0 | K49: 0 | L49: 2 | M49: 3 | N49: 0 | O49: 0 | P49: 0 | Q49: =IFERROR(P49-O49,P49) -> 0 | R49: 0 | S49: 0 | T49: 0 | U49: 0 | V49: 52.84 | W49: 79.26 | X49: 0 | Y49: 0 | Z49: 0 | AA49: =IFERROR(Z49-Y49,Z49) -> 0 | AB49: 0 | AC49: 0 | AD49: 1 | AE49: 4 | AF49: 0 | AG49: 1 | AH49: 2 | AI49: 2 | AJ49: 1 | AK49: 市场无出单 | AL49: 市场无出单 | AM49: 0 | AN49: 0 | AO49: 1 | AP49: 0.75 | AQ49: 0 | AR49: 0 | AS49: 0 | AT49: 未上架 | AU49: 未上架 | AV49: 2 | AW49: 1 | AX49: 5 | AY49: 13 | AZ49: 1 | BA49: 8 | BB49: 15 | BC49: 未上架 | BD49: 未上架 | BE49: 未出单 | BF49: 未出单 | BG49: N | BH49: N | BI49: N | BJ49: N | BK49: N | BL49: 未上架 | BM49: 未上架 | BN49: 正常 | BO49: 正常 | BP49: 正常 | BQ49: 异常 | BR49: 正常 | BS49: 异常 | BT49: 异常 | BU49: 未上架 | BV49: 未上架 | BW49: 正常 | BX49: 正常 | BY49: 正常 | BZ49: 正常 | CA49: 正常 | CB49: 正常 | CC49: 正常 | CD49: 未上架 | CE49: 未上架 | CF49: 未上架 | CG49: 竞争无优势 | CH49: 竞争无优势 | CI49: 正常 | CJ49: 正常 | CK49: 竞争无优势 | CL49: 竞争无优势 | CM49: 竞争无优势 | CP49: 未上架 | CQ49: 未分析 | CR49: 无异常 | CS49: 无异常 | CT49: 无调整 | CU49: 无异常 | CV49: 无调整 | CW49: N | CX49: N | CY49: N | CZ49: =IF(_xlfn.XLOOKUP(B49,[2]累计数据!$C$193:$C$245,[2]累计数据!$C$193:$C$245,"N")=B49,"Y","N") -> N | DA49: 0.05 | DB49: 0.02 | DC49: 0.02
A50: 12396 | B50: LYAP-X1665-1 | C50: 46104 | D50: =IF(_xlfn.XLOOKUP(A50,[1]分配表!J:J,[1]分配表!M:M)=0,"未出单",_xlfn.XLOOKUP(A50,[1]分配表!J:J,[1]分配表!M:M)) -> 未出单 | E50: =_xlfn.XLOOKUP(A50,[1]分配表!A:A,[1]分配表!C:C) -> 胡煜星 | F50: 车门系统 | G50: 原开品 | H50: 0 | I50: 0 | J50: 0 | K50: 0 | L50: 0 | M50: 0 | N50: 0 | O50: 0 | P50: 0 | Q50: =IFERROR(P50-O50,P50) -> 0 | R50: 0 | S50: 0 | T50: 0 | U50: 0 | V50: 0 | W50: 0 | X50: 0 | Y50: 0 | Z50: 0 | AA50: =IFERROR(Z50-Y50,Z50) -> 0 | AB50: 0 | AC50: 0 | AD50: 0 | AE50: 0 | AF50: 0 | AG50: 0 | AH50: 0 | AI50: 0 | AJ50: 0 | AK50: 市场无出单 | AL50: 市场无出单 | AM50: 市场无出单 | AN50: 0 | AO50: 0 | AP50: 0 | AQ50: 市场无出单 | AR50: 市场无出单 | AS50: 市场无出单 | AT50: 未上架 | AU50: 未上架 | AV50: 2 | AW50: 10 | AX50: 0 | AY50: 6 | AZ50: 5 | BA50: 6 | BB50: 0 | BC50: 未上架 | BD50: 未上架 | BE50: 未出单 | BF50: 未出单 | BG50: 未出单 | BH50: 未出单 | BI50: 未出单 | BJ50: 未出单 | BK50: 未出单 | BL50: 未上架 | BM50: 未上架 | BN50: 正常 | BO50: 异常 | BP50: 正常 | BQ50: 正常 | BR50: 正常 | BS50: 正常 | BT50: 正常 | BU50: 未上架 | BV50: 未上架 | BW50: 正常 | BX50: 正常 | BY50: 正常 | BZ50: 正常 | CA50: 正常 | CB50: 正常 | CC50: 正常 | CD50: 未上架 | CE50: 未上架 | CF50: 未上架 | CG50: 无市场 | CH50: 无市场 | CI50: 无市场 | CJ50: 无市场 | CK50: 无市场 | CL50: 无市场 | CM50: 无市场 | CP50: 未上架 | CQ50: 广告-PLG | CR50: 链接优化 | CS50: 链接优化 | CT50: 降价测试-市场无对手 | CU50: 广告-PLP | CV50: 降价测试-市场无对手 | CW50: N | CX50: Y | CY50: Y | CZ50: =IF(_xlfn.XLOOKUP(B50,[2]累计数据!$C$193:$C$245,[2]累计数据!$C$193:$C$245,"N")=B50,"Y","N") -> Y | DA50: 0.05 | DB50: 0.04 | DC50: 0.04
A51: 12291 | B51: LYAP-X1872 | C51: 46104 | D51: =IF(_xlfn.XLOOKUP(A51,[1]分配表!J:J,[1]分配表!M:M)=0,"未出单",_xlfn.XLOOKUP(A51,[1]分配表!J:J,[1]分配表!M:M)) -> 46134 | E51: =_xlfn.XLOOKUP(A51,[1]分配表!A:A,[1]分配表!C:C) -> 张潇 | F51: 挡泥板 | G51: 原开品 | H51: 0 | I51: 0 | J51: 0 | K51: 0 | L51: 0 | M51: 0 | N51: 1 | O51: 0 | P51: 2 | Q51: =IFERROR(P51-O51,P51) -> 2 | R51: 0 | S51: 0 | T51: 0 | U51: 0 | V51: 0 | W51: 0 | X51: 129 | Y51: 0 | Z51: 258 | AA51: =IFERROR(Z51-Y51,Z51) -> 258 | AB51: 0 | AC51: 0 | AD51: 0 | AE51: 0 | AF51: 0 | AG51: 0 | AH51: 0 | AI51: 0 | AJ51: 0 | AK51: 市场无出单 | AL51: 市场无出单 | AM51: 市场无出单 | AN51: 0 | AO51: 0 | AP51: 0 | AQ51: 市场无出单 | AR51: 1 | AS51: 1 | AT51: 未上架 | AU51: 未上架 | AV51: 2 | AW51: 1 | AX51: 0 | AY51: 5 | AZ51: 6 | BA51: 0 | BB51: 7 | BC51: 未上架 | BD51: 未上架 | BE51: 未出单 | BF51: 未出单 | BG51: 未出单 | BH51: 未出单 | BI51: N | BJ51: N | BK51: N | BL51: 未上架 | BM51: 未上架 | BN51: 正常 | BO51: 正常 | BP51: 正常 | BQ51: 正常 | BR51: 正常 | BS51: 正常 | BT51: 正常 | BU51: 未上架 | BV51: 未上架 | BW51: 正常 | BX51: 正常 | BY51: 正常 | BZ51: 正常 | CA51: 正常 | CB51: 正常 | CC51: 正常 | CD51: 未上架 | CE51: 未上架 | CF51: 未上架 | CG51: 无市场 | CH51: 无市场 | CI51: 无市场 | CJ51: 站外出单 | CK51: 无市场 | CL51: 正常 | CM51: 正常 | CP51: 未上架 | CQ51: 广告-PLP | CR51: 广告-PLP | CS51: 广告-PLP | CT51: 降价测试-市场无对手 | CU51: 无异常 | CV51: 无异常 | CW51: Y | CX51: Y | CY51: Y | CZ51: =IF(_xlfn.XLOOKUP(B51,[2]累计数据!$C$193:$C$245,[2]累计数据!$C$193:$C$245,"N")=B51,"Y","N") -> Y | DA51: 0.02 | DB51: 0.02 | DC51: 0.02
A52: 12290 | B52: LYAP-X1878 | C52: 46104 | D52: =IF(_xlfn.XLOOKUP(A52,[1]分配表!J:J,[1]分配表!M:M)=0,"未出单",_xlfn.XLOOKUP(A52,[1]分配表!J:J,[1]分配表!M:M)) -> 46119 | E52: =_xlfn.XLOOKUP(A52,[1]分配表!A:A,[1]分配表!C:C) -> 张潇 | F52: 挡泥板 | G52: 原开品 | H52: 0 | I52: 0 | J52: 0 | K52: 0 | L52: 1 | M52: 0 | N52: 0 | O52: 2 | P52: 2 | Q52: =IFERROR(P52-O52,P52) -> 0 | R52: 0 | S52: 0 | T52: 0 | U52: 0 | V52: 118 | W52: 0 | X52: 0 | Y52: 236 | Z52: 236 | AA52: =IFERROR(Z52-Y52,Z52) -> 0 | AB52: 0 | AC52: 0 | AD52: 0 | AE52: 3 | AF52: 0 | AG52: 0 | AH52: 5 | AI52: 1 | AJ52: 1 | AK52: 市场无出单 | AL52: 市场无出单 | AM52: 市场无出单 | AN52: 0 | AO52: 1 | AP52: 0 | AQ52: 0 | AR52: 0 | AS52: 0.8 | AT52: 未上架 | AU52: 未上架 | AV52: 2 | AW52: 1 | AX52: 0 | AY52: 8 | AZ52: 2 | BA52: 9 | BB52: 0 | BC52: 未上架 | BD52: 未上架 | BE52: 未出单 | BF52: 未出单 | BG52: N | BH52: N | BI52: N | BJ52: N | BK52: N | BL52: 未上架 | BM52: 未上架 | BN52: 正常 | BO52: 正常 | BP52: 正常 | BQ52: 异常 | BR52: 正常 | BS52: 异常 | BT52: 正常 | BU52: 未上架 | BV52: 未上架 | BW52: 正常 | BX52: 正常 | BY52: 正常 | BZ52: 正常 | CA52: 正常 | CB52: 正常 | CC52: 正常 | CD52: 未上架 | CE52: 未上架 | CF52: 未上架 | CG52: 无市场 | CH52: 竞争无优势 | CI52: 正常 | CJ52: 正常 | CK52: 竞争无优势 | CL52: 竞争无优势 | CM52: 正常 | CP52: 未上架 | CQ52: 无调整 | CR52: 无异常 | CS52: 无异常 | CT52: 链接优化 | CU52: 无异常 | CV52: 无调整 | CW52: N | CX52: N | CY52: N | CZ52: =IF(_xlfn.XLOOKUP(B52,[2]累计数据!$C$193:$C$245,[2]累计数据!$C$193:$C$245,"N")=B52,"Y","N") -> N | DA52: 0.02 | DB52: 0.02 | DC52: 0.02
A53: 12391 | B53: LYAP-X2130-1 | C53: 46104 | D53: =IF(_xlfn.XLOOKUP(A53,[1]分配表!J:J,[1]分配表!M:M)=0,"未出单",_xlfn.XLOOKUP(A53,[1]分配表!J:J,[1]分配表!M:M)) -> 46118 | E53: =_xlfn.XLOOKUP(A53,[1]分配表!A:A,[1]分配表!C:C) -> 张潇 | F53: 其他 | G53: 原开品 | H53: 0 | I53: 0 | J53: 0 | K53: 0 | L53: 1 | M53: 1 | N53: 0 | O53: 2 | P53: 2 | Q53: =IFERROR(P53-O53,P53) -> 0 | R53: 0 | S53: 0 | T53: 0 | U53: 0 | V53: 139 | W53: 139 | X53: 0 | Y53: 278 | Z53: 278 | AA53: =IFERROR(Z53-Y53,Z53) -> 0 | AB53: 0 | AC53: 0 | AD53: 0 | AE53: 0 | AF53: 0 | AG53: 0 | AH53: 0 | AI53: 0 | AJ53: 0 | AK53: 市场无出单 | AL53: 市场无出单 | AM53: 市场无出单 | AN53: 0 | AO53: 1 | AP53: 1 | AQ53: 1 | AR53: 1 | AS53: 1 | AT53: 未上架 | AU53: 未上架 | AV53: 2 | AW53: 10 | AX53: 0 | AY53: 8 | AZ53: 2 | BA53: 9 | BB53: 6 | BC53: 未上架 | BD53: 未上架 | BE53: 未出单 | BF53: 未出单 | BG53: N | BH53: N | BI53: N | BJ53: N | BK53: N | BL53: 未上架 | BM53: 未上架 | BN53: 正常 | BO53: 异常 | BP53: 正常 | BQ53: 异常 | BR53: 正常 | BS53: 正常 | BT53: 正常 | BU53: 未上架 | BV53: 未上架 | BW53: 正常 | BX53: 正常 | BY53: 正常 | BZ53: 正常 | CA53: 正常 | CB53: 正常 | CC53: 正常 | CD53: 未上架 | CE53: 未上架 | CF53: 未上架 | CG53: 无市场 | CH53: 无市场 | CI53: 正常 | CJ53: 站外出单 | CK53: 正常 | CL53: 正常 | CM53: 正常 | CP53: 未上架 | CQ53: 无调整 | CR53: 无异常 | CS53: 无异常 | CT53: 无调整 | CU53: 无异常 | CV53: 无异常 | CW53: N | CX53: N | CY53: N | CZ53: =IF(_xlfn.XLOOKUP(B53,[2]累计数据!$C$193:$C$245,[2]累计数据!$C$193:$C$245,"N")=B53,"Y","N") -> N | DA53: 0.02 | DB53: 0 | DC53: 0
A54: 12398 | B54: LYAP-X2130-2 | C54: 46104 | D54: =IF(_xlfn.XLOOKUP(A54,[1]分配表!J:J,[1]分配表!M:M)=0,"未出单",_xlfn.XLOOKUP(A54,[1]分配表!J:J,[1]分配表!M:M)) -> 46114 | E54: =_xlfn.XLOOKUP(A54,[1]分配表!A:A,[1]分配表!C:C) -> 张潇 | F54: 其他 | G54: 拓展品 | H54: 0 | I54: 0 | J54: 0 | K54: 0 | L54: 3 | M54: 1 | N54: 3 | O54: 1 | P54: 3 | Q54: =IFERROR(P54-O54,P54) -> 2 | R54: 0 | S54: 0 | T54: 0 | U54: 0 | V54: 147 | W54: 49 | X54: 147 | Y54: 49 | Z54: 147 | AA54: =IFERROR(Z54-Y54,Z54) -> 98 | AB54: 0 | AC54: 0 | AD54: 0 | AE54: 0 | AF54: 0 | AG54: 1 | AH54: 1 | AI54: 0 | AJ54: 0 | AK54: 市场无出单 | AL54: 市场无出单 | AM54: 市场无出单 | AN54: 0 | AO54: 1 | AP54: 0.5 | AQ54: 0.8 | AR54: 1 | AS54: 1 | AT54: 未上架 | AU54: 未上架 | AV54: 1 | AW54: 9 | AX54: 0 | AY54: 8 | AZ54: 2 | BA54: 9 | BB54: 16 | BC54: 未上架 | BD54: 未上架 | BE54: 未出单 | BF54: 未出单 | BG54: N | BH54: N | BI54: N | BJ54: N | BK54: N | BL54: 未上架 | BM54: 未上架 | BN54: 正常 | BO54: 异常 | BP54: 正常 | BQ54: 异常 | BR54: 正常 | BS54: 正常 | BT54: 正常 | BU54: 未上架 | BV54: 未上架 | BW54: 正常 | BX54: 正常 | BY54: 正常 | BZ54: 正常 | CA54: 正常 | CB54: 正常 | CC54: 正常 | CD54: 未上架 | CE54: 未上架 | CF54: 未上架 | CG54: 无市场 | CH54: 无市场 | CI54: 正常 | CJ54: 正常 | CK54: 正常 | CL54: 正常 | CM54: 正常 | CP54: 未上架 | CQ54: 无调整 | CR54: 无异常 | CS54: 无异常 | CT54: 无调整 | CU54: 无异常 | CV54: 无异常 | CW54: N | CX54: N | CY54: N | CZ54: =IF(_xlfn.XLOOKUP(B54,[2]累计数据!$C$193:$C$245,[2]累计数据!$C$193:$C$245,"N")=B54,"Y","N") -> N | DA54: 0.02 | DB54: 0.02 | DC54: 0.02
A55: 12357 | B55: LYAP-X2309 | C55: 46104 | D55: =IF(_xlfn.XLOOKUP(A55,[1]分配表!J:J,[1]分配表!M:M)=0,"未出单",_xlfn.XLOOKUP(A55,[1]分配表!J:J,[1]分配表!M:M)) -> 46104 | E55: =_xlfn.XLOOKUP(A55,[1]分配表!A:A,[1]分配表!C:C) -> 张潇 | F55: 其他 | G55: 原开品 | H55: 0 | I55: 0 | J55: 1 | K55: 0 | L55: 1 | M55: 4 | N55: 0 | O55: 1 | P55: 1 | Q55: =IFERROR(P55-O55,P55) -> 0 | R55: 0 | S55: 0 | T55: 110 | U55: 0 | V55: 99 | W55: 391.05 | X55: 0 | Y55: 99 | Z55: 99 | AA55: =IFERROR(Z55-Y55,Z55) -> 0 | AB55: 0 | AC55: 0 | AD55: 0 | AE55: 0 | AF55: 0 | AG55: 0 | AH55: 0 | AI55: 0 | AJ55: 0 | AK55: 市场无出单 | AL55: 市场无出单 | AM55: 1 | AN55: 0 | AO55: 1 | AP55: 1 | AQ55: 市场无出单 | AR55: 1 | AS55: 市场无出单 | AT55: 未上架 | AU55: 未上架 | AV55: 2 | AW55: 10 | AX55: 0 | AY55: 6 | AZ55: 12 | BA55: 2 | BB55: 9 | BC55: 未上架 | BD55: 未上架 | BE55: Y | BF55: Y | BG55: Y | BH55: Y | BI55: Y | BJ55: Y | BK55: Y | BL55: 未上架 | BM55: 未上架 | BN55: 正常 | BO55: 异常 | BP55: 正常 | BQ55: 正常 | BR55: 异常 | BS55: 正常 | BT55: 正常 | BU55: 未上架 | BV55: 未上架 | BW55: 正常 | BX55: 正常 | BY55: 正常 | BZ55: 正常 | CA55: 正常 | CB55: 正常 | CC55: 正常 | CD55: 未上架 | CE55: 未上架 | CF55: 未上架 | CG55: 正常 | CH55: 站外出单 | CI55: 站外出单 | CJ55: 正常 | CK55: 站外出单 | CL55: 正常 | CM55: 无市场 | CP55: 未上架 | CQ55: 降价测试-市场无对手 | CR55: 无异常 | CS55: 无异常 | CT55: 无异常 | CU55: 无调整 | CV55: 无异常 | CW55: N | CX55: N | CY55: N | CZ55: =IF(_xlfn.XLOOKUP(B55,[2]累计数据!$C$193:$C$245,[2]累计数据!$C$193:$C$245,"N")=B55,"Y","N") -> N | DA55: 0.02 | DB55: 0.02 | DC55: 0.02
A56: 12423 | B56: LYAP-X2313 | C56: 46104 | D56: =IF(_xlfn.XLOOKUP(A56,[1]分配表!J:J,[1]分配表!M:M)=0,"未出单",_xlfn.XLOOKUP(A56,[1]分配表!J:J,[1]分配表!M:M)) -> 46108 | E56: =_xlfn.XLOOKUP(A56,[1]分配表!A:A,[1]分配表!C:C) -> 张潇 | F56: 其他 | G56: 原开品 | H56: 0 | I56: 0 | J56: 0 | K56: 1 | L56: 1 | M56: 1 | N56: 0 | O56: 0 | P56: 1 | Q56: =IFERROR(P56-O56,P56) -> 1 | R56: 0 | S56: 0 | T56: 0 | U56: 58 | V56: 58 | W56: 58 | X56: 0 | Y56: 0 | Z56: 58 | AA56: =IFERROR(Z56-Y56,Z56) -> 58 | AB56: 0 | AC56: 0 | AD56: 0 | AE56: 0 | AF56: 0 | AG56: 0 | AH56: 0 | AI56: 0 | AJ56: 0 | AK56: 市场无出单 | AL56: 市场无出单 | AM56: 市场无出单 | AN56: 1 | AO56: 1 | AP56: 1 | AQ56: 1 | AR56: 市场无出单 | AS56: 1 | AT56: 未上架 | AU56: 未上架 | AV56: 1 | AW56: 9 | AX56: 0 | AY56: 6 | AZ56: 5 | BA56: 12 | BB56: 19 | BC56: 未上架 | BD56: 未上架 | BE56: 未出单 | BF56: Y | BG56: Y | BH56: Y | BI56: Y | BJ56: Y | BK56: Y | BL56: 未上架 | BM56: 未上架 | BN56: 正常 | BO56: 异常 | BP56: 正常 | BQ56: 正常 | BR56: 正常 | BS56: 正常 | BT56: 正常 | BU56: 未上架 | BV56: 未上架 | BW56: 正常 | BX56: 正常 | BY56: 正常 | BZ56: 正常 | CA56: 正常 | CB56: 正常 | CC56: 正常 | CD56: 未上架 | CE56: 未上架 | CF56: 未上架 | CG56: 无市场 | CH56: 正常 | CI56: 正常 | CJ56: 站外出单 | CK56: 正常 | CL56: 无市场 | CM56: 正常 | CP56: 未上架 | CQ56: 广告-PLP | CR56: 无异常 | CS56: 无异常 | CT56: 无异常 | CU56: 无异常 | CV56: 无异常 | CW56: N | CX56: N | CY56: N | CZ56: =IF(_xlfn.XLOOKUP(B56,[2]累计数据!$C$193:$C$245,[2]累计数据!$C$193:$C$245,"N")=B56,"Y","N") -> N | DA56: 0.02 | DB56: 0.02 | DC56: 0.02
A57: 12387 | B57: LYAP-X2077 | C57: 46105 | D57: =IF(_xlfn.XLOOKUP(A57,[1]分配表!J:J,[1]分配表!M:M)=0,"未出单",_xlfn.XLOOKUP(A57,[1]分配表!J:J,[1]分配表!M:M)) -> 46125 | E57: =_xlfn.XLOOKUP(A57,[1]分配表!A:A,[1]分配表!C:C) -> 俞东旭 | F57: 车身外扩件 | G57: 原开品 | H57: 0 | I57: 0 | J57: 0 | K57: 0 | L57: 0 | M57: 2 | N57: 0 | O57: 0 | P57: 2 | Q57: =IFERROR(P57-O57,P57) -> 2 | R57: 0 | S57: 0 | T57: 0 | U57: 0 | V57: 0 | W57: 70 | X57: 0 | Y57: 0 | Z57: 70 | AA57: =IFERROR(Z57-Y57,Z57) -> 70 | AB57: 0 | AC57: 0 | AD57: 0 | AE57: 6 | AF57: 1 | AG57: 1 | AH57: 4 | AI57: 4 | AJ57: 2 | AK57: 市场无出单 | AL57: 市场无出单 | AM57: 市场无出单 | AN57: 0 | AO57: 0 | AP57: 0.66666667 | AQ57: 0 | AR57: 0 | AS57: 0.5 | AT57: 未上架 | AU57: 未上架 | AV57: 46106 | AW57: 5 | AX57: 0 | AY57: 1 | AZ57: 1 | BA57: 1 | BB57: 8 | BC57: 未上架 | BD57: 未上架 | BE57: 未出单 | BF57: 未出单 | BG57: 未出单 | BH57: 未出单 | BI57: N | BJ57: N | BK57: N | BL57: 未上架 | BM57: 未上架 | BN57: 异常 | BO57: 正常 | BP57: 正常 | BQ57: 正常 | BR57: 正常 | BS57: 正常 | BT57: 异常 | BU57: 未上架 | BV57: 未上架 | BW57: 异常 | BX57: 正常 | BY57: 正常 | BZ57: 正常 | CA57: 正常 | CB57: 正常 | CC57: 正常 | CD57: 未上架 | CE57: 未上架 | CF57: 未上架 | CG57: 无市场 | CH57: 竞争无优势 | CI57: 竞争无优势 | CJ57: 竞争无优势 | CK57: 竞争无优势 | CL57: 竞争无优势 | CM57: 竞争无优势 | CP57: 未上架 | CQ57: 广告-PLP | CR57: 无异常 | CS57: 广告-PLG | CT57: 广告-PLP | CU57: 无异常 | CV57: 无异常 | CW57: Y | CX57: Y | CY57: Y | CZ57: =IF(_xlfn.XLOOKUP(B57,[2]累计数据!$C$193:$C$245,[2]累计数据!$C$193:$C$245,"N")=B57,"Y","N") -> N | DA57: 0.02 | DB57: 0.025 | DC57: 0.025
A58: 12388 | B58: LYAP-X2085 | C58: 46105 | D58: =IF(_xlfn.XLOOKUP(A58,[1]分配表!J:J,[1]分配表!M:M)=0,"未出单",_xlfn.XLOOKUP(A58,[1]分配表!J:J,[1]分配表!M:M)) -> 46125 | E58: =_xlfn.XLOOKUP(A58,[1]分配表!A:A,[1]分配表!C:C) -> 俞东旭 | F58: 车身外扩件 | G58: 原开品 | H58: 0 | I58: 0 | J58: 0 | K58: 0 | L58: 0 | M58: 1 | N58: 0 | O58: 0 | P58: 0 | Q58: =IFERROR(P58-O58,P58) -> 0 | R58: 0 | S58: 0 | T58: 0 | U58: 0 | V58: 0 | W58: 35 | X58: 0 | Y58: 0 | Z58: 0 | AA58: =IFERROR(Z58-Y58,Z58) -> 0 | AB58: 0 | AC58: 0 | AD58: 0 | AE58: 0 | AF58: 4 | AG58: 2 | AH58: 1 | AI58: 1 | AJ58: 2 | AK58: 市场无出单 | AL58: 市场无出单 | AM58: 市场无出单 | AN58: 0 | AO58: 0 | AP58: 0.33333333 | AQ58: 0 | AR58: 0 | AS58: 0 | AT58: 未上架 | AU58: 未上架 | AV58: 46106 | AW58: 5 | AX58: 0 | AY58: 1 | AZ58: 1 | BA58: 8 | BB58: 0 | BC58: 未上架 | BD58: 未上架 | BE58: 未出单 | BF58: 未出单 | BG58: 未出单 | BH58: 未出单 | BI58: N | BJ58: N | BK58: N | BL58: 未上架 | BM58: 未上架 | BN58: 异常 | BO58: 正常 | BP58: 正常 | BQ58: 正常 | BR58: 正常 | BS58: 异常 | BT58: 正常 | BU58: 未上架 | BV58: 未上架 | BW58: 异常 | BX58: 正常 | BY58: 正常 | BZ58: 正常 | CA58: 正常 | CB58: 正常 | CC58: 正常 | CD58: 未上架 | CE58: 未上架 | CF58: 未上架 | CG58: 无市场 | CH58: 竞争无优势 | CI58: 竞争无优势 | CJ58: 竞争无优势 | CK58: 竞争无优势 | CL58: 竞争无优势 | CM58: 竞争无优势 | CP58: 未上架 | CQ58: 广告-PLP | CR58: 无异常 | CS58: 广告-PLG | CT58: 广告-PLP | CU58: 无异常 | CV58: 广告-PLP | CW58: Y | CX58: Y | CY58: Y | CZ58: =IF(_xlfn.XLOOKUP(B58,[2]累计数据!$C$193:$C$245,[2]累计数据!$C$193:$C$245,"N")=B58,"Y","N") -> N | DA58: 0.02 | DB58: 0 | DC58: 0.025
A59: 12474 | B59: LYAP-838 | C59: 46108 | D59: =IF(_xlfn.XLOOKUP(A59,[1]分配表!J:J,[1]分配表!M:M)=0,"未出单",_xlfn.XLOOKUP(A59,[1]分配表!J:J,[1]分配表!M:M)) -> 46116 | E59: =_xlfn.XLOOKUP(A59,[1]分配表!A:A,[1]分配表!C:C) -> 张潇 | F59: 饰条 | G59: 拓展品 | H59: 0 | I59: 0 | J59: 0 | K59: 0 | L59: 1 | M59: 6 | N59: 1 | O59: 6 | P59: 2 | Q59: =IFERROR(P59-O59,P59) -> -4 | R59: 0 | S59: 0 | T59: 0 | U59: 0 | V59: 95 | W59: 513 | X59: 85.5 | Y59: 513 | Z59: 171 | AA59: =IFERROR(Z59-Y59,Z59) -> -342 | AB59: 0 | AC59: 0 | AD59: 0 | AE59: 0 | AF59: 1 | AG59: 0 | AH59: 0 | AI59: 0 | AJ59: 0 | AK59: 市场无出单 | AL59: 市场无出单 | AM59: 市场无出单 | AN59: 0 | AO59: 0.5 | AP59: 1 | AQ59: 1 | AR59: 1 | AS59: 1 | AT59: 未上架 | AU59: 未上架 | AV59: 未上架 | AW59: 5 | AX59: 0 | AY59: 3 | AZ59: 2 | BA59: 2 | BB59: 9 | BC59: 未上架 | BD59: 未上架 | BE59: 未上架 | BF59: 未出单 | BG59: Y | BH59: Y | BI59: Y | BJ59: Y | BK59: Y | BL59: 未上架 | BM59: 未上架 | BN59: 未上架 | BO59: 正常 | BP59: 正常 | BQ59: 正常 | BR59: 正常 | BS59: 正常 | BT59: 正常 | BU59: 未上架 | BV59: 未上架 | BW59: 未上架 | BX59: 异常 | BY59: 正常 | BZ59: 正常 | CA59: 正常 | CB59: 正常 | CC59: 正常 | CD59: 未上架 | CE59: 未上架 | CF59: 未上架 | CG59: 未上架 | CH59: 无市场 | CI59: 竞争无优势 | CJ59: 正常 | CK59: 正常 | CL59: 正常 | CM59: 正常 | CP59: 未上架 | CQ59: 降价测试-市场无对手 | CR59: 无异常 | CS59: 无异常 | CT59: 无异常 | CU59: 无异常 | CV59: 无异常 | CW59: Y | CX59: Y | CY59: Y | CZ59: =IF(_xlfn.XLOOKUP(B59,[2]累计数据!$C$193:$C$245,[2]累计数据!$C$193:$C$245,"N")=B59,"Y","N") -> Y | DA59: 0.02 | DB59: 0.02 | DC59: 0
A60: 12429 | B60: LYAP-X1665-2L | C60: 46108 | D60: =IF(_xlfn.XLOOKUP(A60,[1]分配表!J:J,[1]分配表!M:M)=0,"未出单",_xlfn.XLOOKUP(A60,[1]分配表!J:J,[1]分配表!M:M)) -> 46111 | E60: =_xlfn.XLOOKUP(A60,[1]分配表!A:A,[1]分配表!C:C) -> 俞东旭 | F60: 车门系统 | G60: 拓展品 | H60: 0 | I60: 0 | J60: 0 | K60: 1 | L60: 0 | M60: 0 | N60: 0 | O60: 0 | P60: 2 | Q60: =IFERROR(P60-O60,P60) -> 2 | R60: 0 | S60: 0 | T60: 0 | U60: 160 | V60: 0 | W60: 0 | X60: 0 | Y60: 0 | Z60: 510 | AA60: =IFERROR(Z60-Y60,Z60) -> 510 | AB60: 0 | AC60: 0 | AD60: 0 | AE60: 0 | AF60: 0 | AG60: 0 | AH60: 0 | AI60: 0 | AJ60: 0 | AK60: 市场无出单 | AL60: 市场无出单 | AM60: 市场无出单 | AN60: 1 | AO60: 0 | AP60: 0 | AQ60: 市场无出单 | AR60: 市场无出单 | AS60: 1 | AT60: 未上架 | AU60: 未上架 | AV60: 未上架 | AW60: 5 | AX60: 0 | AY60: 8 | AZ60: 1 | BA60: 5 | BB60: 12 | BC60: 未上架 | BD60: 未上架 | BE60: 未上架 | BF60: Y | BG60: Y | BH60: Y | BI60: Y | BJ60: Y | BK60: Y | BL60: 未上架 | BM60: 未上架 | BN60: 未上架 | BO60: 正常 | BP60: 正常 | BQ60: 异常 | BR60: 正常 | BS60: 正常 | BT60: 正常 | BU60: 未上架 | BV60: 未上架 | BW60: 未上架 | BX60: 异常 | BY60: 正常 | BZ60: 正常 | CA60: 正常 | CB60: 正常 | CC60: 正常 | CD60: 未上架 | CE60: 未上架 | CF60: 未上架 | CG60: 未上架 | CH60: 正常 | CI60: 站外出单 | CJ60: 站外出单 | CK60: 站外出单 | CL60: 站外出单 | CM60: 正常 | CP60: 未上架 | CQ60: 无调整 | CR60: 无异常 | CS60: 无异常 | CT60: 无调整 | CU60: 无异常 | CV60: 无异常 | CW60: N | CX60: N | CY60: N | CZ60: =IF(_xlfn.XLOOKUP(B60,[2]累计数据!$C$193:$C$245,[2]累计数据!$C$193:$C$245,"N")=B60,"Y","N") -> N | DA60: 0.02 | DB60: 0 | DC60: 0
A61: 12424 | B61: LYAP-X1665-2R | C61: 46108 | D61: =IF(_xlfn.XLOOKUP(A61,[1]分配表!J:J,[1]分配表!M:M)=0,"未出单",_xlfn.XLOOKUP(A61,[1]分配表!J:J,[1]分配表!M:M)) -> 未出单 | E61: =_xlfn.XLOOKUP(A61,[1]分配表!A:A,[1]分配表!C:C) -> 俞东旭 | F61: 车门系统 | G61: 拓展品 | H61: 0 | I61: 0 | J61: 0 | K61: 0 | L61: 0 | M61: 0 | N61: 0 | O61: 0 | P61: 0 | Q61: =IFERROR(P61-O61,P61) -> 0 | R61: 0 | S61: 0 | T61: 0 | U61: 0 | V61: 0 | W61: 0 | X61: 0 | Y61: 0 | Z61: 0 | AA61: =IFERROR(Z61-Y61,Z61) -> 0 | AB61: 0 | AC61: 0 | AD61: 0 | AE61: 0 | AF61: 0 | AG61: 0 | AH61: 0 | AI61: 0 | AJ61: 0 | AK61: 市场无出单 | AL61: 市场无出单 | AM61: 市场无出单 | AN61: 0 | AO61: 0 | AP61: 0 | AQ61: 市场无出单 | AR61: 市场无出单 | AS61: 市场无出单 | AT61: 未上架 | AU61: 未上架 | AV61: 未上架 | AW61: 5 | AX61: 0 | AY61: 1 | AZ61: 1 | BA61: 1 | BB61: 0 | BC61: 未上架 | BD61: 未上架 | BE61: 未上架 | BF61: 未出单 | BG61: 未出单 | BH61: 未出单 | BI61: 未出单 | BJ61: 未出单 | BK61: 未出单 | BL61: 未上架 | BM61: 未上架 | BN61: 未上架 | BO61: 正常 | BP61: 正常 | BQ61: 正常 | BR61: 正常 | BS61: 正常 | BT61: 正常 | BU61: 未上架 | BV61: 未上架 | BW61: 未上架 | BX61: 异常 | BY61: 正常 | BZ61: 正常 | CA61: 正常 | CB61: 正常 | CC61: 正常 | CD61: 未上架 | CE61: 未上架 | CF61: 未上架 | CG61: 未上架 | CH61: 无市场 | CI61: 站外出单 | CJ61: 无市场 | CK61: 无市场 | CL61: 无市场 | CM61: 无市场 | CP61: 未上架 | CQ61: 无调整 | CR61: 无异常 | CS61: 降价测试-市场无对手 | CT61: 广告-PLG | CU61: 广告-PLP | CV61: 广告-PLP | CW61: N | CX61: N | CY61: Y | CZ61: =IF(_xlfn.XLOOKUP(B61,[2]累计数据!$C$193:$C$245,[2]累计数据!$C$193:$C$245,"N")=B61,"Y","N") -> Y | DA61: 0.02 | DB61: 0.02 | DC61: 0.02
A62: 12386 | B62: LYAP-X1788-BN | C62: 46108 | D62: =IF(_xlfn.XLOOKUP(A62,[1]分配表!J:J,[1]分配表!M:M)=0,"未出单",_xlfn.XLOOKUP(A62,[1]分配表!J:J,[1]分配表!M:M)) -> 46123 | E62: =_xlfn.XLOOKUP(A62,[1]分配表!A:A,[1]分配表!C:C) -> 俞东旭 | F62: 车门系统 | G62: 拓展品 | H62: 0 | I62: 0 | J62: 0 | K62: 0 | L62: 0 | M62: 1 | N62: 0 | O62: 0 | P62: 1 | Q62: =IFERROR(P62-O62,P62) -> 1 | R62: 0 | S62: 0 | T62: 0 | U62: 0 | V62: 0 | W62: 30.59 | X62: 0 | Y62: 0 | Z62: 30.59 | AA62: =IFERROR(Z62-Y62,Z62) -> 30.59 | AB62: 0 | AC62: 0 | AD62: 0 | AE62: 3 | AF62: 6 | AG62: 6 | AH62: 6 | AI62: 9 | AJ62: 2 | AK62: 市场无出单 | AL62: 市场无出单 | AM62: 市场无出单 | AN62: 0 | AO62: 0 | AP62: 0.14285714 | AQ62: 0 | AR62: 0 | AS62: 0.3333 | AT62: 未上架 | AU62: 未上架 | AV62: 未上架 | AW62: 5 | AX62: 1 | AY62: 2 | AZ62: 1 | BA62: 8 | BB62: 0 | BC62: 未上架 | BD62: 未上架 | BE62: 未上架 | BF62: 未出单 | BG62: 未出单 | BH62: 未出单 | BI62: N | BJ62: N | BK62: N | BL62: 未上架 | BM62: 未上架 | BN62: 未上架 | BO62: 正常 | BP62: 正常 | BQ62: 正常 | BR62: 正常 | BS62: 异常 | BT62: 正常 | BU62: 未上架 | BV62: 未上架 | BW62: 未上架 | BX62: 异常 | BY62: 正常 | BZ62: 正常 | CA62: 正常 | CB62: 正常 | CC62: 正常 | CD62: 未上架 | CE62: 未上架 | CF62: 未上架 | CG62: 未上架 | CH62: 竞争无优势 | CI62: 竞争无优势 | CJ62: 竞争无优势 | CK62: 竞争无优势 | CL62: 竞争无优势 | CM62: 竞争无优势 | CP62: 未上架 | CQ62: 无调整 | CR62: 无异常 | CS62: 无调整 | CT62: 广告-PLG | CU62: 无异常 | CV62: 广告-PLG | CW62: N | CX62: N | CY62: N | CZ62: =IF(_xlfn.XLOOKUP(B62,[2]累计数据!$C$193:$C$245,[2]累计数据!$C$193:$C$245,"N")=B62,"Y","N") -> N | DA62: 0.02 | DB62: 0.03 | DC62: 0.03
A63: 12426 | B63: LYAP-X2215 | C63: 46108 | D63: =IF(_xlfn.XLOOKUP(A63,[1]分配表!J:J,[1]分配表!M:M)=0,"未出单",_xlfn.XLOOKUP(A63,[1]分配表!J:J,[1]分配表!M:M)) -> 46115 | E63: =_xlfn.XLOOKUP(A63,[1]分配表!A:A,[1]分配表!C:C) -> 胡煜星 | F63: 车门系统 | G63: 原开品 | H63: 0 | I63: 0 | J63: 0 | K63: 0 | L63: 2 | M63: 3 | N63: 4 | O63: 6 | P63: 5 | Q63: =IFERROR(P63-O63,P63) -> -1 | R63: 0 | S63: 0 | T63: 0 | U63: 0 | V63: 130 | W63: 195 | X63: 260 | Y63: 383.5 | Z63: 325 | AA63: =IFERROR(Z63-Y63,Z63) -> -58.5 | AB63: 0 | AC63: 0 | AD63: 0 | AE63: 1 | AF63: 0 | AG63: 0 | AH63: 0 | AI63: 0 | AJ63: 0 | AK63: 市场无出单 | AL63: 市场无出单 | AM63: 市场无出单 | AN63: 0 | AO63: 1 | AP63: 1 | AQ63: 1 | AR63: 1 | AS63: 1 | AT63: 未上架 | AU63: 未上架 | AV63: 未上架 | AW63: 0 | AX63: 6 | AY63: 14 | AZ63: 5 | BA63: 12 | BB63: 19 | BC63: 未上架 | BD63: 未上架 | BE63: 未上架 | BF63: 未出单 | BG63: Y | BH63: Y | BI63: Y | BJ63: Y | BK63: Y | BL63: 未上架 | BM63: 未上架 | BN63: 未上架 | BO63: 正常 | BP63: 正常 | BQ63: 异常 | BR63: 正常 | BS63: 正常 | BT63: 正常 | BU63: 未上架 | BV63: 未上架 | BW63: 未上架 | BX63: 正常 | BY63: 正常 | BZ63: 正常 | CA63: 正常 | CB63: 正常 | CC63: 正常 | CD63: 未上架 | CE63: 未上架 | CF63: 未上架 | CG63: 未上架 | CH63: 无市场 | CI63: 正常 | CJ63: 正常 | CK63: 正常 | CL63: 正常 | CM63: 正常 | CP63: 未上架 | CQ63: 无异常 | CR63: 无异常 | CS63: 无异常 | CT63: 无调整 | CU63: 无异常 | CV63: 无异常 | CW63: N | CX63: N | CY63: N | CZ63: =IF(_xlfn.XLOOKUP(B63,[2]累计数据!$C$193:$C$245,[2]累计数据!$C$193:$C$245,"N")=B63,"Y","N") -> N | DA63: 0.02 | DB63: 0.02 | DC63: 0.02
A64: 12483 | B64: LYAP-X2310 | C64: 46108 | D64: =IF(_xlfn.XLOOKUP(A64,[1]分配表!J:J,[1]分配表!M:M)=0,"未出单",_xlfn.XLOOKUP(A64,[1]分配表!J:J,[1]分配表!M:M)) -> 46111 | E64: =_xlfn.XLOOKUP(A64,[1]分配表!A:A,[1]分配表!C:C) -> 胡煜星 | F64: 其他 | G64: 原开品 | H64: 0 | I64: 0 | J64: 0 | K64: 3 | L64: 0 | M64: 3 | N64: 1 | O64: 3 | P64: 2 | Q64: =IFERROR(P64-O64,P64) -> -1 | R64: 0 | S64: 0 | T64: 0 | U64: 351 | V64: 0 | W64: 351 | X64: 117 | Y64: 362.7 | Z64: 257.4 | AA64: =IFERROR(Z64-Y64,Z64) -> -105.3 | AB64: 0 | AC64: 0 | AD64: 0 | AE64: 0 | AF64: 0 | AG64: 0 | AH64: 0 | AI64: 0 | AJ64: 0 | AK64: 市场无出单 | AL64: 市场无出单 | AM64: 市场无出单 | AN64: 1 | AO64: 0 | AP64: 1 | AQ64: 1 | AR64: 1 | AS64: 1 | AT64: 未上架 | AU64: 未上架 | AV64: 未上架 | AW64: 0 | AX64: 6 | AY64: 14 | AZ64: 5 | BA64: 12 | BB64: 19 | BC64: 未上架 | BD64: 未上架 | BE64: 未上架 | BF64: Y | BG64: Y | BH64: Y | BI64: Y | BJ64: Y | BK64: Y | BL64: 未上架 | BM64: 未上架 | BN64: 未上架 | BO64: 正常 | BP64: 正常 | BQ64: 异常 | BR64: 正常 | BS64: 正常 | BT64: 正常 | BU64: 未上架 | BV64: 未上架 | BW64: 未上架 | BX64: 正常 | BY64: 正常 | BZ64: 正常 | CA64: 正常 | CB64: 正常 | CC64: 正常 | CD64: 未上架 | CE64: 未上架 | CF64: 未上架 | CG64: 未上架 | CH64: 正常 | CI64: 正常 | CJ64: 正常 | CK64: 正常 | CL64: 正常 | CM64: 正常 | CP64: 未上架 | CQ64: 无异常 | CR64: 无异常 | CS64: 无异常 | CT64: 无调整 | CU64: 无异常 | CV64: 无异常 | CW64: N | CX64: N | CY64: Y | CZ64: =IF(_xlfn.XLOOKUP(B64,[2]累计数据!$C$193:$C$245,[2]累计数据!$C$193:$C$245,"N")=B64,"Y","N") -> Y | DA64: 0.02 | DB64: 0.02 | DC64: 0
A65: 12484 | B65: LYAP-X2317 | C65: 46108 | D65: =IF(_xlfn.XLOOKUP(A65,[1]分配表!J:J,[1]分配表!M:M)=0,"未出单",_xlfn.XLOOKUP(A65,[1]分配表!J:J,[1]分配表!M:M)) -> 46111 | E65: =_xlfn.XLOOKUP(A65,[1]分配表!A:A,[1]分配表!C:C) -> 胡煜星 | F65: 其他 | G65: 原开品 | H65: 0 | I65: 0 | J65: 0 | K65: 1 | L65: 1 | M65: 1 | N65: 7 | O65: 2 | P65: 2 | Q65: =IFERROR(P65-O65,P65) -> 0 | R65: 0 | S65: 0 | T65: 0 | U65: 110 | V65: 110 | W65: 110 | X65: 768.5 | Y65: 222 | Z65: 232 | AA65: =IFERROR(Z65-Y65,Z65) -> 10 | AB65: 0 | AC65: 0 | AD65: 0 | AE65: 0 | AF65: 0 | AG65: 0 | AH65: 0 | AI65: 0 | AJ65: 0 | AK65: 市场无出单 | AL65: 市场无出单 | AM65: 市场无出单 | AN65: 1 | AO65: 1 | AP65: 1 | AQ65: 1 | AR65: 1 | AS65: 1 | AT65: 未上架 | AU65: 未上架 | AV65: 未上架 | AW65: 0 | AX65: 6 | AY65: 14 | AZ65: 5 | BA65: 4 | BB65: 11 | BC65: 未上架 | BD65: 未上架 | BE65: 未上架 | BF65: Y | BG65: Y | BH65: Y | BI65: Y | BJ65: Y | BK65: Y | BL65: 未上架 | BM65: 未上架 | BN65: 未上架 | BO65: 正常 | BP65: 正常 | BQ65: 异常 | BR65: 正常 | BS65: 正常 | BT65: 正常 | BU65: 未上架 | BV65: 未上架 | BW65: 未上架 | BX65: 正常 | BY65: 正常 | BZ65: 正常 | CA65: 正常 | CB65: 正常 | CC65: 正常 | CD65: 未上架 | CE65: 未上架 | CF65: 未上架 | CG65: 未上架 | CH65: 正常 | CI65: 正常 | CJ65: 正常 | CK65: 正常 | CL65: 正常 | CM65: 正常 | CP65: 未上架 | CQ65: 无异常 | CR65: 无异常 | CS65: 无异常 | CT65: 广告-PLG | CU65: 无异常 | CV65: 无异常 | CW65: N | CX65: N | CY65: Y | CZ65: =IF(_xlfn.XLOOKUP(B65,[2]累计数据!$C$193:$C$245,[2]累计数据!$C$193:$C$245,"N")=B65,"Y","N") -> Y | DA65: 0.02 | DB65: 0.02 | DC65: 0
A66: 12414 | B66: LYAP-X1665-1L | C66: 46108 | D66: =IF(_xlfn.XLOOKUP(A66,[1]分配表!J:J,[1]分配表!M:M)=0,"未出单",_xlfn.XLOOKUP(A66,[1]分配表!J:J,[1]分配表!M:M)) -> 未出单 | E66: =_xlfn.XLOOKUP(A66,[1]分配表!A:A,[1]分配表!C:C) -> 俞东旭 | F66: 车门系统 | G66: 拓展品 | H66: 0 | I66: 0 | J66: 0 | K66: 0 | L66: 0 | M66: 0 | N66: 0 | O66: 0 | P66: 0 | Q66: =IFERROR(P66-O66,P66) -> 0 | R66: 0 | S66: 0 | T66: 0 | U66: 0 | V66: 0 | W66: 0 | X66: 0 | Y66: 0 | Z66: 0 | AA66: =IFERROR(Z66-Y66,Z66) -> 0 | AB66: 0 | AC66: 0 | AD66: 0 | AE66: 0 | AF66: 0 | AG66: 0 | AH66: 0 | AI66: 0 | AJ66: 0 | AK66: 市场无出单 | AL66: 市场无出单 | AM66: 市场无出单 | AN66: 0 | AO66: 0 | AP66: 0 | AQ66: 市场无出单 | AR66: 市场无出单 | AS66: 市场无出单 | AT66: 未上架 | AU66: 未上架 | AV66: 未上架 | AW66: 5 | AX66: 0 | AY66: 1 | AZ66: 1 | BA66: 1 | BB66: 0 | BC66: 未上架 | BD66: 未上架 | BE66: 未上架 | BF66: 未出单 | BG66: 未出单 | BH66: 未出单 | BI66: 未出单 | BJ66: 未出单 | BK66: 未出单 | BL66: 未上架 | BM66: 未上架 | BN66: 未上架 | BO66: 正常 | BP66: 正常 | BQ66: 正常 | BR66: 正常 | BS66: 正常 | BT66: 正常 | BU66: 未上架 | BV66: 未上架 | BW66: 未上架 | BX66: 异常 | BY66: 正常 | BZ66: 正常 | CA66: 正常 | CB66: 正常 | CC66: 正常 | CD66: 未上架 | CE66: 未上架 | CF66: 未上架 | CG66: 未上架 | CH66: 无市场 | CI66: 无市场 | CJ66: 无市场 | CK66: 无市场 | CL66: 无市场 | CM66: 无市场 | CP66: 未上架 | CQ66: 无调整 | CR66: 无异常 | CS66: 广告-PLG | CT66: 无调整 | CU66: 广告-PLP | CV66: 广告-PLP | CW66: N | CX66: Y | CY66: Y | CZ66: =IF(_xlfn.XLOOKUP(B66,[2]累计数据!$C$193:$C$245,[2]累计数据!$C$193:$C$245,"N")=B66,"Y","N") -> Y | DA66: 0.025 | DB66: 0 | DC66: 0
A67: 12422 | B67: LYAP-X1665-1R | C67: 46108 | D67: =IF(_xlfn.XLOOKUP(A67,[1]分配表!J:J,[1]分配表!M:M)=0,"未出单",_xlfn.XLOOKUP(A67,[1]分配表!J:J,[1]分配表!M:M)) -> 46141 | E67: =_xlfn.XLOOKUP(A67,[1]分配表!A:A,[1]分配表!C:C) -> 俞东旭 | F67: 车门系统 | G67: 拓展品 | H67: 0 | I67: 0 | J67: 0 | K67: 0 | L67: 0 | M67: 0 | N67: 0 | O67: 1 | P67: 0 | Q67: =IFERROR(P67-O67,P67) -> -1 | R67: 0 | S67: 0 | T67: 0 | U67: 0 | V67: 0 | W67: 0 | X67: 0 | Y67: 250 | Z67: 0 | AA67: =IFERROR(Z67-Y67,Z67) -> -250 | AB67: 0 | AC67: 0 | AD67: 0 | AE67: 0 | AF67: 0 | AG67: 0 | AH67: 0 | AI67: 0 | AJ67: 0 | AK67: 市场无出单 | AL67: 市场无出单 | AM67: 市场无出单 | AN67: 0 | AO67: 0 | AP67: 0 | AQ67: 市场无出单 | AR67: 市场无出单 | AS67: 1 | AT67: 未上架 | AU67: 未上架 | AV67: 未上架 | AW67: 5 | AX67: 0 | AY67: 1 | AZ67: 1 | BA67: 1 | BB67: 8 | BC67: 未上架 | BD67: 未上架 | BE67: 未上架 | BF67: 未出单 | BG67: 未出单 | BH67: 未出单 | BI67: 未出单 | BJ67: N | BK67: N | BL67: 未上架 | BM67: 未上架 | BN67: 未上架 | BO67: 正常 | BP67: 正常 | BQ67: 正常 | BR67: 正常 | BS67: 正常 | BT67: 正常 | BU67: 未上架 | BV67: 未上架 | BW67: 未上架 | BX67: 异常 | BY67: 正常 | BZ67: 正常 | CA67: 正常 | CB67: 正常 | CC67: 正常 | CD67: 未上架 | CE67: 未上架 | CF67: 未上架 | CG67: 未上架 | CH67: 无市场 | CI67: 站外出单 | CJ67: 无市场 | CK67: 无市场 | CL67: 无市场 | CM67: 正常 | CP67: 未上架 | CQ67: 无调整 | CR67: 无异常 | CS67: 广告-PLG | CT67: 无调整 | CU67: 广告-PLP | CV67: 无异常 | CW67: N | CX67: Y | CY67: Y | CZ67: =IF(_xlfn.XLOOKUP(B67,[2]累计数据!$C$193:$C$245,[2]累计数据!$C$193:$C$245,"N")=B67,"Y","N") -> Y | DA67: 0.025 | DB67: 0 | DC67: 0
A68: 12213 | B68: LYAP-X1929 | C68: 46108 | D68: =IF(_xlfn.XLOOKUP(A68,[1]分配表!J:J,[1]分配表!M:M)=0,"未出单",_xlfn.XLOOKUP(A68,[1]分配表!J:J,[1]分配表!M:M)) -> 46114 | E68: =_xlfn.XLOOKUP(A68,[1]分配表!A:A,[1]分配表!C:C) -> 张潇 | F68: 机盖及附件 | G68: 原开品 | H68: 0 | I68: 0 | J68: 0 | K68: 0 | L68: 16 | M68: 20 | N68: 18 | O68: 9 | P68: 18 | Q68: =IFERROR(P68-O68,P68) -> 9 | R68: 0 | S68: 0 | T68: 0 | U68: 0 | V68: 560 | W68: 700 | X68: 630 | Y68: 315 | Z68: 630 | AA68: =IFERROR(Z68-Y68,Z68) -> 315 | AB68: 0 | AC68: 0 | AD68: 0 | AE68: 11 | AF68: 9 | AG68: 15 | AH68: 8 | AI68: 8 | AJ68: 4 | AK68: 市场无出单 | AL68: 市场无出单 | AM68: 市场无出单 | AN68: 0 | AO68: 0.64 | AP68: 0.57142857 | AQ68: 0.7778 | AR68: 0.5556 | AS68: 0.8261 | AT68: 未上架 | AU68: 未上架 | AV68: 未上架 | AW68: 5 | AX68: 0 | AY68: 5 | AZ68: 11 | BA68: 2 | BB68: 9 | BC68: 未上架 | BD68: 未上架 | BE68: 未上架 | BF68: 未出单 | BG68: Y | BH68: Y | BI68: Y | BJ68: Y | BK68: Y | BL68: 未上架 | BM68: 未上架 | BN68: 未上架 | BO68: 正常 | BP68: 正常 | BQ68: 正常 | BR68: 异常 | BS68: 正常 | BT68: 正常 | BU68: 未上架 | BV68: 未上架 | BW68: 未上架 | BX68: 异常 | BY68: 正常 | BZ68: 正常 | CA68: 正常 | CB68: 正常 | CC68: 正常 | CD68: 未上架 | CE68: 未上架 | CF68: 未上架 | CG68: 未上架 | CH68: 竞争无优势 | CI68: 竞争无优势 | CJ68: 竞争无优势 | CK68: 正常 | CL68: 竞争无优势 | CM68: 正常 | CP68: 未上架 | CQ68: 广告-PLP | CR68: 无异常 | CS68: 无异常 | CT68: 无异常 | CU68: 无调整 | CV68: 无异常 | CW68: Y | CX68: Y | CY68: Y | CZ68: =IF(_xlfn.XLOOKUP(B68,[2]累计数据!$C$193:$C$245,[2]累计数据!$C$193:$C$245,"N")=B68,"Y","N") -> N | DA68: 0.02 | DB68: 0.02 | DC68: 0
A69: 12461 | B69: LYAM-X2428-BK | C69: 46119 | D69: =IF(_xlfn.XLOOKUP(A69,[1]分配表!J:J,[1]分配表!M:M)=0,"未出单",_xlfn.XLOOKUP(A69,[1]分配表!J:J,[1]分配表!M:M)) -> 46124 | E69: =_xlfn.XLOOKUP(A69,[1]分配表!A:A,[1]分配表!C:C) -> 俞东旭 | F69: 车身外扩件 | G69: 拓展品 | H69: 0 | I69: 0 | J69: 0 | K69: 未上架 | L69: 未上架 | M69: 4 | N69: 2 | O69: 3 | P69: 3 | Q69: =IFERROR(P69-O69,P69) -> 0 | R69: 0 | S69: 0 | T69: 0 | U69: 未上架 | V69: 未上架 | W69: 476 | X69: 238 | Y69: 357 | Z69: 357 | AA69: =IFERROR(Z69-Y69,Z69) -> 0 | AB69: 0 | AC69: 0 | AD69: 0 | AE69: 未上架 | AF69: 0 | AG69: 5 | AH69: 4 | AI69: 1 | AJ69: 3 | AK69: 市场无出单 | AL69: 市场无出单 | AM69: 市场无出单 | AN69: 未上架 | AO69: 市场无出单 | AP69: 0.44444444 | AQ69: 0.3333 | AR69: 0.6667 | AS69: 0.625 | AT69: 未上架 | AU69: 未上架 | AV69: 未上架 | AW69: 未上架 | AX69: 0 | AY69: 8 | AZ69: 1 | BA69: 8 | BB69: 0 | BC69: 未上架 | BD69: 未上架 | BE69: 未上架 | BF69: 未上架 | BG69: 未出单 | BH69: 未出单 | BI69: Y | BJ69: Y | BK69: Y | BO69: 未上架 | BP69: 正常 | BQ69: 异常 | BR69: 正常 | BS69: 异常 | BT69: 正常 | BX69: 未上架 | BY69: 正常 | BZ69: 正常 | CA69: 正常 | CB69: 正常 | CC69: 正常 | CD69: 未上架 | CE69: 未上架 | CF69: 未上架 | CG69: 未上架 | CH69: 未上架 | CI69: 无市场 | CJ69: 竞争无优势 | CK69: 竞争无优势 | CL69: 竞争无优势 | CM69: 竞争无优势 | CP69: 未上架 | CQ69: 未上架 | CR69: 无异常 | CS69: 未上架 | CT69: 无调整 | CU69: 无异常 | CV69: 无调整 | CW69: N | CX69: N | CY69: N | CZ69: =IF(_xlfn.XLOOKUP(B69,[2]累计数据!$C$193:$C$245,[2]累计数据!$C$193:$C$245,"N")=B69,"Y","N") -> N | DA69: 0.02 | DB69: 0.02 | DC69: 0.02
A70: 12489 | B70: LYAP-X2504 | C70: 46122 | D70: =IF(_xlfn.XLOOKUP(A70,[1]分配表!J:J,[1]分配表!M:M)=0,"未出单",_xlfn.XLOOKUP(A70,[1]分配表!J:J,[1]分配表!M:M)) -> 46126 | E70: =_xlfn.XLOOKUP(A70,[1]分配表!A:A,[1]分配表!C:C) -> 俞东旭 | F70: 挡泥板 | G70: 原开品 | H70: 0 | I70: 0 | J70: 0 | K70: 未上架 | L70: 未上架 | M70: 2 | N70: 0 | O70: 6 | P70: 7 | Q70: =IFERROR(P70-O70,P70) -> 1 | R70: 0 | S70: 0 | T70: 0 | U70: 未上架 | V70: 未上架 | W70: 90 | X70: 0 | Y70: 270 | Z70: 315 | AA70: =IFERROR(Z70-Y70,Z70) -> 45 | AB70: 0 | AC70: 0 | AD70: 0 | AE70: 未上架 | AF70: 未上架 | AG70: 5 | AH70: 3 | AI70: 2 | AJ70: 6 | AK70: 市场无出单 | AL70: 市场无出单 | AM70: 市场无出单 | AN70: 未上架 | AO70: 未上架 | AP70: 0.28571429 | AQ70: 0.4 | AR70: 0.6667 | AS70: 0.6 | AT70: 未上架 | AU70: 未上架 | AV70: 未上架 | AW70: 未上架 | AX70: 未上架 | AY70: 5 | AZ70: 1 | BA70: 8 | BB70: 0 | BC70: 未上架 | BD70: 未上架 | BE70: 未上架 | BF70: 未上架 | BG70: 未上架 | BH70: 未出单 | BI70: Y | BJ70: Y | BK70: Y | BO70: 未上架 | BP70: 未上架 | BQ70: 正常 | BR70: 正常 | BS70: 异常 | BT70: 正常 | BX70: 未上架 | BY70: 未上架 | BZ70: 异常 | CA70: 正常 | CB70: 正常 | CC70: 正常 | CD70: 未上架 | CE70: 未上架 | CF70: 未上架 | CG70: 未上架 | CH70: 未上架 | CI70: 未上架 | CJ70: 竞争无优势 | CK70: 竞争无优势 | CL70: 竞争无优势 | CM70: 竞争无优势 | CP70: 未上架 | CQ70: 未上架 | CR70: 未上架 | CS70: 未上架 | CT70: 无调整 | CU70: 无异常 | CV70: 无调整 | CW70: N | CX70: N | CY70: N | CZ70: =IF(_xlfn.XLOOKUP(B70,[2]累计数据!$C$193:$C$245,[2]累计数据!$C$193:$C$245,"N")=B70,"Y","N") -> N | DA70: 0.02 | DB70: 0.02 | DC70: 0.02
A71: 12480 | B71: LYAM-X2804 | C71: 46135 | D71: =IF(_xlfn.XLOOKUP(A71,[1]分配表!J:J,[1]分配表!M:M)=0,"未出单",_xlfn.XLOOKUP(A71,[1]分配表!J:J,[1]分配表!M:M)) -> 46139 | E71: =_xlfn.XLOOKUP(A71,[1]分配表!A:A,[1]分配表!C:C) -> 张潇 | F71: 牌照板支架 | G71: 原开品 | H71: 未上架 | I71: 未上架 | J71: 未上架 | K71: 未上架 | L71: 未上架 | M71: 未上架 | N71: 未上架 | O71: 1 | P71: 1 | Q71: =IFERROR(P71-O71,P71) -> 0 | R71: 未上架 | S71: 未上架 | T71: 未上架 | U71: 未上架 | V71: 未上架 | W71: 未上架 | X71: 0 | Y71: 45 | Z71: 45 | AA71: =IFERROR(Z71-Y71,Z71) -> 0 | AB71: 未上架 | AC71: 未上架 | AD71: 未上架 | AE71: 未上架 | AF71: 未上架 | AG71: 未上架 | AH71: 未上架 | AI71: 0 | AJ71: 2 | AK71: 未上架 | AL71: 未上架 | AM71: 未上架 | AN71: 未上架 | AO71: 未上架 | AP71: 未上架 | AQ71: 未上架 | AR71: 1 | AS71: 0.3333 | AT71: 未上架 | AU71: 未上架 | AV71: 未上架 | AW71: 未上架 | AX71: 未上架 | AY71: 未上架 | AZ71: 未上架 | BA71: 0 | BB71: 7 | BC71: 未上架 | BD71: 未上架 | BE71: 未上架 | BF71: 未上架 | BG71: 未上架 | BH71: 未上架 | BI71: 未上架 | BJ71: Y | BK71: Y | BL71: 未上架 | BM71: 未上架 | BN71: 未上架 | BO71: 未上架 | BP71: 未上架 | BQ71: 未上架 | BR71: 未上架 | BS71: 正常 | BT71: 异常 | BU71: 未上架 | BV71: 未上架 | BW71: 未上架 | BX71: 未上架 | BY71: 未上架 | BZ71: 未上架 | CA71: 未上架 | CB71: 正常 | CC71: 正常 | CD71: 未上架 | CE71: 未上架 | CF71: 未上架 | CG71: 未上架 | CH71: 未上架 | CI71: 未上架 | CJ71: 未上架 | CK71: 未上架 | CL71: 正常 | CM71: 竞争无优势 | CN71: 未上架 | CO71: 未上架 | CP71: 未上架 | CQ71: 未上架 | CR71: 未上架 | CS71: 未上架 | CT71: 未上架 | CU71: 未上架 | CV71: 无异常 | CW71: N | CX71: Y | CY71: Y | CZ71: =IF(_xlfn.XLOOKUP(B71,[2]累计数据!$C$193:$C$245,[2]累计数据!$C$193:$C$245,"N")=B71,"Y","N") -> Y | DA71: 0 | DB71: 0.02 | DC71: 0.02
A72: 12558 | B72: LYAP-X1963 | C72: 46135 | D72: =IF(_xlfn.XLOOKUP(A72,[1]分配表!J:J,[1]分配表!M:M)=0,"未出单",_xlfn.XLOOKUP(A72,[1]分配表!J:J,[1]分配表!M:M)) -> 未出单 | E72: =_xlfn.XLOOKUP(A72,[1]分配表!A:A,[1]分配表!C:C) -> 朱培源 | F72: 挡泥板 | G72: 原开品 | H72: 未上架 | I72: 未上架 | J72: 未上架 | K72: 未上架 | L72: 未上架 | M72: 未上架 | N72: 未上架 | O72: 0 | P72: 0 | Q72: =IFERROR(P72-O72,P72) -> 0 | R72: 未上架 | S72: 未上架 | T72: 未上架 | U72: 未上架 | V72: 未上架 | W72: 未上架 | X72: 0 | Y72: 0 | Z72: 0 | AA72: =IFERROR(Z72-Y72,Z72) -> 0 | AB72: 未上架 | AC72: 未上架 | AD72: 未上架 | AE72: 未上架 | AF72: 未上架 | AG72: 未上架 | AH72: 未上架 | AI72: 0 | AJ72: 0 | AK72: 未上架 | AL72: 未上架 | AM72: 未上架 | AN72: 未上架 | AO72: 未上架 | AP72: 未上架 | AQ72: 未上架 | AR72: 市场无出单 | AS72: 市场无出单 | AT72: 未上架 | AU72: 未上架 | AV72: 未上架 | AW72: 未上架 | AX72: 未上架 | AY72: 未上架 | AZ72: 未上架 | BA72: 5 | BB72: 1 | BC72: 未上架 | BD72: 未上架 | BE72: 未上架 | BF72: 未上架 | BG72: 未上架 | BH72: 未上架 | BI72: 未上架 | BJ72: 未出单 | BK72: 未出单 | BL72: 未上架 | BM72: 未上架 | BN72: 未上架 | BO72: 未上架 | BP72: 未上架 | BQ72: 未上架 | BR72: 未上架 | BS72: 正常 | BT72: 正常 | BU72: 未上架 | BV72: 未上架 | BW72: 未上架 | BX72: 未上架 | BY72: 未上架 | BZ72: 未上架 | CA72: 未上架 | CB72: 异常 | CC72: 正常 | CD72: 未上架 | CE72: 未上架 | CF72: 未上架 | CG72: 未上架 | CH72: 未上架 | CI72: 未上架 | CJ72: 未上架 | CK72: 未上架 | CL72: 无市场 | CM72: 无市场 | CN72: 未上架 | CO72: 未上架 | CP72: 未上架 | CQ72: 未上架 | CR72: 未上架 | CS72: 未上架 | CT72: 未上架 | CU72: 未上架 | CV72: 链接优化 | CW72: N | CX72: Y | CY72: Y | CZ72: =IF(_xlfn.XLOOKUP(B72,[2]累计数据!$C$193:$C$245,[2]累计数据!$C$193:$C$245,"N")=B72,"Y","N") -> Y | DA72: 0 | DB72: 0.02 | DC72: 0
A73: 12473 | B73: LYAM-X2818 | C73: 46135 | D73: =IF(_xlfn.XLOOKUP(A73,[1]分配表!J:J,[1]分配表!M:M)=0,"未出单",_xlfn.XLOOKUP(A73,[1]分配表!J:J,[1]分配表!M:M)) -> 未出单 | E73: =_xlfn.XLOOKUP(A73,[1]分配表!A:A,[1]分配表!C:C) -> 张潇 | F73: 机盖及附件 | G73: 原开品 | H73: 未上架 | I73: 未上架 | J73: 未上架 | K73: 未上架 | L73: 未上架 | M73: 未上架 | N73: 未上架 | O73: 0 | P73: 0 | Q73: =IFERROR(P73-O73,P73) -> 0 | R73: 未上架 | S73: 未上架 | T73: 未上架 | U73: 未上架 | V73: 未上架 | W73: 未上架 | X73: 0 | Y73: 0 | Z73: 0 | AA73: =IFERROR(Z73-Y73,Z73) -> 0 | AB73: 未上架 | AC73: 未上架 | AD73: 未上架 | AE73: 未上架 | AF73: 未上架 | AG73: 未上架 | AH73: 未上架 | AI73: 0 | AJ73: 0 | AK73: 未上架 | AL73: 未上架 | AM73: 未上架 | AN73: 未上架 | AO73: 未上架 | AP73: 未上架 | AQ73: 未上架 | AR73: 市场无出单 | AS73: 市场无出单 | AT73: 未上架 | AU73: 未上架 | AV73: 未上架 | AW73: 未上架 | AX73: 未上架 | AY73: 未上架 | AZ73: 未上架 | BA73: 0 | BB73: 7 | BC73: 未上架 | BD73: 未上架 | BE73: 未上架 | BF73: 未上架 | BG73: 未上架 | BH73: 未上架 | BI73: 未上架 | BJ73: 未出单 | BK73: 未出单 | BL73: 未上架 | BM73: 未上架 | BN73: 未上架 | BO73: 未上架 | BP73: 未上架 | BQ73: 未上架 | BR73: 未上架 | BS73: 正常 | BT73: 正常 | BU73: 未上架 | BV73: 未上架 | BW73: 未上架 | BX73: 未上架 | BY73: 未上架 | BZ73: 未上架 | CA73: 未上架 | CB73: 正常 | CC73: 正常 | CD73: 未上架 | CE73: 未上架 | CF73: 未上架 | CG73: 未上架 | CH73: 未上架 | CI73: 未上架 | CJ73: 未上架 | CK73: 未上架 | CL73: 无市场 | CM73: 无市场 | CN73: 未上架 | CO73: 未上架 | CP73: 未上架 | CQ73: 未上架 | CR73: 未上架 | CS73: 未上架 | CT73: 未上架 | CU73: 未上架 | CV73: 无异常 | CW73: N | CX73: N | CY73: N | CZ73: =IF(_xlfn.XLOOKUP(B73,[2]累计数据!$C$193:$C$245,[2]累计数据!$C$193:$C$245,"N")=B73,"Y","N") -> N | DA73: 0 | DB73: 0.02 | DC73: 0.02
A74: 12464 | B74: LYAM-X2428-C | C74: 46135 | D74: =IF(_xlfn.XLOOKUP(A74,[1]分配表!J:J,[1]分配表!M:M)=0,"未出单",_xlfn.XLOOKUP(A74,[1]分配表!J:J,[1]分配表!M:M)) -> 46135 | E74: =_xlfn.XLOOKUP(A74,[1]分配表!A:A,[1]分配表!C:C) -> 俞东旭 | F74: 车身外扩件 | G74: 原开品 | H74: 未上架 | I74: 未上架 | J74: 未上架 | K74: 未上架 | L74: 未上架 | M74: 未上架 | N74: 未上架 | O74: 5 | P74: 0 | Q74: =IFERROR(P74-O74,P74) -> -5 | R74: 未上架 | S74: 未上架 | T74: 未上架 | U74: 未上架 | V74: 未上架 | W74: 未上架 | X74: 0 | Y74: 625 | Z74: 0 | AA74: =IFERROR(Z74-Y74,Z74) -> -625 | AB74: 未上架 | AC74: 未上架 | AD74: 未上架 | AE74: 未上架 | AF74: 未上架 | AG74: 未上架 | AH74: 未上架 | AI74: 1 | AJ74: 0 | AK74: 未上架 | AL74: 未上架 | AM74: 未上架 | AN74: 未上架 | AO74: 未上架 | AP74: 未上架 | AQ74: 未上架 | AR74: 0.75 | AS74: 1 | AT74: 未上架 | AU74: 未上架 | AV74: 未上架 | AW74: 未上架 | AX74: 未上架 | AY74: 未上架 | AZ74: 未上架 | BA74: 1 | BB74: 8 | BC74: 未上架 | BD74: 未上架 | BE74: 未上架 | BF74: 未上架 | BG74: 未上架 | BH74: 未上架 | BI74: 未上架 | BJ74: Y | BK74: Y | BL74: 未上架 | BM74: 未上架 | BN74: 未上架 | BO74: 未上架 | BP74: 未上架 | BQ74: 未上架 | BR74: 未上架 | BS74: 正常 | BT74: 正常 | BU74: 未上架 | BV74: 未上架 | BW74: 未上架 | BX74: 未上架 | BY74: 未上架 | BZ74: 未上架 | CA74: 未上架 | CB74: 正常 | CC74: 正常 | CD74: 未上架 | CE74: 未上架 | CF74: 未上架 | CG74: 未上架 | CH74: 未上架 | CI74: 未上架 | CJ74: 未上架 | CK74: 未上架 | CL74: 正常 | CM74: 正常 | CN74: 未上架 | CO74: 未上架 | CP74: 未上架 | CQ74: 未上架 | CR74: 未上架 | CS74: 未上架 | CT74: 未上架 | CU74: 未上架 | CV74: 无异常 | CW74: N | CX74: Y | CY74: Y | CZ74: =IF(_xlfn.XLOOKUP(B74,[2]累计数据!$C$193:$C$245,[2]累计数据!$C$193:$C$245,"N")=B74,"Y","N") -> Y | DA74: 0 | DB74: 0.02 | DC74: 0.02
A75: 12540 | B75: LYAP-X2307 | C75: 46135 | D75: =IF(_xlfn.XLOOKUP(A75,[1]分配表!J:J,[1]分配表!M:M)=0,"未出单",_xlfn.XLOOKUP(A75,[1]分配表!J:J,[1]分配表!M:M)) -> 未出单 | E75: =_xlfn.XLOOKUP(A75,[1]分配表!A:A,[1]分配表!C:C) -> 胡煜星 | F75: 其他 | G75: 原开品 | H75: 未上架 | I75: 未上架 | J75: 未上架 | K75: 未上架 | L75: 未上架 | M75: 未上架 | N75: 未上架 | O75: 0 | P75: 0 | Q75: =IFERROR(P75-O75,P75) -> 0 | R75: 未上架 | S75: 未上架 | T75: 未上架 | U75: 未上架 | V75: 未上架 | W75: 未上架 | X75: 0 | Y75: 0 | Z75: 0 | AA75: =IFERROR(Z75-Y75,Z75) -> 0 | AB75: 未上架 | AC75: 未上架 | AD75: 未上架 | AE75: 未上架 | AF75: 未上架 | AG75: 未上架 | AH75: 未上架 | AI75: 0 | AJ75: 0 | AK75: 未上架 | AL75: 未上架 | AM75: 未上架 | AN75: 未上架 | AO75: 未上架 | AP75: 未上架 | AQ75: 未上架 | AR75: 市场无出单 | AS75: 市场无出单 | AT75: 未上架 | AU75: 未上架 | AV75: 未上架 | AW75: 未上架 | AX75: 未上架 | AY75: 未上架 | AZ75: 未上架 | BA75: 6 | BB75: 0 | BC75: 未上架 | BD75: 未上架 | BE75: 未上架 | BF75: 未上架 | BG75: 未上架 | BH75: 未上架 | BI75: 未上架 | BJ75: 未出单 | BK75: 未出单 | BL75: 未上架 | BM75: 未上架 | BN75: 未上架 | BO75: 未上架 | BP75: 未上架 | BQ75: 未上架 | BR75: 未上架 | BS75: 正常 | BT75: 正常 | BU75: 未上架 | BV75: 未上架 | BW75: 未上架 | BX75: 未上架 | BY75: 未上架 | BZ75: 未上架 | CA75: 未上架 | CB75: 异常 | CC75: 正常 | CD75: 未上架 | CE75: 未上架 | CF75: 未上架 | CG75: 未上架 | CH75: 未上架 | CI75: 未上架 | CJ75: 未上架 | CK75: 未上架 | CL75: 无市场 | CM75: 无市场 | CN75: 未上架 | CO75: 未上架 | CP75: 未上架 | CQ75: 未上架 | CR75: 未上架 | CS75: 未上架 | CT75: 未上架 | CU75: 未上架 | CV75: 无调整 | CW75: N | CX75: Y | CY75: Y | CZ75: =IF(_xlfn.XLOOKUP(B75,[2]累计数据!$C$193:$C$245,[2]累计数据!$C$193:$C$245,"N")=B75,"Y","N") -> Y | DA75: 0 | DB75: 0.02 | DC75: 0
A76: 12541 | B76: LYAP-X2314 | C76: 46135 | D76: =IF(_xlfn.XLOOKUP(A76,[1]分配表!J:J,[1]分配表!M:M)=0,"未出单",_xlfn.XLOOKUP(A76,[1]分配表!J:J,[1]分配表!M:M)) -> 46140 | E76: =_xlfn.XLOOKUP(A76,[1]分配表!A:A,[1]分配表!C:C) -> 胡煜星 | F76: 其他 | G76: 原开品 | H76: 未上架 | I76: 未上架 | J76: 未上架 | K76: 未上架 | L76: 未上架 | M76: 未上架 | N76: 未上架 | O76: 1 | P76: 3 | Q76: =IFERROR(P76-O76,P76) -> 2 | R76: 未上架 | S76: 未上架 | T76: 未上架 | U76: 未上架 | V76: 未上架 | W76: 未上架 | X76: 0 | Y76: 150 | Z76: 450 | AA76: =IFERROR(Z76-Y76,Z76) -> 300 | AB76: 未上架 | AC76: 未上架 | AD76: 未上架 | AE76: 未上架 | AF76: 未上架 | AG76: 未上架 | AH76: 未上架 | AI76: 2 | AJ76: 0 | AK76: 未上架 | AL76: 未上架 | AM76: 未上架 | AN76: 未上架 | AO76: 未上架 | AP76: 未上架 | AQ76: 未上架 | AR76: 0 | AS76: 1 | AT76: 未上架 | AU76: 未上架 | AV76: 未上架 | AW76: 未上架 | AX76: 未上架 | AY76: 未上架 | AZ76: 未上架 | BA76: 5 | BB76: 0 | BC76: 未上架 | BD76: 未上架 | BE76: 未上架 | BF76: 未上架 | BG76: 未上架 | BH76: 未上架 | BI76: 未上架 | BJ76: Y | BK76: Y | BL76: 未上架 | BM76: 未上架 | BN76: 未上架 | BO76: 未上架 | BP76: 未上架 | BQ76: 未上架 | BR76: 未上架 | BS76: 正常 | BT76: 正常 | BU76: 未上架 | BV76: 未上架 | BW76: 未上架 | BX76: 未上架 | BY76: 未上架 | BZ76: 未上架 | CA76: 未上架 | CB76: 异常 | CC76: 正常 | CD76: 未上架 | CE76: 未上架 | CF76: 未上架 | CG76: 未上架 | CH76: 未上架 | CI76: 未上架 | CJ76: 未上架 | CK76: 未上架 | CL76: 竞争无优势 | CM76: 正常 | CN76: 未上架 | CO76: 未上架 | CP76: 未上架 | CQ76: 未上架 | CR76: 未上架 | CS76: 未上架 | CT76: 未上架 | CU76: 未上架 | CV76: 广告-PLG | CW76: N | CX76: Y | CY76: Y | CZ76: =IF(_xlfn.XLOOKUP(B76,[2]累计数据!$C$193:$C$245,[2]累计数据!$C$193:$C$245,"N")=B76,"Y","N") -> N | DA76: 0 | DB76: 0.02 | DC76: 0
A77: 12542 | B77: LYAP-X2319 | C77: 46135 | D77: =IF(_xlfn.XLOOKUP(A77,[1]分配表!J:J,[1]分配表!M:M)=0,"未出单",_xlfn.XLOOKUP(A77,[1]分配表!J:J,[1]分配表!M:M)) -> 未出单 | E77: =_xlfn.XLOOKUP(A77,[1]分配表!A:A,[1]分配表!C:C) -> 胡煜星 | F77: 其他 | G77: 原开品 | H77: 未上架 | I77: 未上架 | J77: 未上架 | K77: 未上架 | L77: 未上架 | M77: 未上架 | N77: 未上架 | O77: 0 | P77: 0 | Q77: =IFERROR(P77-O77,P77) -> 0 | R77: 未上架 | S77: 未上架 | T77: 未上架 | U77: 未上架 | V77: 未上架 | W77: 未上架 | X77: 0 | Y77: 0 | Z77: 0 | AA77: =IFERROR(Z77-Y77,Z77) -> 0 | AB77: 未上架 | AC77: 未上架 | AD77: 未上架 | AE77: 未上架 | AF77: 未上架 | AG77: 未上架 | AH77: 未上架 | AI77: 0 | AJ77: 0 | AK77: 未上架 | AL77: 未上架 | AM77: 未上架 | AN77: 未上架 | AO77: 未上架 | AP77: 未上架 | AQ77: 未上架 | AR77: 市场无出单 | AS77: 市场无出单 | AT77: 未上架 | AU77: 未上架 | AV77: 未上架 | AW77: 未上架 | AX77: 未上架 | AY77: 未上架 | AZ77: 未上架 | BA77: 5 | BB77: 0 | BC77: 未上架 | BD77: 未上架 | BE77: 未上架 | BF77: 未上架 | BG77: 未上架 | BH77: 未上架 | BI77: 未上架 | BJ77: 未出单 | BK77: 未出单 | BL77: 未上架 | BM77: 未上架 | BN77: 未上架 | BO77: 未上架 | BP77: 未上架 | BQ77: 未上架 | BR77: 未上架 | BS77: 正常 | BT77: 正常 | BU77: 未上架 | BV77: 未上架 | BW77: 未上架 | BX77: 未上架 | BY77: 未上架 | BZ77: 未上架 | CA77: 未上架 | CB77: 异常 | CC77: 正常 | CD77: 未上架 | CE77: 未上架 | CF77: 未上架 | CG77: 未上架 | CH77: 未上架 | CI77: 未上架 | CJ77: 未上架 | CK77: 未上架 | CL77: 无市场 | CM77: 无市场 | CN77: 未上架 | CO77: 未上架 | CP77: 未上架 | CQ77: 未上架 | CR77: 未上架 | CS77: 未上架 | CT77: 未上架 | CU77: 未上架 | CV77: 降价测试-市场无对手 | CW77: N | CX77: Y | CY77: Y | CZ77: =IF(_xlfn.XLOOKUP(B77,[2]累计数据!$C$193:$C$245,[2]累计数据!$C$193:$C$245,"N")=B77,"Y","N") -> Y | DA77: 0 | DB77: 0.02 | DC77: 0
A78: 12543 | B78: LYAP-X2320 | C78: 46135 | D78: =IF(_xlfn.XLOOKUP(A78,[1]分配表!J:J,[1]分配表!M:M)=0,"未出单",_xlfn.XLOOKUP(A78,[1]分配表!J:J,[1]分配表!M:M)) -> 46144 | E78: =_xlfn.XLOOKUP(A78,[1]分配表!A:A,[1]分配表!C:C) -> 胡煜星 | F78: 其他 | G78: 原开品 | H78: 未上架 | I78: 未上架 | J78: 未上架 | K78: 未上架 | L78: 未上架 | M78: 未上架 | N78: 未上架 | O78: 0 | P78: 2 | Q78: =IFERROR(P78-O78,P78) -> 2 | R78: 未上架 | S78: 未上架 | T78: 未上架 | U78: 未上架 | V78: 未上架 | W78: 未上架 | X78: 0 | Y78: 0 | Z78: 300 | AA78: =IFERROR(Z78-Y78,Z78) -> 300 | AB78: 未上架 | AC78: 未上架 | AD78: 未上架 | AE78: 未上架 | AF78: 未上架 | AG78: 未上架 | AH78: 未上架 | AI78: 0 | AJ78: 0 | AK78: 未上架 | AL78: 未上架 | AM78: 未上架 | AN78: 未上架 | AO78: 未上架 | AP78: 未上架 | AQ78: 未上架 | AR78: 市场无出单 | AS78: 1 | AT78: 未上架 | AU78: 未上架 | AV78: 未上架 | AW78: 未上架 | AX78: 未上架 | AY78: 未上架 | AZ78: 未上架 | BA78: 6 | BB78: 0 | BC78: 未上架 | BD78: 未上架 | BE78: 未上架 | BF78: 未上架 | BG78: 未上架 | BH78: 未上架 | BI78: 未上架 | BJ78: 未出单 | BK78: N | BL78: 未上架 | BM78: 未上架 | BN78: 未上架 | BO78: 未上架 | BP78: 未上架 | BQ78: 未上架 | BR78: 未上架 | BS78: 正常 | BT78: 正常 | BU78: 未上架 | BV78: 未上架 | BW78: 未上架 | BX78: 未上架 | BY78: 未上架 | BZ78: 未上架 | CA78: 未上架 | CB78: 异常 | CC78: 正常 | CD78: 未上架 | CE78: 未上架 | CF78: 未上架 | CG78: 未上架 | CH78: 未上架 | CI78: 未上架 | CJ78: 未上架 | CK78: 未上架 | CL78: 无市场 | CM78: 正常 | CN78: 未上架 | CO78: 未上架 | CP78: 未上架 | CQ78: 未上架 | CR78: 未上架 | CS78: 未上架 | CT78: 未上架 | CU78: 未上架 | CV78: 广告-PLG | CW78: N | CX78: N | CY78: N | CZ78: =IF(_xlfn.XLOOKUP(B78,[2]累计数据!$C$193:$C$245,[2]累计数据!$C$193:$C$245,"N")=B78,"Y","N") -> N | DA78: 0 | DB78: 0.02 | DC78: 0
A79: 12544 | B79: LYAP-X2324 | C79: 46135 | D79: =IF(_xlfn.XLOOKUP(A79,[1]分配表!J:J,[1]分配表!M:M)=0,"未出单",_xlfn.XLOOKUP(A79,[1]分配表!J:J,[1]分配表!M:M)) -> 46142 | E79: =_xlfn.XLOOKUP(A79,[1]分配表!A:A,[1]分配表!C:C) -> 张潇 | F79: 其他 | G79: 原开品 | H79: 未上架 | I79: 未上架 | J79: 未上架 | K79: 未上架 | L79: 未上架 | M79: 未上架 | N79: 未上架 | O79: 0 | P79: 5 | Q79: =IFERROR(P79-O79,P79) -> 5 | R79: 未上架 | S79: 未上架 | T79: 未上架 | U79: 未上架 | V79: 未上架 | W79: 未上架 | X79: 0 | Y79: 0 | Z79: 750 | AA79: =IFERROR(Z79-Y79,Z79) -> 750 | AB79: 未上架 | AC79: 未上架 | AD79: 未上架 | AE79: 未上架 | AF79: 未上架 | AG79: 未上架 | AH79: 未上架 | AI79: 0 | AJ79: 0 | AK79: 未上架 | AL79: 未上架 | AM79: 未上架 | AN79: 未上架 | AO79: 未上架 | AP79: 未上架 | AQ79: 未上架 | AR79: 市场无出单 | AS79: 1 | AT79: 未上架 | AU79: 未上架 | AV79: 未上架 | AW79: 未上架 | AX79: 未上架 | AY79: 未上架 | AZ79: 未上架 | BA79: 0 | BB79: 7 | BC79: 未上架 | BD79: 未上架 | BE79: 未上架 | BF79: 未上架 | BG79: 未上架 | BH79: 未上架 | BI79: 未上架 | BJ79: 未出单 | BK79: Y | BL79: 未上架 | BM79: 未上架 | BN79: 未上架 | BO79: 未上架 | BP79: 未上架 | BQ79: 未上架 | BR79: 未上架 | BS79: 正常 | BT79: 正常 | BU79: 未上架 | BV79: 未上架 | BW79: 未上架 | BX79: 未上架 | BY79: 未上架 | BZ79: 未上架 | CA79: 未上架 | CB79: 正常 | CC79: 正常 | CD79: 未上架 | CE79: 未上架 | CF79: 未上架 | CG79: 未上架 | CH79: 未上架 | CI79: 未上架 | CJ79: 未上架 | CK79: 未上架 | CL79: 无市场 | CM79: 正常 | CN79: 未上架 | CO79: 未上架 | CP79: 未上架 | CQ79: 未上架 | CR79: 未上架 | CS79: 未上架 | CT79: 未上架 | CU79: 未上架 | CV79: 无异常 | CW79: N | CX79: N | CY79: Y | CZ79: =IF(_xlfn.XLOOKUP(B79,[2]累计数据!$C$193:$C$245,[2]累计数据!$C$193:$C$245,"N")=B79,"Y","N") -> Y | DA79: 0 | DB79: 0.02 | DC79: 0
A80: 12612 | B80: LYAM-X2895 | C80: 46140 | D80: =IF(_xlfn.XLOOKUP(A80,[1]分配表!J:J,[1]分配表!M:M)=0,"未出单",_xlfn.XLOOKUP(A80,[1]分配表!J:J,[1]分配表!M:M)) -> 未出单 | E80: =_xlfn.XLOOKUP(A80,[1]分配表!A:A,[1]分配表!C:C) -> 章鹏 | F80: 挡泥板 | G80: 原开品 | H80: 未上架 | I80: 未上架 | J80: 未上架 | K80: 未上架 | L80: 未上架 | M80: 未上架 | N80: 未上架 | O80: 0 | P80: 0 | Q80: =IFERROR(P80-O80,P80) -> 0 | Y80: 0 | Z80: 0 | AA80: =IFERROR(Z80-Y80,Z80) -> 0 | AI80: #N/A | AJ80: 0 | AR80: #N/A | AS80: 市场无出单 | BA80: 0 | BB80: 7 | BJ80: 未出单 | BK80: 未出单 | BS80: 正常 | BT80: 正常 | CB80: 正常 | CC80: 正常 | CL80: #N/A | CM80: 无市场 | CU80: 未上架 | CV80: 无异常 | CY80: Y | CZ80: =IF(_xlfn.XLOOKUP(B80,[2]累计数据!$C$193:$C$245,[2]累计数据!$C$193:$C$245,"N")=B80,"Y","N") -> Y | DA80: 未上架 | DB80: 0 | DC80: 0
A81: 12651 | B81: LYAP-X2210-C | C81: 46140 | D81: =IF(_xlfn.XLOOKUP(A81,[1]分配表!J:J,[1]分配表!M:M)=0,"未出单",_xlfn.XLOOKUP(A81,[1]分配表!J:J,[1]分配表!M:M)) -> 46142 | E81: =_xlfn.XLOOKUP(A81,[1]分配表!A:A,[1]分配表!C:C) -> 张潇 | F81: 机盖及附件 | G81: 原开品 | H81: 未上架 | I81: 未上架 | J81: 未上架 | K81: 未上架 | L81: 未上架 | M81: 未上架 | N81: 未上架 | O81: 0 | P81: 3 | Q81: =IFERROR(P81-O81,P81) -> 3 | Y81: 0 | Z81: 267 | AA81: =IFERROR(Z81-Y81,Z81) -> 267 | AI81: #N/A | AJ81: 6 | AR81: #N/A | AS81: 0.25 | BA81: 0 | BB81: 0 | BJ81: 未出单 | BK81: Y | BS81: 正常 | BT81: 正常 | CB81: 正常 | CC81: 正常 | CL81: #N/A | CM81: 竞争无优势 | CU81: 未上架 | CV81: 无异常 | CY81: Y | CZ81: =IF(_xlfn.XLOOKUP(B81,[2]累计数据!$C$193:$C$245,[2]累计数据!$C$193:$C$245,"N")=B81,"Y","N") -> Y | DA81: 未上架 | DB81: 0 | DC81: 0
A82: 12604 | B82: LYAM-X2439 | C82: 46141 | D82: =IF(_xlfn.XLOOKUP(A82,[1]分配表!J:J,[1]分配表!M:M)=0,"未出单",_xlfn.XLOOKUP(A82,[1]分配表!J:J,[1]分配表!M:M)) -> 未出单 | E82: =_xlfn.XLOOKUP(A82,[1]分配表!A:A,[1]分配表!C:C) -> 王偲涵 | F82: 车身外扩件 | G82: 原开品 | H82: 未上架 | I82: 未上架 | J82: 未上架 | K82: 未上架 | L82: 未上架 | M82: 未上架 | N82: 未上架 | O82: 0 | P82: 0 | Q82: =IFERROR(P82-O82,P82) -> 0 | Y82: 0 | Z82: 0 | AA82: =IFERROR(Z82-Y82,Z82) -> 0 | AI82: #N/A | AJ82: 0 | AR82: #N/A | AS82: 市场无出单 | BA82: 未分析 | BB82: 6 | BJ82: 未出单 | BK82: 未出单 | BS82: 正常 | BT82: 正常 | CB82: 异常 | CC82: 异常 | CL82: #N/A | CM82: 无市场 | CU82: 未上架 | CV82: 广告-PLP | CY82: Y | CZ82: =IF(_xlfn.XLOOKUP(B82,[2]累计数据!$C$193:$C$245,[2]累计数据!$C$193:$C$245,"N")=B82,"Y","N") -> Y | DA82: 未上架 | DB82: 0 | DC82: 0
A83: 12526 | B83: LYAM-X2443 | C83: 46141 | D83: =IF(_xlfn.XLOOKUP(A83,[1]分配表!J:J,[1]分配表!M:M)=0,"未出单",_xlfn.XLOOKUP(A83,[1]分配表!J:J,[1]分配表!M:M)) -> 未出单 | E83: =_xlfn.XLOOKUP(A83,[1]分配表!A:A,[1]分配表!C:C) -> 王偲涵 | F83: 车身外扩件 | G83: 原开品 | H83: 未上架 | I83: 未上架 | J83: 未上架 | K83: 未上架 | L83: 未上架 | M83: 未上架 | N83: 未上架 | O83: 0 | P83: 0 | Q83: =IFERROR(P83-O83,P83) -> 0 | Y83: 0 | Z83: 0 | AA83: =IFERROR(Z83-Y83,Z83) -> 0 | AI83: #N/A | AJ83: 0 | AR83: #N/A | AS83: 市场无出单 | BA83: 未分析 | BB83: 6 | BJ83: 未出单 | BK83: 未出单 | BS83: 正常 | BT83: 正常 | CB83: 异常 | CC83: 异常 | CL83: #N/A | CM83: 无市场 | CU83: 未上架 | CV83: 广告-PLP | CY83: Y | CZ83: =IF(_xlfn.XLOOKUP(B83,[2]累计数据!$C$193:$C$245,[2]累计数据!$C$193:$C$245,"N")=B83,"Y","N") -> Y | DA83: 未上架 | DB83: 0 | DC83: 0
A84: 12590 | B84: LYAM-X2450-SL | C84: 46141 | D84: =IF(_xlfn.XLOOKUP(A84,[1]分配表!J:J,[1]分配表!M:M)=0,"未出单",_xlfn.XLOOKUP(A84,[1]分配表!J:J,[1]分配表!M:M)) -> 46143 | E84: =_xlfn.XLOOKUP(A84,[1]分配表!A:A,[1]分配表!C:C) -> 王偲涵 | F84: 车身外扩件 | G84: 原开品 | H84: 未上架 | I84: 未上架 | J84: 未上架 | K84: 未上架 | L84: 未上架 | M84: 未上架 | N84: 未上架 | O84: 0 | P84: 1 | Q84: =IFERROR(P84-O84,P84) -> 1 | Y84: 0 | Z84: 125 | AA84: =IFERROR(Z84-Y84,Z84) -> 125 | AI84: #N/A | AJ84: 4 | AR84: #N/A | AS84: 0.2 | BA84: 未分析 | BB84: 6 | BJ84: 未出单 | BK84: Y | BS84: 正常 | BT84: 正常 | CB84: 异常 | CC84: 异常 | CL84: #N/A | CM84: 竞争无优势 | CU84: 未上架 | CV84: 广告-PLP | CY84: Y | CZ84: =IF(_xlfn.XLOOKUP(B84,[2]累计数据!$C$193:$C$245,[2]累计数据!$C$193:$C$245,"N")=B84,"Y","N") -> N | DA84: 未上架 | DB84: 0 | DC84: 0
A85: 12586 | B85: LYAP-X1909 | C85: 46141 | D85: =IF(_xlfn.XLOOKUP(A85,[1]分配表!J:J,[1]分配表!M:M)=0,"未出单",_xlfn.XLOOKUP(A85,[1]分配表!J:J,[1]分配表!M:M)) -> 46142 | E85: =_xlfn.XLOOKUP(A85,[1]分配表!A:A,[1]分配表!C:C) -> 朱培源 | F85: 机盖及附件 | G85: 原开品 | H85: 未上架 | I85: 未上架 | J85: 未上架 | K85: 未上架 | L85: 未上架 | M85: 未上架 | N85: 未上架 | O85: 0 | P85: 2 | Q85: =IFERROR(P85-O85,P85) -> 2 | Y85: 0 | Z85: 140 | AA85: =IFERROR(Z85-Y85,Z85) -> 140 | AI85: #N/A | AJ85: 2 | AR85: #N/A | AS85: 0.3333 | BA85: 0 | BB85: 7 | BJ85: 未出单 | BK85: Y | BS85: 正常 | BT85: 异常 | CB85: 正常 | CC85: 异常 | CL85: #N/A | CM85: 竞争无优势 | CU85: 未上架 | CV85: 无异常 | CY85: Y | CZ85: =IF(_xlfn.XLOOKUP(B85,[2]累计数据!$C$193:$C$245,[2]累计数据!$C$193:$C$245,"N")=B85,"Y","N") -> Y | DA85: 未上架 | DB85: 0 | DC85: 0
A86: 12615 | B86: LYAP-X2042-FL | C86: 46141 | D86: =IF(_xlfn.XLOOKUP(A86,[1]分配表!J:J,[1]分配表!M:M)=0,"未出单",_xlfn.XLOOKUP(A86,[1]分配表!J:J,[1]分配表!M:M)) -> 46150 | E86: =_xlfn.XLOOKUP(A86,[1]分配表!A:A,[1]分配表!C:C) -> 王偲涵 | F86: 其他 | G86: 原开品 | H86: 未上架 | I86: 未上架 | J86: 未上架 | K86: 未上架 | L86: 未上架 | M86: 未上架 | N86: 未上架 | O86: 0 | P86: 0 | Q86: =IFERROR(P86-O86,P86) -> 0 | Y86: 0 | Z86: 0 | AA86: =IFERROR(Z86-Y86,Z86) -> 0 | AI86: #N/A | AJ86: 1 | AR86: #N/A | AS86: 0 | BA86: 未分析 | BB86: 6 | BJ86: 未出单 | BK86: 未出单 | BS86: 正常 | BT86: 正常 | CB86: 异常 | CC86: 异常 | CL86: #N/A | CM86: 竞争无优势 | CU86: 未上架 | CV86: 无调整 | CY86: N | CZ86: =IF(_xlfn.XLOOKUP(B86,[2]累计数据!$C$193:$C$245,[2]累计数据!$C$193:$C$245,"N")=B86,"Y","N") -> N | DA86: 未上架 | DB86: 0.02 | DC86: 0
A87: 12616 | B87: LYAP-X2042-FR | C87: 46141 | D87: =IF(_xlfn.XLOOKUP(A87,[1]分配表!J:J,[1]分配表!M:M)=0,"未出单",_xlfn.XLOOKUP(A87,[1]分配表!J:J,[1]分配表!M:M)) -> 46145 | E87: =_xlfn.XLOOKUP(A87,[1]分配表!A:A,[1]分配表!C:C) -> 王偲涵 | F87: 其他 | G87: 原开品 | H87: 未上架 | I87: 未上架 | J87: 未上架 | K87: 未上架 | L87: 未上架 | M87: 未上架 | N87: 未上架 | O87: 0 | P87: 2 | Q87: =IFERROR(P87-O87,P87) -> 2 | Y87: 0 | Z87: 190 | AA87: =IFERROR(Z87-Y87,Z87) -> 190 | AI87: #N/A | AJ87: 0 | AR87: #N/A | AS87: 1 | BA87: 未分析 | BB87: 6 | BJ87: 未出单 | BK87: Y | BS87: 正常 | BT87: 正常 | CB87: 异常 | CC87: 异常 | CL87: #N/A | CM87: 正常 | CU87: 未上架 | CV87: 无调整 | CY87: N | CZ87: =IF(_xlfn.XLOOKUP(B87,[2]累计数据!$C$193:$C$245,[2]累计数据!$C$193:$C$245,"N")=B87,"Y","N") -> N | DA87: 未上架 | DB87: 0.02 | DC87: 0
A88: 12572 | B88: LYAP-X2317-L | C88: 46141 | D88: =IF(_xlfn.XLOOKUP(A88,[1]分配表!J:J,[1]分配表!M:M)=0,"未出单",_xlfn.XLOOKUP(A88,[1]分配表!J:J,[1]分配表!M:M)) -> 46147 | E88: =_xlfn.XLOOKUP(A88,[1]分配表!A:A,[1]分配表!C:C) -> 胡煜星 | F88: 其他 | G88: 拓展品 | H88: 未上架 | I88: 未上架 | J88: 未上架 | K88: 未上架 | L88: 未上架 | M88: 未上架 | N88: 未上架 | O88: 0 | P88: 1 | Q88: =IFERROR(P88-O88,P88) -> 1 | Y88: 0 | Z88: 60 | AA88: =IFERROR(Z88-Y88,Z88) -> 60 | AI88: #N/A | AJ88: 0 | AR88: #N/A | AS88: 市场无出单 | BA88: 未分析 | BB88: 0 | BJ88: 未出单 | BK88: 未出单 | BS88: 正常 | BT88: 正常 | CB88: 异常 | CC88: 正常 | CL88: #N/A | CM88: 无市场 | CU88: 未上架 | CV88: 无调整 | CY88: Y | CZ88: =IF(_xlfn.XLOOKUP(B88,[2]累计数据!$C$193:$C$245,[2]累计数据!$C$193:$C$245,"N")=B88,"Y","N") -> Y | DA88: 未上架 | DB88: 0 | DC88: 0
A89: 12573 | B89: LYAP-X2317-R | C89: 46141 | D89: =IF(_xlfn.XLOOKUP(A89,[1]分配表!J:J,[1]分配表!M:M)=0,"未出单",_xlfn.XLOOKUP(A89,[1]分配表!J:J,[1]分配表!M:M)) -> 未出单 | E89: =_xlfn.XLOOKUP(A89,[1]分配表!A:A,[1]分配表!C:C) -> 胡煜星 | F89: 其他 | G89: 拓展品 | H89: 未上架 | I89: 未上架 | J89: 未上架 | K89: 未上架 | L89: 未上架 | M89: 未上架 | N89: 未上架 | O89: 0 | P89: 0 | Q89: =IFERROR(P89-O89,P89) -> 0 | Y89: 0 | Z89: 0 | AA89: =IFERROR(Z89-Y89,Z89) -> 0 | AI89: #N/A | AJ89: 0 | AR89: #N/A | AS89: 市场无出单 | BA89: 未分析 | BB89: 0 | BJ89: 未出单 | BK89: 未出单 | BS89: 正常 | BT89: 正常 | CB89: 异常 | CC89: 正常 | CL89: #N/A | CM89: 无市场 | CU89: 未上架 | CV89: 广告-PLG | CY89: Y | CZ89: =IF(_xlfn.XLOOKUP(B89,[2]累计数据!$C$193:$C$245,[2]累计数据!$C$193:$C$245,"N")=B89,"Y","N") -> Y | DA89: 未上架 | DB89: 0 | DC89: 0
A90: 12650 | B90: LYAP-X2318 | C90: 46141 | D90: =IF(_xlfn.XLOOKUP(A90,[1]分配表!J:J,[1]分配表!M:M)=0,"未出单",_xlfn.XLOOKUP(A90,[1]分配表!J:J,[1]分配表!M:M)) -> 未出单 | E90: =_xlfn.XLOOKUP(A90,[1]分配表!A:A,[1]分配表!C:C) -> 张潇 | F90: 其他 | G90: 原开品 | H90: 未上架 | I90: 未上架 | J90: 未上架 | K90: 未上架 | L90: 未上架 | M90: 未上架 | N90: 未上架 | O90: 0 | P90: 0 | Q90: =IFERROR(P90-O90,P90) -> 0 | Y90: 0 | Z90: 0 | AA90: =IFERROR(Z90-Y90,Z90) -> 0 | AI90: #N/A | AJ90: 0 | AR90: #N/A | AS90: 市场无出单 | BA90: 未分析 | BB90: 0 | BJ90: 未出单 | BK90: 未出单 | BS90: 正常 | BT90: 正常 | CB90: 异常 | CC90: 正常 | CL90: #N/A | CM90: 无市场 | CU90: 未上架 | CV90: 无异常 | CY90: Y | CZ90: =IF(_xlfn.XLOOKUP(B90,[2]累计数据!$C$193:$C$245,[2]累计数据!$C$193:$C$245,"N")=B90,"Y","N") -> Y | DA90: 未上架 | DB90: 0 | DC90: 0
A91: 12649 | B91: LYAP-X2385 | C91: 46141 | D91: =IF(_xlfn.XLOOKUP(A91,[1]分配表!J:J,[1]分配表!M:M)=0,"未出单",_xlfn.XLOOKUP(A91,[1]分配表!J:J,[1]分配表!M:M)) -> 未出单 | E91: =_xlfn.XLOOKUP(A91,[1]分配表!A:A,[1]分配表!C:C) -> 张潇 | F91: 其他 | G91: 原开品 | H91: 未上架 | I91: 未上架 | J91: 未上架 | K91: 未上架 | L91: 未上架 | M91: 未上架 | N91: 未上架 | O91: 0 | P91: 0 | Q91: =IFERROR(P91-O91,P91) -> 0 | Y91: 0 | Z91: 0 | AA91: =IFERROR(Z91-Y91,Z91) -> 0 | AI91: #N/A | AJ91: 0 | AR91: #N/A | AS91: 市场无出单 | BA91: 未分析 | BB91: 0 | BJ91: 未出单 | BK91: 未出单 | BS91: 正常 | BT91: 正常 | CB91: 异常 | CC91: 正常 | CL91: #N/A | CM91: 无市场 | CU91: 未上架 | CV91: 无异常 | CY91: Y | CZ91: =IF(_xlfn.XLOOKUP(B91,[2]累计数据!$C$193:$C$245,[2]累计数据!$C$193:$C$245,"N")=B91,"Y","N") -> Y | DA91: 未上架 | DB91: 0 | DC91: 0
A92: 12632 | B92: LYAP-X2428-3 | C92: 46142 | D92: =IF(_xlfn.XLOOKUP(A92,[1]分配表!J:J,[1]分配表!M:M)=0,"未出单",_xlfn.XLOOKUP(A92,[1]分配表!J:J,[1]分配表!M:M)) -> 未出单 | E92: =_xlfn.XLOOKUP(A92,[1]分配表!A:A,[1]分配表!C:C) -> 俞东旭 | F92: 车门系统 | G92: 拓展品 | H92: 未上架 | I92: 未上架 | J92: 未上架 | K92: 未上架 | L92: 未上架 | M92: 未上架 | N92: 未上架 | O92: 未上架 | P92: 0 | Q92: =IFERROR(P92-O92,P92) -> 0 | X92: 未上架 | Y92: 未上架 | Z92: 0 | AA92: =IFERROR(Z92-Y92,Z92) -> 0 | AG92: 未上架 | AH92: 未上架 | AI92: 未上架 | AJ92: 0 | AK92: 未上架 | AL92: 未上架 | AM92: 未上架 | AN92: 未上架 | AO92: 未上架 | AP92: 未上架 | AQ92: 未上架 | AR92: 未上架 | AS92: 市场无出单 | AT92: 未上架 | AU92: 未上架 | AV92: 未上架 | AW92: 未上架 | AX92: 未上架 | AY92: 未上架 | AZ92: 未上架 | BA92: 未上架 | BB92: 6 | BC92: 未上架 | BD92: 未上架 | BE92: 未上架 | BF92: 未上架 | BG92: 未上架 | BH92: 未上架 | BI92: 未上架 | BJ92: 未上架 | BK92: 未出单 | BL92: 未上架 | BM92: 未上架 | BN92: 未上架 | BO92: 未上架 | BP92: 未上架 | BQ92: 未上架 | BR92: 未上架 | BS92: 未上架 | BT92: 正常 | BU92: 未上架 | BV92: 未上架 | BW92: 未上架 | BX92: 未上架 | BY92: 未上架 | BZ92: 未上架 | CA92: 未上架 | CB92: 未上架 | CC92: 异常 | CD92: 未上架 | CE92: 未上架 | CF92: 未上架 | CG92: 未上架 | CH92: 未上架 | CI92: 未上架 | CJ92: 未上架 | CK92: 未上架 | CL92: 未上架 | CM92: 无市场 | CN92: 未上架 | CO92: 未上架 | CP92: 未上架 | CQ92: 未上架 | CR92: 未上架 | CS92: 未上架 | CT92: 未上架 | CU92: 未上架 | CV92: 无异常 | CW92: 未上架 | CX92: 未上架 | CY92: N | CZ92: =IF(_xlfn.XLOOKUP(B92,[2]累计数据!$C$193:$C$245,[2]累计数据!$C$193:$C$245,"N")=B92,"Y","N") -> N | DA92: 未上架 | DB92: 未上架 | DC92: 0
A93: 12631 | B93: LYAP-X2428-2 | C93: 46142 | D93: =IF(_xlfn.XLOOKUP(A93,[1]分配表!J:J,[1]分配表!M:M)=0,"未出单",_xlfn.XLOOKUP(A93,[1]分配表!J:J,[1]分配表!M:M)) -> 46142 | E93: =_xlfn.XLOOKUP(A93,[1]分配表!A:A,[1]分配表!C:C) -> 俞东旭 | F93: 车门系统 | G93: 原开品 | H93: 未上架 | I93: 未上架 | J93: 未上架 | K93: 未上架 | L93: 未上架 | M93: 未上架 | N93: 未上架 | O93: 未上架 | P93: 3 | Q93: =IFERROR(P93-O93,P93) -> 3 | X93: 未上架 | Y93: 未上架 | Z93: 375 | AA93: =IFERROR(Z93-Y93,Z93) -> 375 | AG93: 未上架 | AH93: 未上架 | AI93: 未上架 | AJ93: 0 | AK93: 未上架 | AL93: 未上架 | AM93: 未上架 | AN93: 未上架 | AO93: 未上架 | AP93: 未上架 | AQ93: 未上架 | AR93: 未上架 | AS93: 1 | AT93: 未上架 | AU93: 未上架 | AV93: 未上架 | AW93: 未上架 | AX93: 未上架 | AY93: 未上架 | AZ93: 未上架 | BA93: 未上架 | BB93: 6 | BC93: 未上架 | BD93: 未上架 | BE93: 未上架 | BF93: 未上架 | BG93: 未上架 | BH93: 未上架 | BI93: 未上架 | BJ93: 未上架 | BK93: Y | BL93: 未上架 | BM93: 未上架 | BN93: 未上架 | BO93: 未上架 | BP93: 未上架 | BQ93: 未上架 | BR93: 未上架 | BS93: 未上架 | BT93: 正常 | BU93: 未上架 | BV93: 未上架 | BW93: 未上架 | BX93: 未上架 | BY93: 未上架 | BZ93: 未上架 | CA93: 未上架 | CB93: 未上架 | CC93: 异常 | CD93: 未上架 | CE93: 未上架 | CF93: 未上架 | CG93: 未上架 | CH93: 未上架 | CI93: 未上架 | CJ93: 未上架 | CK93: 未上架 | CL93: 未上架 | CM93: 正常 | CN93: 未上架 | CO93: 未上架 | CP93: 未上架 | CQ93: 未上架 | CR93: 未上架 | CS93: 未上架 | CT93: 未上架 | CU93: 未上架 | CV93: 无异常 | CW93: 未上架 | CX93: 未上架 | CY93: N | CZ93: =IF(_xlfn.XLOOKUP(B93,[2]累计数据!$C$193:$C$245,[2]累计数据!$C$193:$C$245,"N")=B93,"Y","N") -> N | DA93: 未上架 | DB93: 未上架 | DC93: 0
A94: 12630 | B94: LYAP-X2428-1 | C94: 46142 | D94: =IF(_xlfn.XLOOKUP(A94,[1]分配表!J:J,[1]分配表!M:M)=0,"未出单",_xlfn.XLOOKUP(A94,[1]分配表!J:J,[1]分配表!M:M)) -> 46144 | E94: =_xlfn.XLOOKUP(A94,[1]分配表!A:A,[1]分配表!C:C) -> 俞东旭 | F94: 车门系统 | G94: 原开品 | H94: 未上架 | I94: 未上架 | J94: 未上架 | K94: 未上架 | L94: 未上架 | M94: 未上架 | N94: 未上架 | O94: 未上架 | P94: 1 | Q94: =IFERROR(P94-O94,P94) -> 1 | X94: 未上架 | Y94: 未上架 | Z94: 245 | AA94: =IFERROR(Z94-Y94,Z94) -> 245 | AG94: 未上架 | AH94: 未上架 | AI94: 未上架 | AJ94: 0 | AK94: 未上架 | AL94: 未上架 | AM94: 未上架 | AN94: 未上架 | AO94: 未上架 | AP94: 未上架 | AQ94: 未上架 | AR94: 未上架 | AS94: 1 | AT94: 未上架 | AU94: 未上架 | AV94: 未上架 | AW94: 未上架 | AX94: 未上架 | AY94: 未上架 | AZ94: 未上架 | BA94: 未上架 | BB94: 6 | BC94: 未上架 | BD94: 未上架 | BE94: 未上架 | BF94: 未上架 | BG94: 未上架 | BH94: 未上架 | BI94: 未上架 | BJ94: 未上架 | BK94: Y | BL94: 未上架 | BM94: 未上架 | BN94: 未上架 | BO94: 未上架 | BP94: 未上架 | BQ94: 未上架 | BR94: 未上架 | BS94: 未上架 | BT94: 正常 | BU94: 未上架 | BV94: 未上架 | BW94: 未上架 | BX94: 未上架 | BY94: 未上架 | BZ94: 未上架 | CA94: 未上架 | CB94: 未上架 | CC94: 异常 | CD94: 未上架 | CE94: 未上架 | CF94: 未上架 | CG94: 未上架 | CH94: 未上架 | CI94: 未上架 | CJ94: 未上架 | CK94: 未上架 | CL94: 未上架 | CM94: 正常 | CN94: 未上架 | CO94: 未上架 | CP94: 未上架 | CQ94: 未上架 | CR94: 未上架 | CS94: 未上架 | CT94: 未上架 | CU94: 未上架 | CV94: 无异常 | CW94: 未上架 | CX94: 未上架 | CY94: N | CZ94: =IF(_xlfn.XLOOKUP(B94,[2]累计数据!$C$193:$C$245,[2]累计数据!$C$193:$C$245,"N")=B94,"Y","N") -> N | DA94: 未上架 | DB94: 未上架 | DC94: 0
A95: 12587 | B95: LYAP-X1360-1L | C95: 46142 | D95: =IF(_xlfn.XLOOKUP(A95,[1]分配表!J:J,[1]分配表!M:M)=0,"未出单",_xlfn.XLOOKUP(A95,[1]分配表!J:J,[1]分配表!M:M)) -> 46144 | E95: =_xlfn.XLOOKUP(A95,[1]分配表!A:A,[1]分配表!C:C) -> 章鹏 | F95: 饰条 | G95: 拓展品 | H95: 未上架 | I95: 未上架 | J95: 未上架 | K95: 未上架 | L95: 未上架 | M95: 未上架 | N95: 未上架 | O95: 未上架 | P95: 4 | Q95: =IFERROR(P95-O95,P95) -> 4 | X95: 未上架 | Y95: 未上架 | Z95: 152.89 | AA95: =IFERROR(Z95-Y95,Z95) -> 152.89 | AG95: 未上架 | AH95: 未上架 | AI95: 未上架 | AJ95: 2 | AK95: 未上架 | AL95: 未上架 | AM95: 未上架 | AN95: 未上架 | AO95: 未上架 | AP95: 未上架 | AQ95: 未上架 | AR95: 未上架 | AS95: 0.6 | AT95: 未上架 | AU95: 未上架 | AV95: 未上架 | AW95: 未上架 | AX95: 未上架 | AY95: 未上架 | AZ95: 未上架 | BA95: 未上架 | BB95: 6 | BC95: 未上架 | BD95: 未上架 | BE95: 未上架 | BF95: 未上架 | BG95: 未上架 | BH95: 未上架 | BI95: 未上架 | BJ95: 未上架 | BK95: Y | BL95: 未上架 | BM95: 未上架 | BN95: 未上架 | BO95: 未上架 | BP95: 未上架 | BQ95: 未上架 | BR95: 未上架 | BS95: 未上架 | BT95: 正常 | BU95: 未上架 | BV95: 未上架 | BW95: 未上架 | BX95: 未上架 | BY95: 未上架 | BZ95: 未上架 | CA95: 未上架 | CB95: 未上架 | CC95: 异常 | CD95: 未上架 | CE95: 未上架 | CF95: 未上架 | CG95: 未上架 | CH95: 未上架 | CI95: 未上架 | CJ95: 未上架 | CK95: 未上架 | CL95: 未上架 | CM95: 竞争无优势 | CN95: 未上架 | CO95: 未上架 | CP95: 未上架 | CQ95: 未上架 | CR95: 未上架 | CS95: 未上架 | CT95: 未上架 | CU95: 未上架 | CV95: 无异常 | CW95: 未上架 | CX95: 未上架 | CY95: Y | CZ95: =IF(_xlfn.XLOOKUP(B95,[2]累计数据!$C$193:$C$245,[2]累计数据!$C$193:$C$245,"N")=B95,"Y","N") -> N | DA95: 未上架 | DB95: 未上架 | DC95: 0
A96: 12569 | B96: LYAP-X2316 | C96: 46142 | D96: =IF(_xlfn.XLOOKUP(A96,[1]分配表!J:J,[1]分配表!M:M)=0,"未出单",_xlfn.XLOOKUP(A96,[1]分配表!J:J,[1]分配表!M:M)) -> 未出单 | E96: =_xlfn.XLOOKUP(A96,[1]分配表!A:A,[1]分配表!C:C) -> 张潇 | F96: 其他 | G96: 原开品 | H96: 未上架 | I96: 未上架 | J96: 未上架 | K96: 未上架 | L96: 未上架 | M96: 未上架 | N96: 未上架 | O96: 未上架 | P96: 0 | Q96: =IFERROR(P96-O96,P96) -> 0 | X96: 未上架 | Y96: 未上架 | Z96: 0 | AA96: =IFERROR(Z96-Y96,Z96) -> 0 | AG96: 未上架 | AH96: 未上架 | AI96: 未上架 | AJ96: 0 | AK96: 未上架 | AL96: 未上架 | AM96: 未上架 | AN96: 未上架 | AO96: 未上架 | AP96: 未上架 | AQ96: 未上架 | AR96: 未上架 | AS96: 市场无出单 | AT96: 未上架 | AU96: 未上架 | AV96: 未上架 | AW96: 未上架 | AX96: 未上架 | AY96: 未上架 | AZ96: 未上架 | BA96: 未上架 | BB96: 0 | BC96: 未上架 | BD96: 未上架 | BE96: 未上架 | BF96: 未上架 | BG96: 未上架 | BH96: 未上架 | BI96: 未上架 | BJ96: 未上架 | BK96: 未出单 | BL96: 未上架 | BM96: 未上架 | BN96: 未上架 | BO96: 未上架 | BP96: 未上架 | BQ96: 未上架 | BR96: 未上架 | BS96: 未上架 | BT96: 正常 | BU96: 未上架 | BV96: 未上架 | BW96: 未上架 | BX96: 未上架 | BY96: 未上架 | BZ96: 未上架 | CA96: 未上架 | CB96: 未上架 | CC96: 正常 | CD96: 未上架 | CE96: 未上架 | CF96: 未上架 | CG96: 未上架 | CH96: 未上架 | CI96: 未上架 | CJ96: 未上架 | CK96: 未上架 | CL96: 未上架 | CM96: 无市场 | CN96: 未上架 | CO96: 未上架 | CP96: 未上架 | CQ96: 未上架 | CR96: 未上架 | CS96: 未上架 | CT96: 未上架 | CU96: 未上架 | CV96: 无异常 | CW96: 未上架 | CX96: 未上架 | CY96: Y | CZ96: =IF(_xlfn.XLOOKUP(B96,[2]累计数据!$C$193:$C$245,[2]累计数据!$C$193:$C$245,"N")=B96,"Y","N") -> Y | DA96: 未上架 | DB96: 未上架 | DC96: 0
A97: 12575 | B97: LYAP-X2310-R | C97: 46142 | D97: =IF(_xlfn.XLOOKUP(A97,[1]分配表!J:J,[1]分配表!M:M)=0,"未出单",_xlfn.XLOOKUP(A97,[1]分配表!J:J,[1]分配表!M:M)) -> 46147 | E97: =_xlfn.XLOOKUP(A97,[1]分配表!A:A,[1]分配表!C:C) -> 胡煜星 | F97: 其他 | G97: 拓展品 | H97: 未上架 | I97: 未上架 | J97: 未上架 | K97: 未上架 | L97: 未上架 | M97: 未上架 | N97: 未上架 | O97: 未上架 | P97: 1 | Q97: =IFERROR(P97-O97,P97) -> 1 | X97: 未上架 | Y97: 未上架 | Z97: 65 | AA97: =IFERROR(Z97-Y97,Z97) -> 65 | AG97: 未上架 | AH97: 未上架 | AI97: 未上架 | AJ97: 0 | AK97: 未上架 | AL97: 未上架 | AM97: 未上架 | AN97: 未上架 | AO97: 未上架 | AP97: 未上架 | AQ97: 未上架 | AR97: 未上架 | AS97: 市场无出单 | AT97: 未上架 | AU97: 未上架 | AV97: 未上架 | AW97: 未上架 | AX97: 未上架 | AY97: 未上架 | AZ97: 未上架 | BA97: 未上架 | BB97: 6 | BC97: 未上架 | BD97: 未上架 | BE97: 未上架 | BF97: 未上架 | BG97: 未上架 | BH97: 未上架 | BI97: 未上架 | BJ97: 未上架 | BK97: Y | BL97: 未上架 | BM97: 未上架 | BN97: 未上架 | BO97: 未上架 | BP97: 未上架 | BQ97: 未上架 | BR97: 未上架 | BS97: 未上架 | BT97: 正常 | BU97: 未上架 | BV97: 未上架 | BW97: 未上架 | BX97: 未上架 | BY97: 未上架 | BZ97: 未上架 | CA97: 未上架 | CB97: 未上架 | CC97: 异常 | CD97: 未上架 | CE97: 未上架 | CF97: 未上架 | CG97: 未上架 | CH97: 未上架 | CI97: 未上架 | CJ97: 未上架 | CK97: 未上架 | CL97: 未上架 | CM97: 正常 | CN97: 未上架 | CO97: 未上架 | CP97: 未上架 | CQ97: 未上架 | CR97: 未上架 | CS97: 未上架 | CT97: 未上架 | CU97: 未上架 | CV97: 无异常 | CW97: 未上架 | CX97: 未上架 | CY97: Y | CZ97: =IF(_xlfn.XLOOKUP(B97,[2]累计数据!$C$193:$C$245,[2]累计数据!$C$193:$C$245,"N")=B97,"Y","N") -> Y | DA97: 未上架 | DB97: 未上架 | DC97: 0
A98: 12574 | B98: LYAP-X2310-L | C98: 46142 | D98: =IF(_xlfn.XLOOKUP(A98,[1]分配表!J:J,[1]分配表!M:M)=0,"未出单",_xlfn.XLOOKUP(A98,[1]分配表!J:J,[1]分配表!M:M)) -> 未出单 | E98: =_xlfn.XLOOKUP(A98,[1]分配表!A:A,[1]分配表!C:C) -> 胡煜星 | F98: 其他 | G98: 拓展品 | H98: 未上架 | I98: 未上架 | J98: 未上架 | K98: 未上架 | L98: 未上架 | M98: 未上架 | N98: 未上架 | O98: 未上架 | P98: 0 | Q98: =IFERROR(P98-O98,P98) -> 0 | X98: 未上架 | Y98: 未上架 | Z98: 0 | AA98: =IFERROR(Z98-Y98,Z98) -> 0 | AG98: 未上架 | AH98: 未上架 | AI98: 未上架 | AJ98: 0 | AK98: 未上架 | AL98: 未上架 | AM98: 未上架 | AN98: 未上架 | AO98: 未上架 | AP98: 未上架 | AQ98: 未上架 | AR98: 未上架 | AS98: 市场无出单 | AT98: 未上架 | AU98: 未上架 | AV98: 未上架 | AW98: 未上架 | AX98: 未上架 | AY98: 未上架 | AZ98: 未上架 | BA98: 未上架 | BB98: 6 | BC98: 未上架 | BD98: 未上架 | BE98: 未上架 | BF98: 未上架 | BG98: 未上架 | BH98: 未上架 | BI98: 未上架 | BJ98: 未上架 | BK98: 未出单 | BL98: 未上架 | BM98: 未上架 | BN98: 未上架 | BO98: 未上架 | BP98: 未上架 | BQ98: 未上架 | BR98: 未上架 | BS98: 未上架 | BT98: 正常 | BU98: 未上架 | BV98: 未上架 | BW98: 未上架 | BX98: 未上架 | BY98: 未上架 | BZ98: 未上架 | CA98: 未上架 | CB98: 未上架 | CC98: 异常 | CD98: 未上架 | CE98: 未上架 | CF98: 未上架 | CG98: 未上架 | CH98: 未上架 | CI98: 未上架 | CJ98: 未上架 | CK98: 未上架 | CL98: 未上架 | CM98: 无市场 | CN98: 未上架 | CO98: 未上架 | CP98: 未上架 | CQ98: 未上架 | CR98: 未上架 | CS98: 未上架 | CT98: 未上架 | CU98: 未上架 | CV98: 无异常 | CW98: 未上架 | CX98: 未上架 | CY98: Y | CZ98: =IF(_xlfn.XLOOKUP(B98,[2]累计数据!$C$193:$C$245,[2]累计数据!$C$193:$C$245,"N")=B98,"Y","N") -> Y | DA98: 未上架 | DB98: 未上架 | DC98: 0
A99: 12629 | B99: LYAP-X2412 | C99: 46142 | D99: =IF(_xlfn.XLOOKUP(A99,[1]分配表!J:J,[1]分配表!M:M)=0,"未出单",_xlfn.XLOOKUP(A99,[1]分配表!J:J,[1]分配表!M:M)) -> 46146 | E99: =_xlfn.XLOOKUP(A99,[1]分配表!A:A,[1]分配表!C:C) -> 王偲涵 | F99: 车身外扩件 | G99: 原开品 | H99: 未上架 | I99: 未上架 | J99: 未上架 | K99: 未上架 | L99: 未上架 | M99: 未上架 | N99: 未上架 | O99: 未上架 | P99: 1 | Q99: =IFERROR(P99-O99,P99) -> 1 | X99: 未上架 | Y99: 未上架 | Z99: 35 | AA99: =IFERROR(Z99-Y99,Z99) -> 35 | AG99: 未上架 | AH99: 未上架 | AI99: 未上架 | AJ99: 9 | AK99: 未上架 | AL99: 未上架 | AM99: 未上架 | AN99: 未上架 | AO99: 未上架 | AP99: 未上架 | AQ99: 未上架 | AR99: 未上架 | AS99: 0.1 | AT99: 未上架 | AU99: 未上架 | AV99: 未上架 | AW99: 未上架 | AX99: 未上架 | AY99: 未上架 | AZ99: 未上架 | BA99: 未上架 | BB99: 6 | BC99: 未上架 | BD99: 未上架 | BE99: 未上架 | BF99: 未上架 | BG99: 未上架 | BH99: 未上架 | BI99: 未上架 | BJ99: 未上架 | BK99: Y | BL99: 未上架 | BM99: 未上架 | BN99: 未上架 | BO99: 未上架 | BP99: 未上架 | BQ99: 未上架 | BR99: 未上架 | BS99: 未上架 | BT99: 正常 | BU99: 未上架 | BV99: 未上架 | BW99: 未上架 | BX99: 未上架 | BY99: 未上架 | BZ99: 未上架 | CA99: 未上架 | CB99: 未上架 | CC99: 异常 | CD99: 未上架 | CE99: 未上架 | CF99: 未上架 | CG99: 未上架 | CH99: 未上架 | CI99: 未上架 | CJ99: 未上架 | CK99: 未上架 | CL99: 未上架 | CM99: 竞争无优势 | CN99: 未上架 | CO99: 未上架 | CP99: 未上架 | CQ99: 未上架 | CR99: 未上架 | CS99: 未上架 | CT99: 未上架 | CU99: 未上架 | CV99: 无异常 | CW99: 未上架 | CX99: 未上架 | CY99: Y | CZ99: =IF(_xlfn.XLOOKUP(B99,[2]累计数据!$C$193:$C$245,[2]累计数据!$C$193:$C$245,"N")=B99,"Y","N") -> Y | DA99: 未上架 | DB99: 未上架 | DC99: 0
A100: 12591 | B100: LYAM-X2452-SL | C100: 46142 | D100: =IF(_xlfn.XLOOKUP(A100,[1]分配表!J:J,[1]分配表!M:M)=0,"未出单",_xlfn.XLOOKUP(A100,[1]分配表!J:J,[1]分配表!M:M)) -> 未出单 | E100: =_xlfn.XLOOKUP(A100,[1]分配表!A:A,[1]分配表!C:C) -> 王偲涵 | F100: 车身外扩件 | G100: 原开品 | H100: 未上架 | I100: 未上架 | J100: 未上架 | K100: 未上架 | L100: 未上架 | M100: 未上架 | N100: 未上架 | O100: 未上架 | P100: 0 | Q100: =IFERROR(P100-O100,P100) -> 0 | X100: 未上架 | Y100: 未上架 | Z100: 0 | AA100: =IFERROR(Z100-Y100,Z100) -> 0 | AG100: 未上架 | AH100: 未上架 | AI100: 未上架 | AJ100: 1 | AK100: 未上架 | AL100: 未上架 | AM100: 未上架 | AN100: 未上架 | AO100: 未上架 | AP100: 未上架 | AQ100: 未上架 | AR100: 未上架 | AS100: 0 | AT100: 未上架 | AU100: 未上架 | AV100: 未上架 | AW100: 未上架 | AX100: 未上架 | AY100: 未上架 | AZ100: 未上架 | BA100: 未上架 | BB100: 6 | BC100: 未上架 | BD100: 未上架 | BE100: 未上架 | BF100: 未上架 | BG100: 未上架 | BH100: 未上架 | BI100: 未上架 | BJ100: 未上架 | BK100: 未出单 | BL100: 未上架 | BM100: 未上架 | BN100: 未上架 | BO100: 未上架 | BP100: 未上架 | BQ100: 未上架 | BR100: 未上架 | BS100: 未上架 | BT100: 正常 | BU100: 未上架 | BV100: 未上架 | BW100: 未上架 | BX100: 未上架 | BY100: 未上架 | BZ100: 未上架 | CA100: 未上架 | CB100: 未上架 | CC100: 异常 | CD100: 未上架 | CE100: 未上架 | CF100: 未上架 | CG100: 未上架 | CH100: 未上架 | CI100: 未上架 | CJ100: 未上架 | CK100: 未上架 | CL100: 未上架 | CM100: 竞争无优势 | CN100: 未上架 | CO100: 未上架 | CP100: 未上架 | CQ100: 未上架 | CR100: 未上架 | CS100: 未上架 | CT100: 未上架 | CU100: 未上架 | CV100: 无异常 | CW100: 未上架 | CX100: 未上架 | CY100: Y | CZ100: =IF(_xlfn.XLOOKUP(B100,[2]累计数据!$C$193:$C$245,[2]累计数据!$C$193:$C$245,"N")=B100,"Y","N") -> Y | DA100: 未上架 | DB100: 未上架 | DC100: 0
...
