Workbook

Sheet 近三月新品明细数据
A1: 销售编号 | B1: SKU | C1: 最新上架日期 | D1: 首次出单日期 | E1: 4月分析人 | F1: 5月分析人 | G1: 品类 | H1: 产品拓展 | I1: 4月分析频次 | J1: 5月分析频次 | K1: 4月 8日出单 | L1: 5月 8日出单 | M1: 4月市场状态 | N1: 5月市场状态 | O1: 4月销量 | P1: 5月销量 | Q1: 4月销售额 | R1: 5月销售额 | S1: 4月对手出单 | T1: 5月对手出单 | U1: 4月市容 | V1: 5月市容 | W1: 4月市占比 | X1: 5月市占比 | Y1: 4月 PLP广告销量 | Z1: 4月 PLP广告销售额 | AA1: 4月 PLP广告花费 | AB1: 4月 PLP广告ACOS1 | AC1: 4月 PLP广告ACOAS | AD1: 5月 PLP广告销量 | AE1: 5月 PLP广告销售额 | AF1: 5月 PLP广告花费 | AG1: 5月 PLP广告ACOS1 | AH1: 5月 PLP广告ACOAS | AI1: 4月 PLG广告花费 | AJ1: 4月 PLG广告销售额 | AK1: 4月 PLG广告ACOS | AL1: 4月 PLG广告ACOAS | AM1: 4月 总广告ACOAS | AN1: 5月 PLG广告花费 | AO1: 5月 PLG广告销售额 | AP1: 5月 PLG广告ACOS | AQ1: 5月 PLG广告ACOAS | AR1: 5月 总广告ACOAS
A2: 12073 | B2: LYAP-X1658 | C2: =_xlfn.XLOOKUP(A2,[1]分配表!J:J,[1]分配表!L:L) -> 46085 | D2: =IF(_xlfn.XLOOKUP(A2,[1]分配表!J:J,[1]分配表!M:M)=0,"未出单",_xlfn.XLOOKUP(A2,[1]分配表!J:J,[1]分配表!M:M)) -> 46093 | E2: 朱培源 | F2: =_xlfn.XLOOKUP(A2,[1]分配表!A:A,[1]分配表!C:C) -> 朱培源 | G2: =IF(_xlfn.XLOOKUP($A2,[1]分配表!$A:$A,[1]分配表!D:D)=0,"未分类",_xlfn.XLOOKUP($A2,[1]分配表!$A:$A,[1]分配表!D:D)) -> 车门系统 | H2: =_xlfn.XLOOKUP(A2,[1]分配表!J:J,[1]分配表!I:I) -> 原开品 | I2: =COUNTIFS([1]月销售数据!L:L,A2,[1]月销售数据!M:M,">=2026-4-1",[1]月销售数据!M:M,"<=2026-4-30") -> 3 | J2: =COUNTIFS([1]月销售数据!L:L,A2,[1]月销售数据!M:M,">=2026-5-1",[1]月销售数据!M:M,"<=2026-5-31") -> 1 | K2: Y | L2: Y | M2: 无市场 | N2: 正常 | O2: 2 | P2: 8 | Q2: 840 | R2: 3360 | S2: 0 | T2: 0 | U2: 2 | V2: =T2+P2 -> 8 | W2: 1 | X2: 1 | Y2: 0 | Z2: 0 | AA2: 18.23 | AB2: #DIV/0! | AC2: 0.021702381 | AD2: 0 | AE2: 0 | AF2: 0 | AG2: #DIV/0! | AH2: 0 | AI2: 32.09 | AJ2: 911.4 | AK2: 0.035209568 | AL2: 0.038202381 | AM2: 0.065904762 | AN2: 181.75 | AO2: 4546.92 | AP2: 0.039972113 | AQ2: 0.054092262 | AR2: 0.055464286
A3: 12074 | B3: LYAP-X1658L | C3: =_xlfn.XLOOKUP(A3,[1]分配表!J:J,[1]分配表!L:L) -> 46085 | D3: =IF(_xlfn.XLOOKUP(A3,[1]分配表!J:J,[1]分配表!M:M)=0,"未出单",_xlfn.XLOOKUP(A3,[1]分配表!J:J,[1]分配表!M:M)) -> 46085 | E3: 朱培源 | F3: =_xlfn.XLOOKUP(A3,[1]分配表!A:A,[1]分配表!C:C) -> 朱培源 | G3: =IF(_xlfn.XLOOKUP($A3,[1]分配表!$A:$A,[1]分配表!D:D)=0,"未分类",_xlfn.XLOOKUP($A3,[1]分配表!$A:$A,[1]分配表!D:D)) -> 车门系统 | H3: =_xlfn.XLOOKUP(A3,[1]分配表!J:J,[1]分配表!I:I) -> 拓展品 | I3: =COUNTIFS([1]月销售数据!L:L,A3,[1]月销售数据!M:M,">=2026-4-1",[1]月销售数据!M:M,"<=2026-4-30") -> 2 | J3: =COUNTIFS([1]月销售数据!L:L,A3,[1]月销售数据!M:M,">=2026-5-1",[1]月销售数据!M:M,"<=2026-5-31") -> 1 | K3: Y | L3: Y | M3: 正常 | N3: 正常 | O3: 24 | P3: 23 | Q3: 5698.62 | R3: 5766.52 | S3: 0 | T3: 1 | U3: 24 | V3: =T3+P3 -> 24 | W3: 1 | X3: 0.95833333 | Y3: 1 | Z3: 211.81 | AA3: 29.89 | AB3: 0.14111704 | AC3: 0.0052451295 | AD3: 1 | AE3: 295.77 | AF3: 0 | AG3: 0 | AH3: 0 | AI3: 225.24 | AJ3: 6105.74 | AK3: 0.036889877 | AL3: 0.039525359 | AM3: 0.049269823 | AN3: 191.15 | AO3: 5155.87 | AP3: 0.037074247 | AQ3: 0.033148242 | AR3: 0.035253498
A4: 12075 | B4: LYAP-X1658R | C4: =_xlfn.XLOOKUP(A4,[1]分配表!J:J,[1]分配表!L:L) -> 46085 | D4: =IF(_xlfn.XLOOKUP(A4,[1]分配表!J:J,[1]分配表!M:M)=0,"未出单",_xlfn.XLOOKUP(A4,[1]分配表!J:J,[1]分配表!M:M)) -> 46085 | E4: 朱培源 | F4: =_xlfn.XLOOKUP(A4,[1]分配表!A:A,[1]分配表!C:C) -> 朱培源 | G4: =IF(_xlfn.XLOOKUP($A4,[1]分配表!$A:$A,[1]分配表!D:D)=0,"未分类",_xlfn.XLOOKUP($A4,[1]分配表!$A:$A,[1]分配表!D:D)) -> 车门系统 | H4: =_xlfn.XLOOKUP(A4,[1]分配表!J:J,[1]分配表!I:I) -> 拓展品 | I4: =COUNTIFS([1]月销售数据!L:L,A4,[1]月销售数据!M:M,">=2026-4-1",[1]月销售数据!M:M,"<=2026-4-30") -> 2 | J4: =COUNTIFS([1]月销售数据!L:L,A4,[1]月销售数据!M:M,">=2026-5-1",[1]月销售数据!M:M,"<=2026-5-31") -> 1 | K4: Y | L4: Y | M4: 无市场 | N4: 无市场 | O4: 1 | P4: 3 | Q4: 220 | R4: 660 | S4: 0 | T4: 0 | U4: 1 | V4: =T4+P4 -> 3 | W4: 1 | X4: 1 | Y4: 0 | Z4: 0 | AA4: 4.81 | AB4: #DIV/0! | AC4: 0.021863636 | AD4: 0 | AE4: 0 | AF4: 0 | AG4: #DIV/0! | AH4: 0 | AI4: 11.98 | AJ4: 239.58 | AK4: 0.050004174 | AL4: 0.054454545 | AM4: 0.085045455 | AN4: 36.73 | AO4: 951.39 | AP4: 0.03860667 | AQ4: 0.055651515 | AR4: 0.059848485
A5: 12252 | B5: LYAP-X1800-1 | C5: =_xlfn.XLOOKUP(A5,[1]分配表!J:J,[1]分配表!L:L) -> 46085 | D5: =IF(_xlfn.XLOOKUP(A5,[1]分配表!J:J,[1]分配表!M:M)=0,"未出单",_xlfn.XLOOKUP(A5,[1]分配表!J:J,[1]分配表!M:M)) -> 46089 | E5: 胡煜星 | F5: =_xlfn.XLOOKUP(A5,[1]分配表!A:A,[1]分配表!C:C) -> 胡煜星 | G5: =IF(_xlfn.XLOOKUP($A5,[1]分配表!$A:$A,[1]分配表!D:D)=0,"未分类",_xlfn.XLOOKUP($A5,[1]分配表!$A:$A,[1]分配表!D:D)) -> 车门系统 | H5: =_xlfn.XLOOKUP(A5,[1]分配表!J:J,[1]分配表!I:I) -> 原开品 | I5: =COUNTIFS([1]月销售数据!L:L,A5,[1]月销售数据!M:M,">=2026-4-1",[1]月销售数据!M:M,"<=2026-4-30") -> 3 | J5: =COUNTIFS([1]月销售数据!L:L,A5,[1]月销售数据!M:M,">=2026-5-1",[1]月销售数据!M:M,"<=2026-5-31") -> 4 | K5: Y | L5: Y | M5: 竞争无优势 | N5: 竞争无优势 | O5: 1 | P5: 4 | Q5: 40 | R5: 160 | S5: 13 | T5: 10 | U5: 14 | V5: =T5+P5 -> 14 | W5: 0.071428571 | X5: 0.28571429 | Y5: 0 | Z5: 0 | AA5: 1.95 | AB5: #DIV/0! | AC5: 0.04875 | AD5: 1 | AE5: 42.65 | AF5: 15.31 | AG5: 0.35896835 | AH5: 0.0956875 | AI5: 3.38 | AJ5: 42.2 | AK5: 0.080094787 | AL5: 0.0845 | AM5: 0.138 | AN5: 6.46 | AO5: 129.2 | AP5: 0.05 | AQ5: 0.040375 | AR5: 0.136875
A6: 12165 | B6: LYAP-X1877 | C6: =_xlfn.XLOOKUP(A6,[1]分配表!J:J,[1]分配表!L:L) -> 46085 | D6: =IF(_xlfn.XLOOKUP(A6,[1]分配表!J:J,[1]分配表!M:M)=0,"未出单",_xlfn.XLOOKUP(A6,[1]分配表!J:J,[1]分配表!M:M)) -> 46093 | E6: 朱培源 | F6: =_xlfn.XLOOKUP(A6,[1]分配表!A:A,[1]分配表!C:C) -> 朱培源 | G6: =IF(_xlfn.XLOOKUP($A6,[1]分配表!$A:$A,[1]分配表!D:D)=0,"未分类",_xlfn.XLOOKUP($A6,[1]分配表!$A:$A,[1]分配表!D:D)) -> 挡泥板 | H6: =_xlfn.XLOOKUP(A6,[1]分配表!J:J,[1]分配表!I:I) -> 原开品 | I6: =COUNTIFS([1]月销售数据!L:L,A6,[1]月销售数据!M:M,">=2026-4-1",[1]月销售数据!M:M,"<=2026-4-30") -> 3 | J6: =COUNTIFS([1]月销售数据!L:L,A6,[1]月销售数据!M:M,">=2026-5-1",[1]月销售数据!M:M,"<=2026-5-31") -> 3 | K6: Y | L6: Y | M6: 竞争无优势 | N6: 竞争无优势 | O6: 3 | P6: 3 | Q6: 507 | R6: 510 | S6: 14 | T6: 7 | U6: 17 | V6: =T6+P6 -> 10 | W6: 0.17647059 | X6: 0.3 | Y6: 0 | Z6: 0 | AA6: 0 | AB6: #DIV/0! | AC6: 0 | AD6: 0 | AE6: 0 | AF6: 0 | AG6: #DIV/0! | AH6: 0 | AI6: 27.21 | AJ6: 544.18 | AK6: 0.050001838 | AL6: 0.053668639 | AM6: 0.055621302 | AN6: 28.64 | AO6: 717.2 | AP6: 0.039933073 | AQ6: 0.056156863 | AR6: 0.063098039
A7: 12247 | B7: LYAP-X2528 | C7: =_xlfn.XLOOKUP(A7,[1]分配表!J:J,[1]分配表!L:L) -> 46085 | D7: =IF(_xlfn.XLOOKUP(A7,[1]分配表!J:J,[1]分配表!M:M)=0,"未出单",_xlfn.XLOOKUP(A7,[1]分配表!J:J,[1]分配表!M:M)) -> 46089 | E7: 胡煜星 | F7: =_xlfn.XLOOKUP(A7,[1]分配表!A:A,[1]分配表!C:C) -> 胡煜星 | G7: =IF(_xlfn.XLOOKUP($A7,[1]分配表!$A:$A,[1]分配表!D:D)=0,"未分类",_xlfn.XLOOKUP($A7,[1]分配表!$A:$A,[1]分配表!D:D)) -> 其他 | H7: =_xlfn.XLOOKUP(A7,[1]分配表!J:J,[1]分配表!I:I) -> 原开品 | I7: =COUNTIFS([1]月销售数据!L:L,A7,[1]月销售数据!M:M,">=2026-4-1",[1]月销售数据!M:M,"<=2026-4-30") -> 2 | J7: =COUNTIFS([1]月销售数据!L:L,A7,[1]月销售数据!M:M,">=2026-5-1",[1]月销售数据!M:M,"<=2026-5-31") -> 1 | K7: Y | L7: Y | M7: 正常 | N7: 正常 | O7: 17 | P7: 21 | Q7: 1556.53 | R7: 2089.5 | S7: 0 | T7: 0 | U7: 17 | V7: =T7+P7 -> 21 | W7: 1 | X7: 1 | Y7: 0 | Z7: 0 | AA7: 0 | AB7: #DIV/0! | AC7: 0 | AD7: 0 | AE7: 0 | AF7: 0 | AG7: #DIV/0! | AH7: 0 | AI7: 40.41 | AJ7: 1649.29 | AK7: 0.024501452 | AL7: 0.025961594 | AM7: 0.030953467 | AN7: 62.67 | AO7: 2088.7 | AP7: 0.030004309 | AQ7: 0.029992821 | AR7: 0.035472601
A8: 11102 | B8: LYAM-X2254-L | C8: =_xlfn.XLOOKUP(A8,[1]分配表!J:J,[1]分配表!L:L) -> 46085 | D8: =IF(_xlfn.XLOOKUP(A8,[1]分配表!J:J,[1]分配表!M:M)=0,"未出单",_xlfn.XLOOKUP(A8,[1]分配表!J:J,[1]分配表!M:M)) -> 46100 | E8: 张潇 | F8: =_xlfn.XLOOKUP(A8,[1]分配表!A:A,[1]分配表!C:C) -> 张潇 | G8: =IF(_xlfn.XLOOKUP($A8,[1]分配表!$A:$A,[1]分配表!D:D)=0,"未分类",_xlfn.XLOOKUP($A8,[1]分配表!$A:$A,[1]分配表!D:D)) -> 车门系统 | H8: =_xlfn.XLOOKUP(A8,[1]分配表!J:J,[1]分配表!I:I) -> 原开品 | I8: =COUNTIFS([1]月销售数据!L:L,A8,[1]月销售数据!M:M,">=2026-4-1",[1]月销售数据!M:M,"<=2026-4-30") -> 4 | J8: =COUNTIFS([1]月销售数据!L:L,A8,[1]月销售数据!M:M,">=2026-5-1",[1]月销售数据!M:M,"<=2026-5-31") -> 3 | K8: N | L8: N | M8: 竞争无优势 | N8: 竞争无优势 | O8: 10 | P8: 16 | Q8: 300.95 | R8: 448.96 | S8: 7 | T8: 12 | U8: 17 | V8: =T8+P8 -> 28 | W8: 0.58823529 | X8: 0.57142857 | Y8: 6 | Z8: 200.2 | AA8: 21.5 | AB8: 0.10739261 | AC8: 0.071440439 | AD8: 9 | AE8: 286.96 | AF8: 18.59 | AG8: 0.064782548 | AH8: 0.041406807 | AI8: 6.04 | AJ8: 201.47 | AK8: 0.02997965 | AL8: 0.020069779 | AM8: 0.099052999 | AN8: 0 | AO8: 0 | AP8: #DIV/0! | AQ8: 0 | AR8: 0.066732003
A9: 12071 | B9: LYAM-X2980-BK | C9: =_xlfn.XLOOKUP(A9,[1]分配表!J:J,[1]分配表!L:L) -> 46085 | D9: =IF(_xlfn.XLOOKUP(A9,[1]分配表!J:J,[1]分配表!M:M)=0,"未出单",_xlfn.XLOOKUP(A9,[1]分配表!J:J,[1]分配表!M:M)) -> 46092 | E9: 胡煜星 | F9: =_xlfn.XLOOKUP(A9,[1]分配表!A:A,[1]分配表!C:C) -> 胡煜星 | G9: =IF(_xlfn.XLOOKUP($A9,[1]分配表!$A:$A,[1]分配表!D:D)=0,"未分类",_xlfn.XLOOKUP($A9,[1]分配表!$A:$A,[1]分配表!D:D)) -> 车身外扩件 | H9: =_xlfn.XLOOKUP(A9,[1]分配表!J:J,[1]分配表!I:I) -> 拓展品 | I9: =COUNTIFS([1]月销售数据!L:L,A9,[1]月销售数据!M:M,">=2026-4-1",[1]月销售数据!M:M,"<=2026-4-30") -> 1 | J9: =COUNTIFS([1]月销售数据!L:L,A9,[1]月销售数据!M:M,">=2026-5-1",[1]月销售数据!M:M,"<=2026-5-31") -> 1 | K9: Y | L9: Y | M9: 竞争无优势 | N9: 无市场 | O9: 4 | P9: 5 | Q9: 1196 | R9: 1480.05 | S9: 1 | T9: 1 | U9: 5 | V9: =T9+P9 -> 6 | W9: 0.8 | X9: 0.83333333 | Y9: 0 | Z9: 0 | AA9: 0 | AB9: #DIV/0! | AC9: 0 | AD9: 0 | AE9: 0 | AF9: 0 | AG9: #DIV/0! | AH9: 0 | AI9: 19.14 | AJ9: 956.73 | AK9: 0.020005644 | AL9: 0.016003344 | AM9: 0.019498328 | AN9: 18.76 | AO9: 937.96 | AP9: 0.020000853 | AQ9: 0.012675247 | AR9: 0.018046688
A10: 12072 | B10: LYAM-X2980-GR | C10: =_xlfn.XLOOKUP(A10,[1]分配表!J:J,[1]分配表!L:L) -> 46085 | D10: =IF(_xlfn.XLOOKUP(A10,[1]分配表!J:J,[1]分配表!M:M)=0,"未出单",_xlfn.XLOOKUP(A10,[1]分配表!J:J,[1]分配表!M:M)) -> 46112 | E10: 胡煜星 | F10: =_xlfn.XLOOKUP(A10,[1]分配表!A:A,[1]分配表!C:C) -> 胡煜星 | G10: =IF(_xlfn.XLOOKUP($A10,[1]分配表!$A:$A,[1]分配表!D:D)=0,"未分类",_xlfn.XLOOKUP($A10,[1]分配表!$A:$A,[1]分配表!D:D)) -> 车身外扩件 | H10: =_xlfn.XLOOKUP(A10,[1]分配表!J:J,[1]分配表!I:I) -> 原开品 | I10: =COUNTIFS([1]月销售数据!L:L,A10,[1]月销售数据!M:M,">=2026-4-1",[1]月销售数据!M:M,"<=2026-4-30") -> 1 | J10: =COUNTIFS([1]月销售数据!L:L,A10,[1]月销售数据!M:M,">=2026-5-1",[1]月销售数据!M:M,"<=2026-5-31") -> 1 | K10: N | L10: N | M10: 正常 | N10: 无市场 | O10: 3 | P10: 2 | Q10: 897 | R10: 598 | S10: 0 | T10: 0 | U10: 3 | V10: =T10+P10 -> 2 | W10: 1 | X10: 1 | Y10: 0 | Z10: 0 | AA10: 0 | AB10: #DIV/0! | AC10: 0 | AD10: 0 | AE10: 0 | AF10: 0 | AG10: #DIV/0! | AH10: 0 | AI10: 18.92 | AJ10: 945.96 | AK10: 0.020000846 | AL10: 0.021092531 | AM10: 0.02425864 | AN10: 0 | AO10: 0 | AP10: #DIV/0! | AQ10: 0 | AR10: 0.0053846154
A11: 12248 | B11: LYAP-X2308 | C11: =_xlfn.XLOOKUP(A11,[1]分配表!J:J,[1]分配表!L:L) -> 46085 | D11: =IF(_xlfn.XLOOKUP(A11,[1]分配表!J:J,[1]分配表!M:M)=0,"未出单",_xlfn.XLOOKUP(A11,[1]分配表!J:J,[1]分配表!M:M)) -> 46091 | E11: 胡煜星 | F11: =_xlfn.XLOOKUP(A11,[1]分配表!A:A,[1]分配表!C:C) -> 胡煜星 | G11: =IF(_xlfn.XLOOKUP($A11,[1]分配表!$A:$A,[1]分配表!D:D)=0,"未分类",_xlfn.XLOOKUP($A11,[1]分配表!$A:$A,[1]分配表!D:D)) -> 其他 | H11: =_xlfn.XLOOKUP(A11,[1]分配表!J:J,[1]分配表!I:I) -> 原开品 | I11: =COUNTIFS([1]月销售数据!L:L,A11,[1]月销售数据!M:M,">=2026-4-1",[1]月销售数据!M:M,"<=2026-4-30") -> 2 | J11: =COUNTIFS([1]月销售数据!L:L,A11,[1]月销售数据!M:M,">=2026-5-1",[1]月销售数据!M:M,"<=2026-5-31") -> 2 | K11: Y | L11: Y | M11: 竞争无优势 | N11: 竞争无优势 | O11: 19 | P11: 17 | Q11: 1622 | R11: 1454 | S11: 9 | T11: 11 | U11: 28 | V11: =T11+P11 -> 28 | W11: 0.67857143 | X11: 0.60714286 | Y11: 3 | Z11: 260.1 | AA11: 24.54 | AB11: 0.094348328 | AC11: 0.01512947 | AD11: 0 | AE11: 0 | AF11: 0 | AG11: #DIV/0! | AH11: 0 | AI11: 41.76 | AJ11: 1725.73 | AK11: 0.024198455 | AL11: 0.025745993 | AM11: 0.04662762 | AN11: 52.74 | AO11: 1636.79 | AP11: 0.032221604 | AQ11: 0.036272352 | AR11: 0.040687758
A12: 12246 | B12: LYAP-X2527 | C12: =_xlfn.XLOOKUP(A12,[1]分配表!J:J,[1]分配表!L:L) -> 46085 | D12: =IF(_xlfn.XLOOKUP(A12,[1]分配表!J:J,[1]分配表!M:M)=0,"未出单",_xlfn.XLOOKUP(A12,[1]分配表!J:J,[1]分配表!M:M)) -> 46086 | E12: 胡煜星 | F12: =_xlfn.XLOOKUP(A12,[1]分配表!A:A,[1]分配表!C:C) -> 胡煜星 | G12: =IF(_xlfn.XLOOKUP($A12,[1]分配表!$A:$A,[1]分配表!D:D)=0,"未分类",_xlfn.XLOOKUP($A12,[1]分配表!$A:$A,[1]分配表!D:D)) -> 其他 | H12: =_xlfn.XLOOKUP(A12,[1]分配表!J:J,[1]分配表!I:I) -> 原开品 | I12: =COUNTIFS([1]月销售数据!L:L,A12,[1]月销售数据!M:M,">=2026-4-1",[1]月销售数据!M:M,"<=2026-4-30") -> 3 | J12: =COUNTIFS([1]月销售数据!L:L,A12,[1]月销售数据!M:M,">=2026-5-1",[1]月销售数据!M:M,"<=2026-5-31") -> 4 | K12: Y | L12: Y | M12: 正常 | N12: 正常 | O12: 48 | P12: 36 | Q12: 4153.75 | R12: 3323 | S12: 0 | T12: 2 | U12: 48 | V12: =T12+P12 -> 38 | W12: 1 | X12: 0.94736842 | Y12: 10 | Z12: 923.47 | AA12: 69.28 | AB12: 0.075021387 | AC12: 0.016678905 | AD12: 6 | AE12: 579.93 | AF12: 32.63 | AG12: 0.056265411 | AH12: 0.0098194403 | AI12: 42.01 | AJ12: 2100.56 | AK12: 0.019999429 | AL12: 0.010113753 | AM12: 0.030815528 | AN12: 16.87 | AO12: 559.71 | AP12: 0.030140609 | AQ12: 0.0050767379 | AR12: 0.019226602
A13: 12205 | B13: LYAP-X1800-1L | C13: =_xlfn.XLOOKUP(A13,[1]分配表!J:J,[1]分配表!L:L) -> 46086 | D13: =IF(_xlfn.XLOOKUP(A13,[1]分配表!J:J,[1]分配表!M:M)=0,"未出单",_xlfn.XLOOKUP(A13,[1]分配表!J:J,[1]分配表!M:M)) -> 46089 | E13: 胡煜星 | F13: =_xlfn.XLOOKUP(A13,[1]分配表!A:A,[1]分配表!C:C) -> 胡煜星 | G13: =IF(_xlfn.XLOOKUP($A13,[1]分配表!$A:$A,[1]分配表!D:D)=0,"未分类",_xlfn.XLOOKUP($A13,[1]分配表!$A:$A,[1]分配表!D:D)) -> 车门系统 | H13: =_xlfn.XLOOKUP(A13,[1]分配表!J:J,[1]分配表!I:I) -> 原开品 | I13: =COUNTIFS([1]月销售数据!L:L,A13,[1]月销售数据!M:M,">=2026-4-1",[1]月销售数据!M:M,"<=2026-4-30") -> 5 | J13: =COUNTIFS([1]月销售数据!L:L,A13,[1]月销售数据!M:M,">=2026-5-1",[1]月销售数据!M:M,"<=2026-5-31") -> 4 | K13: Y | L13: Y | M13: 竞争无优势 | N13: 竞争无优势 | O13: 33 | P13: 19 | Q13: 726 | R13: 417.36 | S13: 85 | T13: 58 | U13: 118 | V13: =T13+P13 -> 77 | W13: 0.27966102 | X13: 0.24675325 | Y13: 2 | Z13: 47.3 | AA13: 1.18 | AB13: 0.024947146 | AC13: 0.0016253444 | AD13: 3 | AE13: 72.56 | AF13: 5.28 | AG13: 0.072767365 | AH13: 0.012650949 | AI13: 51.02 | AJ13: 782.16 | AK13: 0.065229621 | AL13: 0.070275482 | AM13: 0.086253444 | AN13: 26.58 | AO13: 448.77 | AP13: 0.059228558 | AQ13: 0.063686026 | AR13: 0.089970289
A14: 12206 | B14: LYAP-X1800-1R | C14: =_xlfn.XLOOKUP(A14,[1]分配表!J:J,[1]分配表!L:L) -> 46086 | D14: =IF(_xlfn.XLOOKUP(A14,[1]分配表!J:J,[1]分配表!M:M)=0,"未出单",_xlfn.XLOOKUP(A14,[1]分配表!J:J,[1]分配表!M:M)) -> 46094 | E14: 胡煜星 | F14: =_xlfn.XLOOKUP(A14,[1]分配表!A:A,[1]分配表!C:C) -> 胡煜星 | G14: =IF(_xlfn.XLOOKUP($A14,[1]分配表!$A:$A,[1]分配表!D:D)=0,"未分类",_xlfn.XLOOKUP($A14,[1]分配表!$A:$A,[1]分配表!D:D)) -> 车门系统 | H14: =_xlfn.XLOOKUP(A14,[1]分配表!J:J,[1]分配表!I:I) -> 原开品 | I14: =COUNTIFS([1]月销售数据!L:L,A14,[1]月销售数据!M:M,">=2026-4-1",[1]月销售数据!M:M,"<=2026-4-30") -> 3 | J14: =COUNTIFS([1]月销售数据!L:L,A14,[1]月销售数据!M:M,">=2026-5-1",[1]月销售数据!M:M,"<=2026-5-31") -> 2 | K14: Y | L14: Y | M14: 竞争无优势 | N14: 竞争无优势 | O14: 4 | P14: 8 | Q14: 88 | R14: 176 | S14: 10 | T14: 18 | U14: 14 | V14: =T14+P14 -> 26 | W14: 0.28571429 | X14: 0.30769231 | Y14: 0 | Z14: 0 | AA14: 0 | AB14: #DIV/0! | AC14: 0 | AD14: 1 | AE14: 23.87 | AF14: 2.04 | AG14: 0.085462924 | AH14: 0.011590909 | AI14: 3.29 | AJ14: 46.98 | AK14: 0.0700298 | AL14: 0.037386364 | AM14: 0.045909091 | AN14: 8.33 | AO14: 190.72 | AP14: 0.043676594 | AQ14: 0.047329545 | AR14: 0.064375
A15: 11997 | B15: LYAM-X2896 | C15: =_xlfn.XLOOKUP(A15,[1]分配表!J:J,[1]分配表!L:L) -> 46091 | D15: =IF(_xlfn.XLOOKUP(A15,[1]分配表!J:J,[1]分配表!M:M)=0,"未出单",_xlfn.XLOOKUP(A15,[1]分配表!J:J,[1]分配表!M:M)) -> 46105 | E15: 张潇 | F15: =_xlfn.XLOOKUP(A15,[1]分配表!A:A,[1]分配表!C:C) -> 张潇 | G15: =IF(_xlfn.XLOOKUP($A15,[1]分配表!$A:$A,[1]分配表!D:D)=0,"未分类",_xlfn.XLOOKUP($A15,[1]分配表!$A:$A,[1]分配表!D:D)) -> 饰条 | H15: =_xlfn.XLOOKUP(A15,[1]分配表!J:J,[1]分配表!I:I) -> 原开品 | I15: =COUNTIFS([1]月销售数据!L:L,A15,[1]月销售数据!M:M,">=2026-4-1",[1]月销售数据!M:M,"<=2026-4-30") -> 4 | J15: =COUNTIFS([1]月销售数据!L:L,A15,[1]月销售数据!M:M,">=2026-5-1",[1]月销售数据!M:M,"<=2026-5-31") -> 0 | K15: N | L15: N | M15: 正常 | N15: 正常 | O15: 7 | P15: 6 | Q15: 966.05 | R15: 827.05 | S15: 1 | T15: 0 | U15: 8 | V15: =T15+P15 -> 6 | W15: 0.875 | X15: 1 | Y15: 0 | Z15: 0 | AA15: 0.66 | AB15: #DIV/0! | AC15: 0.00068319445 | AD15: 0 | AE15: 0 | AF15: 0 | AG15: #DIV/0! | AH15: 0 | AI15: 20.57 | AJ15: 1029.17 | AK15: 0.01998698 | AL15: 0.021292894 | AM15: 0.022286631 | AN15: 17.51 | AO15: 875.86 | AP15: 0.01999178 | AQ15: 0.021171634 | AR15: 0.022042198
A16: 12262 | B16: LYAP-X2170 | C16: =_xlfn.XLOOKUP(A16,[1]分配表!J:J,[1]分配表!L:L) -> 46091 | D16: =IF(_xlfn.XLOOKUP(A16,[1]分配表!J:J,[1]分配表!M:M)=0,"未出单",_xlfn.XLOOKUP(A16,[1]分配表!J:J,[1]分配表!M:M)) -> 46094 | E16: 张潇 | F16: =_xlfn.XLOOKUP(A16,[1]分配表!A:A,[1]分配表!C:C) -> 张潇 | G16: =IF(_xlfn.XLOOKUP($A16,[1]分配表!$A:$A,[1]分配表!D:D)=0,"未分类",_xlfn.XLOOKUP($A16,[1]分配表!$A:$A,[1]分配表!D:D)) -> 机盖及附件 | H16: =_xlfn.XLOOKUP(A16,[1]分配表!J:J,[1]分配表!I:I) -> 原开品 | I16: =COUNTIFS([1]月销售数据!L:L,A16,[1]月销售数据!M:M,">=2026-4-1",[1]月销售数据!M:M,"<=2026-4-30") -> 1 | J16: =COUNTIFS([1]月销售数据!L:L,A16,[1]月销售数据!M:M,">=2026-5-1",[1]月销售数据!M:M,"<=2026-5-31") -> 0 | K16: Y | L16: Y | M16: 无市场 | N16: 竞争无优势 | O16: 4 | P16: 3 | Q16: 568 | R16: 426 | S16: 1 | T16: 2 | U16: 5 | V16: =T16+P16 -> 5 | W16: 0.8 | X16: 0.6 | Y16: 0 | Z16: 0 | AA16: 0 | AB16: #DIV/0! | AC16: 0 | AD16: 0 | AE16: 0 | AF16: 0 | AG16: #DIV/0! | AH16: 0 | AI16: 11.95 | AJ16: 597.32 | AK16: 0.020006027 | AL16: 0.021038732 | AM16: 0.02278169 | AN16: 9.07 | AO16: 453.34 | AP16: 0.020007059 | AQ16: 0.02129108 | AR16: 0.024624413
A17: 12244 | B17: LYAP-X2190-L | C17: =_xlfn.XLOOKUP(A17,[1]分配表!J:J,[1]分配表!L:L) -> 46091 | D17: =IF(_xlfn.XLOOKUP(A17,[1]分配表!J:J,[1]分配表!M:M)=0,"未出单",_xlfn.XLOOKUP(A17,[1]分配表!J:J,[1]分配表!M:M)) -> 46101 | E17: 张潇 | F17: =_xlfn.XLOOKUP(A17,[1]分配表!A:A,[1]分配表!C:C) -> 张潇 | G17: =IF(_xlfn.XLOOKUP($A17,[1]分配表!$A:$A,[1]分配表!D:D)=0,"未分类",_xlfn.XLOOKUP($A17,[1]分配表!$A:$A,[1]分配表!D:D)) -> 饰条 | H17: =_xlfn.XLOOKUP(A17,[1]分配表!J:J,[1]分配表!I:I) -> 原开品 | I17: =COUNTIFS([1]月销售数据!L:L,A17,[1]月销售数据!M:M,">=2026-4-1",[1]月销售数据!M:M,"<=2026-4-30") -> 4 | J17: =COUNTIFS([1]月销售数据!L:L,A17,[1]月销售数据!M:M,">=2026-5-1",[1]月销售数据!M:M,"<=2026-5-31") -> 4 | K17: N | L17: N | M17: 无市场 | N17: 竞争无优势 | O17: 5 | P17: 1 | Q17: 190 | R17: 38 | S17: 1 | T17: 3 | U17: 6 | V17: =T17+P17 -> 4 | W17: 0.83333333 | X17: 0.25 | Y17: 5 | Z17: 208.11 | AA17: 7.57 | AB17: 0.036374994 | AC17: 0.039842105 | AD17: 1 | AE17: 40.52 | AF17: 3.91 | AG17: 0.096495558 | AH17: 0.10289474 | AI17: 5 | AJ17: 249.63 | AK17: 0.020029644 | AL17: 0.026315789 | AM17: 0.071210526 | AN17: 0 | AO17: 0 | AP17: #DIV/0! | AQ17: 0 | AR17: 0.14605263
A18: 12243 | B18: LYAP-X2190-R | C18: =_xlfn.XLOOKUP(A18,[1]分配表!J:J,[1]分配表!L:L) -> 46091 | D18: =IF(_xlfn.XLOOKUP(A18,[1]分配表!J:J,[1]分配表!M:M)=0,"未出单",_xlfn.XLOOKUP(A18,[1]分配表!J:J,[1]分配表!M:M)) -> 46106 | E18: 张潇 | F18: =_xlfn.XLOOKUP(A18,[1]分配表!A:A,[1]分配表!C:C) -> 张潇 | G18: =IF(_xlfn.XLOOKUP($A18,[1]分配表!$A:$A,[1]分配表!D:D)=0,"未分类",_xlfn.XLOOKUP($A18,[1]分配表!$A:$A,[1]分配表!D:D)) -> 饰条 | H18: =_xlfn.XLOOKUP(A18,[1]分配表!J:J,[1]分配表!I:I) -> 原开品 | I18: =COUNTIFS([1]月销售数据!L:L,A18,[1]月销售数据!M:M,">=2026-4-1",[1]月销售数据!M:M,"<=2026-4-30") -> 4 | J18: =COUNTIFS([1]月销售数据!L:L,A18,[1]月销售数据!M:M,">=2026-5-1",[1]月销售数据!M:M,"<=2026-5-31") -> 3 | K18: N | L18: N | M18: 竞争无优势 | N18: 竞争无优势 | O18: 4 | P18: 7 | Q18: 152 | R18: 261.82 | S18: 6 | T18: 4 | U18: 10 | V18: =T18+P18 -> 11 | W18: 0.4 | X18: 0.63636364 | Y18: 4 | Z18: 164.69 | AA18: 17.84 | AB18: 0.10832473 | AC18: 0.11736842 | AD18: 5 | AE18: 199.94 | AF18: 6.11 | AG18: 0.030559168 | AH18: 0.023336643 | AI18: 1.65 | AJ18: 82.09 | AK18: 0.02009989 | AL18: 0.010855263 | AM18: 0.12822368 | AN18: 0.77 | AO18: 38.36 | AP18: 0.020072993 | AQ18: 0.0029409518 | AR18: 0.027041479
A19: 12304 | B19: LYAP-X1642-GR | C19: =_xlfn.XLOOKUP(A19,[1]分配表!J:J,[1]分配表!L:L) -> 46092 | D19: =IF(_xlfn.XLOOKUP(A19,[1]分配表!J:J,[1]分配表!M:M)=0,"未出单",_xlfn.XLOOKUP(A19,[1]分配表!J:J,[1]分配表!M:M)) -> 46095 | E19: 俞东旭 | F19: =_xlfn.XLOOKUP(A19,[1]分配表!A:A,[1]分配表!C:C) -> 俞东旭 | G19: =IF(_xlfn.XLOOKUP($A19,[1]分配表!$A:$A,[1]分配表!D:D)=0,"未分类",_xlfn.XLOOKUP($A19,[1]分配表!$A:$A,[1]分配表!D:D)) -> 车门系统 | H19: =_xlfn.XLOOKUP(A19,[1]分配表!J:J,[1]分配表!I:I) -> 原开品 | I19: =COUNTIFS([1]月销售数据!L:L,A19,[1]月销售数据!M:M,">=2026-4-1",[1]月销售数据!M:M,"<=2026-4-30") -> 2 | J19: =COUNTIFS([1]月销售数据!L:L,A19,[1]月销售数据!M:M,">=2026-5-1",[1]月销售数据!M:M,"<=2026-5-31") -> 1 | K19: Y | L19: Y | M19: 正常 | N19: 正常 | O19: 3 | P19: 3 | Q19: 1497 | R19: 1472.05 | S19: 4 | T19: 1 | U19: 7 | V19: =T19+P19 -> 4 | W19: 0.42857143 | X19: 0.75 | Y19: 0 | Z19: 0 | AA19: 0 | AB19: #DIV/0! | AC19: 0 | AD19: 0 | AE19: 0 | AF19: 0 | AG19: #DIV/0! | AH19: 0 | AI19: 32.52 | AJ19: 1625.99 | AK19: 0.020000123 | AL19: 0.021723447 | AM19: 0.022150969 | AN19: 31.89 | AO19: 1594.37 | AP19: 0.020001631 | AQ19: 0.021663666 | AR19: 0.022125607
A20: 12085 | B20: LYAP-X1911-BK | C20: =_xlfn.XLOOKUP(A20,[1]分配表!J:J,[1]分配表!L:L) -> 46092 | D20: =IF(_xlfn.XLOOKUP(A20,[1]分配表!J:J,[1]分配表!M:M)=0,"未出单",_xlfn.XLOOKUP(A20,[1]分配表!J:J,[1]分配表!M:M)) -> 46099 | E20: 张潇 | F20: =_xlfn.XLOOKUP(A20,[1]分配表!A:A,[1]分配表!C:C) -> 张潇 | G20: =IF(_xlfn.XLOOKUP($A20,[1]分配表!$A:$A,[1]分配表!D:D)=0,"未分类",_xlfn.XLOOKUP($A20,[1]分配表!$A:$A,[1]分配表!D:D)) -> 机盖及附件 | H20: =_xlfn.XLOOKUP(A20,[1]分配表!J:J,[1]分配表!I:I) -> 拓展品 | I20: =COUNTIFS([1]月销售数据!L:L,A20,[1]月销售数据!M:M,">=2026-4-1",[1]月销售数据!M:M,"<=2026-4-30") -> 2 | J20: =COUNTIFS([1]月销售数据!L:L,A20,[1]月销售数据!M:M,">=2026-5-1",[1]月销售数据!M:M,"<=2026-5-31") -> 2 | K20: Y | L20: Y | M20: 竞争无优势 | N20: 竞争无优势 | O20: 10 | P20: 10 | Q20: 845.75 | R20: 845.75 | S20: 9 | T20: 4 | U20: 19 | V20: =T20+P20 -> 14 | W20: 0.52631579 | X20: 0.71428571 | Y20: 0 | Z20: 0 | AA20: 10.66 | AB20: #DIV/0! | AC20: 0.012604197 | AD20: 0 | AE20: 0 | AF20: 0 | AG20: #DIV/0! | AH20: 0 | AI20: 16.26 | AJ20: 813.22 | AK20: 0.019994589 | AL20: 0.019225539 | AM20: 0.031829737 | AN20: 18 | AO20: 899.99 | AP20: 0.020000222 | AQ20: 0.021282885 | AR20: 0.021590304
A21: 12086 | B21: LYAP-X1911-C | C21: =_xlfn.XLOOKUP(A21,[1]分配表!J:J,[1]分配表!L:L) -> 46092 | D21: =IF(_xlfn.XLOOKUP(A21,[1]分配表!J:J,[1]分配表!M:M)=0,"未出单",_xlfn.XLOOKUP(A21,[1]分配表!J:J,[1]分配表!M:M)) -> 46100 | E21: 张潇 | F21: =_xlfn.XLOOKUP(A21,[1]分配表!A:A,[1]分配表!C:C) -> 张潇 | G21: =IF(_xlfn.XLOOKUP($A21,[1]分配表!$A:$A,[1]分配表!D:D)=0,"未分类",_xlfn.XLOOKUP($A21,[1]分配表!$A:$A,[1]分配表!D:D)) -> 机盖及附件 | H21: =_xlfn.XLOOKUP(A21,[1]分配表!J:J,[1]分配表!I:I) -> 原开品 | I21: =COUNTIFS([1]月销售数据!L:L,A21,[1]月销售数据!M:M,">=2026-4-1",[1]月销售数据!M:M,"<=2026-4-30") -> 3 | J21: =COUNTIFS([1]月销售数据!L:L,A21,[1]月销售数据!M:M,">=2026-5-1",[1]月销售数据!M:M,"<=2026-5-31") -> 4 | K21: Y | L21: Y | M21: 竞争无优势 | N21: 竞争无优势 | O21: 17 | P21: 9 | Q21: 1271.25 | R21: 664.3 | S21: 20 | T21: 25 | U21: 37 | V21: =T21+P21 -> 34 | W21: 0.45945946 | X21: 0.26470588 | Y21: 1 | Z21: 81 | AA21: 18.25 | AB21: 0.22530864 | AC21: 0.014355949 | AD21: 1 | AE21: 77.69 | AF21: 4.03 | AG21: 0.051872828 | AH21: 0.0060665362 | AI21: 27.22 | AJ21: 1361.04 | AK21: 0.019999412 | AL21: 0.021411996 | AM21: 0.036287119 | AN21: 15.77 | AO21: 788.32 | AP21: 0.020004567 | AQ21: 0.023739274 | AR21: 0.030648803
A22: 12258 | B22: LYAP-X1927 | C22: =_xlfn.XLOOKUP(A22,[1]分配表!J:J,[1]分配表!L:L) -> 46092 | D22: =IF(_xlfn.XLOOKUP(A22,[1]分配表!J:J,[1]分配表!M:M)=0,"未出单",_xlfn.XLOOKUP(A22,[1]分配表!J:J,[1]分配表!M:M)) -> 46099 | E22: 张潇 | F22: =_xlfn.XLOOKUP(A22,[1]分配表!A:A,[1]分配表!C:C) -> 张潇 | G22: =IF(_xlfn.XLOOKUP($A22,[1]分配表!$A:$A,[1]分配表!D:D)=0,"未分类",_xlfn.XLOOKUP($A22,[1]分配表!$A:$A,[1]分配表!D:D)) -> 机盖及附件 | H22: =_xlfn.XLOOKUP(A22,[1]分配表!J:J,[1]分配表!I:I) -> 原开品 | I22: =COUNTIFS([1]月销售数据!L:L,A22,[1]月销售数据!M:M,">=2026-4-1",[1]月销售数据!M:M,"<=2026-4-30") -> 2 | J22: =COUNTIFS([1]月销售数据!L:L,A22,[1]月销售数据!M:M,">=2026-5-1",[1]月销售数据!M:M,"<=2026-5-31") -> 3 | K22: Y | L22: Y | M22: 竞争无优势 | N22: 竞争无优势 | O22: 33 | P22: 57 | Q22: 924 | R22: 1594.6 | S22: 67 | T22: 90 | U22: 100 | V22: =T22+P22 -> 147 | W22: 0.33 | X22: 0.3877551 | Y22: 0 | Z22: 0 | AA22: 0 | AB22: #DIV/0! | AC22: 0 | AD22: 12 | AE22: 360.12 | AF22: 26.36 | AG22: 0.073197823 | AH22: 0.016530791 | AI22: 18.77 | AJ22: 938.96 | AK22: 0.019990202 | AL22: 0.020313853 | AM22: 0.020313853 | AN22: 18.03 | AO22: 899.11 | AP22: 0.020053164 | AQ22: 0.011306911 | AR22: 0.028151261
A23: 12210 | B23: LYAP-X1934 | C23: =_xlfn.XLOOKUP(A23,[1]分配表!J:J,[1]分配表!L:L) -> 46092 | D23: =IF(_xlfn.XLOOKUP(A23,[1]分配表!J:J,[1]分配表!M:M)=0,"未出单",_xlfn.XLOOKUP(A23,[1]分配表!J:J,[1]分配表!M:M)) -> 46104 | E23: 张潇 | F23: =_xlfn.XLOOKUP(A23,[1]分配表!A:A,[1]分配表!C:C) -> 张潇 | G23: =IF(_xlfn.XLOOKUP($A23,[1]分配表!$A:$A,[1]分配表!D:D)=0,"未分类",_xlfn.XLOOKUP($A23,[1]分配表!$A:$A,[1]分配表!D:D)) -> 饰条 | H23: =_xlfn.XLOOKUP(A23,[1]分配表!J:J,[1]分配表!I:I) -> 原开品 | I23: =COUNTIFS([1]月销售数据!L:L,A23,[1]月销售数据!M:M,">=2026-4-1",[1]月销售数据!M:M,"<=2026-4-30") -> 6 | J23: =COUNTIFS([1]月销售数据!L:L,A23,[1]月销售数据!M:M,">=2026-5-1",[1]月销售数据!M:M,"<=2026-5-31") -> 3 | K23: N | L23: N | M23: 竞争无优势 | N23: 竞争无优势 | O23: 30 | P23: 30 | Q23: 358.16 | R23: 342.2 | S23: 102 | T23: 96 | U23: 132 | V23: =T23+P23 -> 126 | W23: 0.22727273 | X23: 0.23809524 | Y23: 21 | Z23: 270.51 | AA23: 27.82 | AB23: 0.10284278 | AC23: 0.077674782 | AD23: 19 | AE23: 231.96 | AF23: 28.26 | AG23: 0.12183135 | AH23: 0.082583285 | AI23: 7.2 | AJ23: 360.2 | AK23: 0.019988895 | AL23: 0.020102747 | AM23: 0.099006031 | AN23: 1.67 | AO23: 48.19 | AP23: 0.034654493 | AQ23: 0.004880187 | AR23: 0.087463472
A24: 12250 | B24: LYAP-X2148-1L | C24: =_xlfn.XLOOKUP(A24,[1]分配表!J:J,[1]分配表!L:L) -> 46092 | D24: =IF(_xlfn.XLOOKUP(A24,[1]分配表!J:J,[1]分配表!M:M)=0,"未出单",_xlfn.XLOOKUP(A24,[1]分配表!J:J,[1]分配表!M:M)) -> 46096 | E24: 王偲涵 | F24: =_xlfn.XLOOKUP(A24,[1]分配表!A:A,[1]分配表!C:C) -> 王偲涵 | G24: =IF(_xlfn.XLOOKUP($A24,[1]分配表!$A:$A,[1]分配表!D:D)=0,"未分类",_xlfn.XLOOKUP($A24,[1]分配表!$A:$A,[1]分配表!D:D)) -> 饰条 | H24: =_xlfn.XLOOKUP(A24,[1]分配表!J:J,[1]分配表!I:I) -> 拓展品 | I24: =COUNTIFS([1]月销售数据!L:L,A24,[1]月销售数据!M:M,">=2026-4-1",[1]月销售数据!M:M,"<=2026-4-30") -> 5 | J24: =COUNTIFS([1]月销售数据!L:L,A24,[1]月销售数据!M:M,">=2026-5-1",[1]月销售数据!M:M,"<=2026-5-31") -> 3 | K24: Y | L24: Y | M24: 站外出单 | N24: 正常 | O24: 2 | P24: 4 | Q24: 78 | R24: 141 | S24: 2 | T24: 2 | U24: 4 | V24: =T24+P24 -> 6 | W24: 0.5 | X24: 0.66666667 | Y24: 0 | Z24: 0 | AA24: 2.42 | AB24: #DIV/0! | AC24: 0.031025641 | AD24: 1 | AE24: 36.21 | AF24: 0.39 | AG24: 0.010770505 | AH24: 0.0027659574 | AI24: 0.85 | AJ24: 42.71 | AK24: 0.019901662 | AL24: 0.010897436 | AM24: 0.041923077 | AN24: 0 | AO24: 0 | AP24: #DIV/0! | AQ24: 0 | AR24: 0.0027659574
A25: 12251 | B25: LYAP-X2148-1R | C25: =_xlfn.XLOOKUP(A25,[1]分配表!J:J,[1]分配表!L:L) -> 46092 | D25: =IF(_xlfn.XLOOKUP(A25,[1]分配表!J:J,[1]分配表!M:M,"未出单")=0,"未出单",_xlfn.XLOOKUP(A25,[1]分配表!J:J,[1]分配表!M:M,"未出单")) -> 46112 | E25: 王偲涵 | F25: =_xlfn.XLOOKUP(A25,[1]分配表!A:A,[1]分配表!C:C) -> 王偲涵 | G25: =IF(_xlfn.XLOOKUP($A25,[1]分配表!$A:$A,[1]分配表!D:D)=0,"未分类",_xlfn.XLOOKUP($A25,[1]分配表!$A:$A,[1]分配表!D:D)) -> 饰条 | H25: =_xlfn.XLOOKUP(A25,[1]分配表!J:J,[1]分配表!I:I) -> 拓展品 | I25: =COUNTIFS([1]月销售数据!L:L,A25,[1]月销售数据!M:M,">=2026-4-1",[1]月销售数据!M:M,"<=2026-4-30") -> 4 | J25: =COUNTIFS([1]月销售数据!L:L,A25,[1]月销售数据!M:M,">=2026-5-1",[1]月销售数据!M:M,"<=2026-5-31") -> 5 | K25: N | L25: N | M25: 站外出单 | N25: 竞争无优势 | O25: 2 | P25: 1 | Q25: 78 | R25: 34 | S25: 1 | T25: 3 | U25: 3 | V25: =T25+P25 -> 4 | W25: 0.66666667 | X25: 0.25 | Y25: 2 | Z25: 83.95 | AA25: 3.05 | AB25: 0.036331149 | AC25: 0.039102564 | AD25: 0 | AE25: 0 | AF25: 4.76 | AG25: #DIV/0! | AH25: 0.14 | AI25: 1.67 | AJ25: 83.95 | AK25: 0.019892793 | AL25: 0.021410256 | AM25: 0.060512821 | AN25: 0.72 | AO25: 36.21 | AP25: 0.01988401 | AQ25: 0.021176471 | AR25: 0.16117647
A26: 12332 | B26: LYAP-X2289 | C26: =_xlfn.XLOOKUP(A26,[1]分配表!J:J,[1]分配表!L:L) -> 46092 | D26: =IF(_xlfn.XLOOKUP(A26,[1]分配表!J:J,[1]分配表!M:M,"未出单")=0,"未出单",_xlfn.XLOOKUP(A26,[1]分配表!J:J,[1]分配表!M:M,"未出单")) -> 46095 | E26: 张潇 | F26: =_xlfn.XLOOKUP(A26,[1]分配表!A:A,[1]分配表!C:C) -> 张潇 | G26: =IF(_xlfn.XLOOKUP($A26,[1]分配表!$A:$A,[1]分配表!D:D)=0,"未分类",_xlfn.XLOOKUP($A26,[1]分配表!$A:$A,[1]分配表!D:D)) -> 饰条 | H26: =_xlfn.XLOOKUP(A26,[1]分配表!J:J,[1]分配表!I:I) -> 原开品 | I26: =COUNTIFS([1]月销售数据!L:L,A26,[1]月销售数据!M:M,">=2026-4-1",[1]月销售数据!M:M,"<=2026-4-30") -> 2 | J26: =COUNTIFS([1]月销售数据!L:L,A26,[1]月销售数据!M:M,">=2026-5-1",[1]月销售数据!M:M,"<=2026-5-31") -> 1 | K26: Y | L26: Y | M26: 正常 | N26: 正常 | O26: 19 | P26: 14 | Q26: 2166 | R26: 1596 | S26: 5 | T26: 6 | U26: 24 | V26: =T26+P26 -> 20 | W26: 0.79166667 | X26: 0.7 | Y26: 8 | Z26: 982.46 | AA26: 47.68 | AB26: 0.048531238 | AC26: 0.022012927 | AD26: 8 | AE26: 973.25 | AF26: 24.46 | AG26: 0.025132289 | AH26: 0.015325815 | AI26: 36.43 | AJ26: 1820.65 | AK26: 0.020009337 | AL26: 0.016819021 | AM26: 0.038831948 | AN26: 9.83 | AO26: 491.49 | AP26: 0.020000407 | AQ26: 0.0061591479 | AR26: 0.021892231
A27: 12227 | B27: LYAP-X2418 | C27: =_xlfn.XLOOKUP(A27,[1]分配表!J:J,[1]分配表!L:L) -> 46092 | D27: =IF(_xlfn.XLOOKUP(A27,[1]分配表!J:J,[1]分配表!M:M,"未出单")=0,"未出单",_xlfn.XLOOKUP(A27,[1]分配表!J:J,[1]分配表!M:M,"未出单")) -> 46097 | E27: 章鹏 | F27: =_xlfn.XLOOKUP(A27,[1]分配表!A:A,[1]分配表!C:C) -> 章鹏 | G27: =IF(_xlfn.XLOOKUP($A27,[1]分配表!$A:$A,[1]分配表!D:D)=0,"未分类",_xlfn.XLOOKUP($A27,[1]分配表!$A:$A,[1]分配表!D:D)) -> 其他 | H27: =_xlfn.XLOOKUP(A27,[1]分配表!J:J,[1]分配表!I:I) -> 原开品 | I27: =COUNTIFS([1]月销售数据!L:L,A27,[1]月销售数据!M:M,">=2026-4-1",[1]月销售数据!M:M,"<=2026-4-30") -> 2 | J27: =COUNTIFS([1]月销售数据!L:L,A27,[1]月销售数据!M:M,">=2026-5-1",[1]月销售数据!M:M,"<=2026-5-31") -> 1 | K27: Y | L27: Y | M27: 竞争无优势 | N27: 正常 | O27: 11 | P27: 17 | Q27: 749 | R27: 1192.07 | S27: 5 | T27: 5 | U27: 16 | V27: =T27+P27 -> 22 | W27: 0.6875 | X27: 0.77272727 | Y27: 0 | Z27: 0 | AA27: 0 | AB27: #DIV/0! | AC27: 0 | AD27: 0 | AE27: 0 | AF27: 0 | AG27: #DIV/0! | AH27: 0 | AI27: 15.95 | AJ27: 797.16 | AK27: 0.02000853 | AL27: 0.02129506 | AM27: 0.029092123 | AN27: 25.64 | AO27: 1282.29 | AP27: 0.019995477 | AQ27: 0.021508804 | AR27: 0.026030351
A28: 12309 | B28: MD-002-FL | C28: =_xlfn.XLOOKUP(A28,[1]分配表!J:J,[1]分配表!L:L) -> 46092 | D28: =IF(_xlfn.XLOOKUP(A28,[1]分配表!J:J,[1]分配表!M:M,"未出单")=0,"未出单",_xlfn.XLOOKUP(A28,[1]分配表!J:J,[1]分配表!M:M,"未出单")) -> 46101 | E28: 俞东旭 | F28: =_xlfn.XLOOKUP(A28,[1]分配表!A:A,[1]分配表!C:C) -> 俞东旭 | G28: =IF(_xlfn.XLOOKUP($A28,[1]分配表!$A:$A,[1]分配表!D:D)=0,"未分类",_xlfn.XLOOKUP($A28,[1]分配表!$A:$A,[1]分配表!D:D)) -> 车门系统 | H28: =_xlfn.XLOOKUP(A28,[1]分配表!J:J,[1]分配表!I:I) -> 原开品 | I28: =COUNTIFS([1]月销售数据!L:L,A28,[1]月销售数据!M:M,">=2026-4-1",[1]月销售数据!M:M,"<=2026-4-30") -> 2 | J28: =COUNTIFS([1]月销售数据!L:L,A28,[1]月销售数据!M:M,">=2026-5-1",[1]月销售数据!M:M,"<=2026-5-31") -> 3 | K28: N | L28: N | M28: 竞争无优势 | N28: 竞争无优势 | O28: 3 | P28: 2 | Q28: 1440 | R28: 957 | S28: 4 | T28: 9 | U28: 7 | V28: =T28+P28 -> 11 | W28: 0.42857143 | X28: 0.18181818 | Y28: 0 | Z28: 0 | AA28: 0 | AB28: #DIV/0! | AC28: 0 | AD28: 0 | AE28: 0 | AF28: 0 | AG28: #DIV/0! | AH28: 0 | AI28: 31.27 | AJ28: 1563.6 | AK28: 0.019998721 | AL28: 0.021715278 | AM28: 0.021722222 | AN28: 20.76 | AO28: 1037.73 | AP28: 0.020005204 | AQ28: 0.02169279 | AR28: 0.02199582
A29: 12310 | B29: MD-002-FR | C29: =_xlfn.XLOOKUP(A29,[1]分配表!J:J,[1]分配表!L:L) -> 46092 | D29: =IF(_xlfn.XLOOKUP(A29,[1]分配表!J:J,[1]分配表!M:M,"未出单")=0,"未出单",_xlfn.XLOOKUP(A29,[1]分配表!J:J,[1]分配表!M:M,"未出单")) -> 46096 | E29: 俞东旭 | F29: =_xlfn.XLOOKUP(A29,[1]分配表!A:A,[1]分配表!C:C) -> 俞东旭 | G29: =IF(_xlfn.XLOOKUP($A29,[1]分配表!$A:$A,[1]分配表!D:D)=0,"未分类",_xlfn.XLOOKUP($A29,[1]分配表!$A:$A,[1]分配表!D:D)) -> 车门系统 | H29: =_xlfn.XLOOKUP(A29,[1]分配表!J:J,[1]分配表!I:I) -> 原开品 | I29: =COUNTIFS([1]月销售数据!L:L,A29,[1]月销售数据!M:M,">=2026-4-1",[1]月销售数据!M:M,"<=2026-4-30") -> 3 | J29: =COUNTIFS([1]月销售数据!L:L,A29,[1]月销售数据!M:M,">=2026-5-1",[1]月销售数据!M:M,"<=2026-5-31") -> 2 | K29: Y | L29: Y | M29: 正常 | N29: 竞争无优势 | O29: 7 | P29: 1 | Q29: 3374 | R29: 483 | S29: 2 | T29: 6 | U29: 9 | V29: =T29+P29 -> 7 | W29: 0.77777778 | X29: 0.14285714 | Y29: 0 | Z29: 0 | AA29: 0 | AB29: #DIV/0! | AC29: 0 | AD29: 0 | AE29: 0 | AF29: 0 | AG29: #DIV/0! | AH29: 0 | AI29: 85.53 | AJ29: 3518.09 | AK29: 0.024311487 | AL29: 0.025349733 | AM29: 0.025349733 | AN29: 12.8 | AO29: 511.98 | AP29: 0.025000977 | AQ29: 0.026501035 | AR29: 0.027225673
A30: 12311 | B30: MD-002-RL | C30: =_xlfn.XLOOKUP(A30,[1]分配表!J:J,[1]分配表!L:L) -> 46092 | D30: =IF(_xlfn.XLOOKUP(A30,[1]分配表!J:J,[1]分配表!M:M,"未出单")=0,"未出单",_xlfn.XLOOKUP(A30,[1]分配表!J:J,[1]分配表!M:M,"未出单")) -> 46102 | E30: 俞东旭 | F30: =_xlfn.XLOOKUP(A30,[1]分配表!A:A,[1]分配表!C:C) -> 俞东旭 | G30: =IF(_xlfn.XLOOKUP($A30,[1]分配表!$A:$A,[1]分配表!D:D)=0,"未分类",_xlfn.XLOOKUP($A30,[1]分配表!$A:$A,[1]分配表!D:D)) -> 车门系统 | H30: =_xlfn.XLOOKUP(A30,[1]分配表!J:J,[1]分配表!I:I) -> 原开品 | I30: =COUNTIFS([1]月销售数据!L:L,A30,[1]月销售数据!M:M,">=2026-4-1",[1]月销售数据!M:M,"<=2026-4-30") -> 4 | J30: =COUNTIFS([1]月销售数据!L:L,A30,[1]月销售数据!M:M,">=2026-5-1",[1]月销售数据!M:M,"<=2026-5-31") -> 3 | K30: N | L30: N | M30: 竞争无优势 | N30: 竞争无优势 | O30: 2 | P30: 2 | Q30: 960 | R30: 960 | S30: 4 | T30: 8 | U30: 6 | V30: =T30+P30 -> 10 | W30: 0.33333333 | X30: 0.2 | Y30: 0 | Z30: 0 | AA30: 0 | AB30: #DIV/0! | AC30: 0 | AD30: 0 | AE30: 0 | AF30: 0 | AG30: #DIV/0! | AH30: 0 | AI30: 20.74 | AJ30: 1036.8 | AK30: 0.020003858 | AL30: 0.021604167 | AM30: 0.021604167 | AN30: 20.89 | AO30: 1044.6 | AP30: 0.019998085 | AQ30: 0.021760417 | AR30: 0.021760417
A31: 12312 | B31: MD-002-RR | C31: =_xlfn.XLOOKUP(A31,[1]分配表!J:J,[1]分配表!L:L) -> 46092 | D31: =IF(_xlfn.XLOOKUP(A31,[1]分配表!J:J,[1]分配表!M:M,"未出单")=0,"未出单",_xlfn.XLOOKUP(A31,[1]分配表!J:J,[1]分配表!M:M,"未出单")) -> 46096 | E31: 俞东旭 | F31: =_xlfn.XLOOKUP(A31,[1]分配表!A:A,[1]分配表!C:C) -> 俞东旭 | G31: =IF(_xlfn.XLOOKUP($A31,[1]分配表!$A:$A,[1]分配表!D:D)=0,"未分类",_xlfn.XLOOKUP($A31,[1]分配表!$A:$A,[1]分配表!D:D)) -> 车门系统 | H31: =_xlfn.XLOOKUP(A31,[1]分配表!J:J,[1]分配表!I:I) -> 原开品 | I31: =COUNTIFS([1]月销售数据!L:L,A31,[1]月销售数据!M:M,">=2026-4-1",[1]月销售数据!M:M,"<=2026-4-30") -> 5 | J31: =COUNTIFS([1]月销售数据!L:L,A31,[1]月销售数据!M:M,">=2026-5-1",[1]月销售数据!M:M,"<=2026-5-31") -> 4 | K31: Y | L31: Y | M31: 竞争无优势 | N31: 无市场 | O31: 3 | P31: 3 | Q31: 1436 | R31: 1428 | S31: 7 | T31: 8 | U31: 10 | V31: =T31+P31 -> 11 | W31: 0.3 | X31: 0.27272727 | Y31: 1 | Z31: 478 | AA31: 17.86 | AB31: 0.037364017 | AC31: 0.012437326 | AD31: 2 | AE31: 1030.16 | AF31: 24.32 | AG31: 0.023607983 | AH31: 0.017030812 | AI31: 25.66 | AJ31: 1026.24 | AK31: 0.025003898 | AL31: 0.017869081 | AM31: 0.030654596 | AN31: 12.91 | AO31: 516.56 | AP31: 0.024992256 | AQ31: 0.0090406162 | AR31: 0.026491597
A32: 12441 | B32: LYAM-X2862 | C32: =_xlfn.XLOOKUP(A32,[1]分配表!J:J,[1]分配表!L:L) -> 46093 | D32: =IF(_xlfn.XLOOKUP(A32,[1]分配表!J:J,[1]分配表!M:M,"未出单")=0,"未出单",_xlfn.XLOOKUP(A32,[1]分配表!J:J,[1]分配表!M:M,"未出单")) -> 46100 | E32: 张潇 | F32: =_xlfn.XLOOKUP(A32,[1]分配表!A:A,[1]分配表!C:C) -> 张潇 | G32: =IF(_xlfn.XLOOKUP($A32,[1]分配表!$A:$A,[1]分配表!D:D)=0,"未分类",_xlfn.XLOOKUP($A32,[1]分配表!$A:$A,[1]分配表!D:D)) -> 机盖及附件 | H32: =_xlfn.XLOOKUP(A32,[1]分配表!J:J,[1]分配表!I:I) -> 原开品 | I32: =COUNTIFS([1]月销售数据!L:L,A32,[1]月销售数据!M:M,">=2026-4-1",[1]月销售数据!M:M,"<=2026-4-30") -> 2 | J32: =COUNTIFS([1]月销售数据!L:L,A32,[1]月销售数据!M:M,">=2026-5-1",[1]月销售数据!M:M,"<=2026-5-31") -> 3 | K32: Y | L32: Y | M32: 正常 | N32: 竞争无优势 | O32: 6 | P32: 3 | Q32: 838 | R32: 413 | S32: 3 | T32: 2 | U32: 9 | V32: =T32+P32 -> 5 | W32: 0.66666667 | X32: 0.6 | Y32: 2 | Z32: 299.89 | AA32: 3.5 | AB32: 0.011670946 | AC32: 0.004176611 | AD32: 2 | AE32: 303.19 | AF32: 0.7 | AG32: 0.0023087833 | AH32: 0.0016949153 | AI32: 17.84 | AJ32: 892.04 | AK32: 0.019999103 | AL32: 0.021288783 | AM32: 0.025465394 | AN32: 0 | AO32: 0 | AP32: #DIV/0! | AQ32: 0 | AR32: 0.0016949153
A33: 12271 | B33: LYAP-X1651-1L | C33: =_xlfn.XLOOKUP(A33,[1]分配表!J:J,[1]分配表!L:L) -> 46097 | D33: =IF(_xlfn.XLOOKUP(A33,[1]分配表!J:J,[1]分配表!M:M,"未出单")=0,"未出单",_xlfn.XLOOKUP(A33,[1]分配表!J:J,[1]分配表!M:M,"未出单")) -> 46098 | E33: 俞东旭 | F33: =_xlfn.XLOOKUP(A33,[1]分配表!A:A,[1]分配表!C:C) -> 俞东旭 | G33: =IF(_xlfn.XLOOKUP($A33,[1]分配表!$A:$A,[1]分配表!D:D)=0,"未分类",_xlfn.XLOOKUP($A33,[1]分配表!$A:$A,[1]分配表!D:D)) -> 车门系统 | H33: =_xlfn.XLOOKUP(A33,[1]分配表!J:J,[1]分配表!I:I) -> 原开品 | I33: =COUNTIFS([1]月销售数据!L:L,A33,[1]月销售数据!M:M,">=2026-4-1",[1]月销售数据!M:M,"<=2026-4-30") -> 2 | J33: =COUNTIFS([1]月销售数据!L:L,A33,[1]月销售数据!M:M,">=2026-5-1",[1]月销售数据!M:M,"<=2026-5-31") -> 2 | K33: Y | L33: Y | M33: 竞争无优势 | N33: 竞争无优势 | O33: 31 | P33: 8 | Q33: 9300 | R33: 2400 | S33: 2 | T33: 3 | U33: 33 | V33: =T33+P33 -> 11 | W33: 0.93939394 | X33: 0.72727273 | Y33: 0 | Z33: 0 | AA33: 0 | AB33: #DIV/0! | AC33: 0 | AD33: 0 | AE33: 0 | AF33: 0 | AG33: #DIV/0! | AH33: 0 | AI33: 206.03 | AJ33: 10298.32 | AK33: 0.020006176 | AL33: 0.022153763 | AM33: 0.022153763 | AN33: 71.44 | AO33: 3570.45 | AP33: 0.020008682 | AQ33: 0.029766667 | AR33: 0.029766667
A34: 12270 | B34: LYAP-X1651-1R | C34: =_xlfn.XLOOKUP(A34,[1]分配表!J:J,[1]分配表!L:L) -> 46097 | D34: =IF(_xlfn.XLOOKUP(A34,[1]分配表!J:J,[1]分配表!M:M,"未出单")=0,"未出单",_xlfn.XLOOKUP(A34,[1]分配表!J:J,[1]分配表!M:M,"未出单")) -> 46100 | E34: 俞东旭 | F34: =_xlfn.XLOOKUP(A34,[1]分配表!A:A,[1]分配表!C:C) -> 俞东旭 | G34: =IF(_xlfn.XLOOKUP($A34,[1]分配表!$A:$A,[1]分配表!D:D)=0,"未分类",_xlfn.XLOOKUP($A34,[1]分配表!$A:$A,[1]分配表!D:D)) -> 车门系统 | H34: =_xlfn.XLOOKUP(A34,[1]分配表!J:J,[1]分配表!I:I) -> 原开品 | I34: =COUNTIFS([1]月销售数据!L:L,A34,[1]月销售数据!M:M,">=2026-4-1",[1]月销售数据!M:M,"<=2026-4-30") -> 2 | J34: =COUNTIFS([1]月销售数据!L:L,A34,[1]月销售数据!M:M,">=2026-5-1",[1]月销售数据!M:M,"<=2026-5-31") -> 2 | K34: Y | L34: Y | M34: 站外出单 | N34: 站外出单 | O34: 3 | P34: 2 | Q34: 810 | R34: 540 | S34: 0 | T34: 0 | U34: 3 | V34: =T34+P34 -> 2 | W34: 1 | X34: 1 | Y34: 0 | Z34: 0 | AA34: 0 | AB34: #DIV/0! | AC34: 0 | AD34: 0 | AE34: 0 | AF34: 0 | AG34: #DIV/0! | AH34: 0 | AI34: 17.55 | AJ34: 876.97 | AK34: 0.020012087 | AL34: 0.021666667 | AM34: 0.030753086 | AN34: 11.71 | AO34: 585.43 | AP34: 0.020002391 | AQ34: 0.021685185 | AR34: 0.042981481
A35: 12318 | B35: LYAP-X1676 | C35: =_xlfn.XLOOKUP(A35,[1]分配表!J:J,[1]分配表!L:L) -> 46097 | D35: =IF(_xlfn.XLOOKUP(A35,[1]分配表!J:J,[1]分配表!M:M,"未出单")=0,"未出单",_xlfn.XLOOKUP(A35,[1]分配表!J:J,[1]分配表!M:M,"未出单")) -> 46103 | E35: 胡煜星 | F35: =_xlfn.XLOOKUP(A35,[1]分配表!A:A,[1]分配表!C:C) -> 胡煜星 | G35: =IF(_xlfn.XLOOKUP($A35,[1]分配表!$A:$A,[1]分配表!D:D)=0,"未分类",_xlfn.XLOOKUP($A35,[1]分配表!$A:$A,[1]分配表!D:D)) -> 车门系统 | H35: =_xlfn.XLOOKUP(A35,[1]分配表!J:J,[1]分配表!I:I) -> 原开品 | I35: =COUNTIFS([1]月销售数据!L:L,A35,[1]月销售数据!M:M,">=2026-4-1",[1]月销售数据!M:M,"<=2026-4-30") -> 4 | J35: =COUNTIFS([1]月销售数据!L:L,A35,[1]月销售数据!M:M,">=2026-5-1",[1]月销售数据!M:M,"<=2026-5-31") -> 2 | K35: Y | L35: Y | M35: 无市场 | N35: 无市场 | O35: 0 | P35: 2 | Q35: 0 | R35: 920 | S35: 0 | T35: 0 | U35: 0 | V35: =T35+P35 -> 2 | W35: 0 | X35: 1 | Y35: 0 | Z35: 0 | AA35: 44.63 | AB35: #DIV/0! | AC35: #DIV/0! | AD35: 1 | AE35: 501.86 | AF35: 6.78 | AG35: 0.013509744 | AH35: 0.0073695652 | AI35: 0 | AJ35: 0 | AK35: #DIV/0! | AL35: #DIV/0! | AM35: #DIV/0! | AN35: 0 | AO35: 0 | AP35: #DIV/0! | AQ35: 0 | AR35: 0.007923913
A36: 12320 | B36: LYAP-X2417 | C36: =_xlfn.XLOOKUP(A36,[1]分配表!J:J,[1]分配表!L:L) -> 46097 | D36: =IF(_xlfn.XLOOKUP(A36,[1]分配表!J:J,[1]分配表!M:M,"未出单")=0,"未出单",_xlfn.XLOOKUP(A36,[1]分配表!J:J,[1]分配表!M:M,"未出单")) -> 46131 | E36: 朱培源 | F36: =_xlfn.XLOOKUP(A36,[1]分配表!A:A,[1]分配表!C:C) -> 朱培源 | G36: =IF(_xlfn.XLOOKUP($A36,[1]分配表!$A:$A,[1]分配表!D:D)=0,"未分类",_xlfn.XLOOKUP($A36,[1]分配表!$A:$A,[1]分配表!D:D)) -> 挡泥板 | H36: =_xlfn.XLOOKUP(A36,[1]分配表!J:J,[1]分配表!I:I) -> 原开品 | I36: =COUNTIFS([1]月销售数据!L:L,A36,[1]月销售数据!M:M,">=2026-4-1",[1]月销售数据!M:M,"<=2026-4-30") -> 4 | J36: =COUNTIFS([1]月销售数据!L:L,A36,[1]月销售数据!M:M,">=2026-5-1",[1]月销售数据!M:M,"<=2026-5-31") -> 1 | K36: N | L36: N | M36: 无市场 | N36: 正常 | O36: 1 | P36: 3 | Q36: 75 | R36: 225 | S36: 0 | T36: 2 | U36: 1 | V36: =T36+P36 -> 5 | W36: 1 | X36: 0.6 | Y36: 0 | Z36: 0 | AA36: 0 | AB36: #DIV/0! | AC36: 0 | AD36: 0 | AE36: 0 | AF36: 0 | AG36: #DIV/0! | AH36: 0 | AI36: 3.22 | AJ36: 80.44 | AK36: 0.040029836 | AL36: 0.042933333 | AM36: 0.046933333 | AN36: 9.77 | AO36: 244.13 | AP36: 0.040019662 | AQ36: 0.043422222 | AR36: 0.045155556
A37: 12305 | B37: MD-001-FL | C37: =_xlfn.XLOOKUP(A37,[1]分配表!J:J,[1]分配表!L:L) -> 46097 | D37: =IF(_xlfn.XLOOKUP(A37,[1]分配表!J:J,[1]分配表!M:M,"未出单")=0,"未出单",_xlfn.XLOOKUP(A37,[1]分配表!J:J,[1]分配表!M:M,"未出单")) -> 46100 | E37: 俞东旭 | F37: =_xlfn.XLOOKUP(A37,[1]分配表!A:A,[1]分配表!C:C) -> 俞东旭 | G37: =IF(_xlfn.XLOOKUP($A37,[1]分配表!$A:$A,[1]分配表!D:D)=0,"未分类",_xlfn.XLOOKUP($A37,[1]分配表!$A:$A,[1]分配表!D:D)) -> 车门系统 | H37: =_xlfn.XLOOKUP(A37,[1]分配表!J:J,[1]分配表!I:I) -> 原开品 | I37: =COUNTIFS([1]月销售数据!L:L,A37,[1]月销售数据!M:M,">=2026-4-1",[1]月销售数据!M:M,"<=2026-4-30") -> 2 | J37: =COUNTIFS([1]月销售数据!L:L,A37,[1]月销售数据!M:M,">=2026-5-1",[1]月销售数据!M:M,"<=2026-5-31") -> 1 | K37: Y | L37: Y | M37: 竞争无优势 | N37: #N/A | O37: 10 | P37: 3 | Q37: 5860 | R37: 1770 | S37: 3 | T37: 10 | U37: 13 | V37: =T37+P37 -> 13 | W37: 0.76923077 | X37: 0.23076923 | Y37: 1 | Z37: 627.41 | AA37: 0 | AB37: 0 | AC37: 0 | AD37: 0 | AE37: 0 | AF37: 0 | AG37: #DIV/0! | AH37: 0 | AI37: 125.23 | AJ37: 6260.84 | AK37: 0.020002108 | AL37: 0.021370307 | AM37: 0.021419795 | AN37: 36.98 | AO37: 1848.77 | AP37: 0.020002488 | AQ37: 0.020892655 | AR37: 0.020892655
A38: 12321 | B38: LYAP-X1788-GR | C38: =_xlfn.XLOOKUP(A38,[1]分配表!J:J,[1]分配表!L:L) -> 46097 | D38: =IF(_xlfn.XLOOKUP(A38,[1]分配表!J:J,[1]分配表!M:M,"未出单")=0,"未出单",_xlfn.XLOOKUP(A38,[1]分配表!J:J,[1]分配表!M:M,"未出单")) -> 46120 | E38: 俞东旭 | F38: =_xlfn.XLOOKUP(A38,[1]分配表!A:A,[1]分配表!C:C) -> 俞东旭 | G38: =IF(_xlfn.XLOOKUP($A38,[1]分配表!$A:$A,[1]分配表!D:D)=0,"未分类",_xlfn.XLOOKUP($A38,[1]分配表!$A:$A,[1]分配表!D:D)) -> 车门系统 | H38: =_xlfn.XLOOKUP(A38,[1]分配表!J:J,[1]分配表!I:I) -> 原开品 | I38: =COUNTIFS([1]月销售数据!L:L,A38,[1]月销售数据!M:M,">=2026-4-1",[1]月销售数据!M:M,"<=2026-4-30") -> 5 | J38: =COUNTIFS([1]月销售数据!L:L,A38,[1]月销售数据!M:M,">=2026-5-1",[1]月销售数据!M:M,"<=2026-5-31") -> 3 | K38: N | L38: N | M38: 竞争无优势 | N38: 竞争无优势 | O38: 11 | P38: 21 | Q38: 394.9 | R38: 753.9 | S38: 25 | T38: 19 | U38: 36 | V38: =T38+P38 -> 40 | W38: 0.30555556 | X38: 0.525 | Y38: 0 | Z38: 0 | AA38: 0 | AB38: #DIV/0! | AC38: 0 | AD38: 0 | AE38: 0 | AF38: 0 | AG38: #DIV/0! | AH38: 0 | AI38: 15.48 | AJ38: 386.84 | AK38: 0.040016544 | AL38: 0.039199797 | AM38: 0.046746012 | AN38: 33.84 | AO38: 846.72 | AP38: 0.039965986 | AQ38: 0.04488659 | AR38: 0.052248309
A39: 12272 | B39: LYAP-X1808 | C39: =_xlfn.XLOOKUP(A39,[1]分配表!J:J,[1]分配表!L:L) -> 46097 | D39: =IF(_xlfn.XLOOKUP(A39,[1]分配表!J:J,[1]分配表!M:M,"未出单")=0,"未出单",_xlfn.XLOOKUP(A39,[1]分配表!J:J,[1]分配表!M:M,"未出单")) -> 46099 | E39: 胡煜星 | F39: =_xlfn.XLOOKUP(A39,[1]分配表!A:A,[1]分配表!C:C) -> 胡煜星 | G39: =IF(_xlfn.XLOOKUP($A39,[1]分配表!$A:$A,[1]分配表!D:D)=0,"未分类",_xlfn.XLOOKUP($A39,[1]分配表!$A:$A,[1]分配表!D:D)) -> 车门系统 | H39: =_xlfn.XLOOKUP(A39,[1]分配表!J:J,[1]分配表!I:I) -> 原开品 | I39: =COUNTIFS([1]月销售数据!L:L,A39,[1]月销售数据!M:M,">=2026-4-1",[1]月销售数据!M:M,"<=2026-4-30") -> 2 | J39: =COUNTIFS([1]月销售数据!L:L,A39,[1]月销售数据!M:M,">=2026-5-1",[1]月销售数据!M:M,"<=2026-5-31") -> 3 | K39: Y | L39: Y | M39: 正常 | N39: 正常 | O39: 23 | P39: 24 | Q39: 1557.2 | R39: 1708.5 | S39: 0 | T39: 0 | U39: 23 | V39: =T39+P39 -> 24 | W39: 1 | X39: 1 | Y39: 4 | Z39: 292.55 | AA39: 25.73 | AB39: 0.087950778 | AC39: 0.016523247 | AD39: 0 | AE39: 0 | AF39: 0 | AG39: #DIV/0! | AH39: 0 | AI39: 32.04 | AJ39: 1309.16 | AK39: 0.024473708 | AL39: 0.020575392 | AM39: 0.040444387 | AN39: 33.66 | AO39: 1683.19 | AP39: 0.019997742 | AQ39: 0.019701493 | AR39: 0.021510097
A40: 12292 | B40: LYAP-X1879 | C40: =_xlfn.XLOOKUP(A40,[1]分配表!J:J,[1]分配表!L:L) -> 46097 | D40: =IF(_xlfn.XLOOKUP(A40,[1]分配表!J:J,[1]分配表!M:M,"未出单")=0,"未出单",_xlfn.XLOOKUP(A40,[1]分配表!J:J,[1]分配表!M:M,"未出单")) -> 46100 | E40: 朱培源 | F40: =_xlfn.XLOOKUP(A40,[1]分配表!A:A,[1]分配表!C:C) -> 朱培源 | G40: =IF(_xlfn.XLOOKUP($A40,[1]分配表!$A:$A,[1]分配表!D:D)=0,"未分类",_xlfn.XLOOKUP($A40,[1]分配表!$A:$A,[1]分配表!D:D)) -> 挡泥板 | H40: =_xlfn.XLOOKUP(A40,[1]分配表!J:J,[1]分配表!I:I) -> 原开品 | I40: =COUNTIFS([1]月销售数据!L:L,A40,[1]月销售数据!M:M,">=2026-4-1",[1]月销售数据!M:M,"<=2026-4-30") -> 4 | J40: =COUNTIFS([1]月销售数据!L:L,A40,[1]月销售数据!M:M,">=2026-5-1",[1]月销售数据!M:M,"<=2026-5-31") -> 1 | K40: Y | L40: Y | M40: 站外出单 | N40: 正常 | O40: 5 | P40: 3 | Q40: 451 | R40: 267 | S40: 0 | T40: 8 | U40: 5 | V40: =T40+P40 -> 11 | W40: 1 | X40: 0.27272727 | Y40: 2 | Z40: 192.02 | AA40: 26.35 | AB40: 0.13722529 | AC40: 0.058425721 | AD40: 0 | AE40: 0 | AF40: 29.68 | AG40: #DIV/0! | AH40: 0.11116105 | AI40: 9.67 | AJ40: 483.8 | AK40: 0.019987598 | AL40: 0.021441242 | AM40: 0.081929047 | AN40: 5.56 | AO40: 278.08 | AP40: 0.019994246 | AQ40: 0.02082397 | AR40: 0.13363296
A41: 12333 | B41: LYAP-X2429 | C41: =_xlfn.XLOOKUP(A41,[1]分配表!J:J,[1]分配表!L:L) -> 46097 | D41: =IF(_xlfn.XLOOKUP(A41,[1]分配表!J:J,[1]分配表!M:M,"未出单")=0,"未出单",_xlfn.XLOOKUP(A41,[1]分配表!J:J,[1]分配表!M:M,"未出单")) -> 46116 | E41: 朱培源 | F41: =_xlfn.XLOOKUP(A41,[1]分配表!A:A,[1]分配表!C:C) -> 朱培源 | G41: =IF(_xlfn.XLOOKUP($A41,[1]分配表!$A:$A,[1]分配表!D:D)=0,"未分类",_xlfn.XLOOKUP($A41,[1]分配表!$A:$A,[1]分配表!D:D)) -> 车门系统 | H41: =_xlfn.XLOOKUP(A41,[1]分配表!J:J,[1]分配表!I:I) -> 原开品 | I41: =COUNTIFS([1]月销售数据!L:L,A41,[1]月销售数据!M:M,">=2026-4-1",[1]月销售数据!M:M,"<=2026-4-30") -> 3 | J41: =COUNTIFS([1]月销售数据!L:L,A41,[1]月销售数据!M:M,">=2026-5-1",[1]月销售数据!M:M,"<=2026-5-31") -> 1 | K41: N | L41: N | M41: 正常 | N41: 正常 | O41: 4 | P41: 5 | Q41: 262.4 | R41: 348 | S41: 1 | T41: 1 | U41: 5 | V41: =T41+P41 -> 6 | W41: 0.8 | X41: 0.83333333 | Y41: 1 | Z41: 68.4 | AA41: 1.05 | AB41: 0.015350877 | AC41: 0.0040015244 | AD41: 0 | AE41: 0 | AF41: 0 | AG41: #DIV/0! | AH41: 0 | AI41: 9.53 | AJ41: 276.52 | AK41: 0.034464053 | AL41: 0.036318598 | AM41: 0.052400915 | AN41: 15.04 | AO41: 452.63 | AP41: 0.033228023 | AQ41: 0.043218391 | AR41: 0.046149425
A42: 12334 | B42: LYAP-X2523 | C42: =_xlfn.XLOOKUP(A42,[1]分配表!J:J,[1]分配表!L:L) -> 46097 | D42: =IF(_xlfn.XLOOKUP(A42,[1]分配表!J:J,[1]分配表!M:M,"未出单")=0,"未出单",_xlfn.XLOOKUP(A42,[1]分配表!J:J,[1]分配表!M:M,"未出单")) -> 46105 | E42: 朱培源 | F42: =_xlfn.XLOOKUP(A42,[1]分配表!A:A,[1]分配表!C:C) -> 朱培源 | G42: =IF(_xlfn.XLOOKUP($A42,[1]分配表!$A:$A,[1]分配表!D:D)=0,"未分类",_xlfn.XLOOKUP($A42,[1]分配表!$A:$A,[1]分配表!D:D)) -> 车门系统 | H42: =_xlfn.XLOOKUP(A42,[1]分配表!J:J,[1]分配表!I:I) -> 原开品 | I42: =COUNTIFS([1]月销售数据!L:L,A42,[1]月销售数据!M:M,">=2026-4-1",[1]月销售数据!M:M,"<=2026-4-30") -> 2 | J42: =COUNTIFS([1]月销售数据!L:L,A42,[1]月销售数据!M:M,">=2026-5-1",[1]月销售数据!M:M,"<=2026-5-31") -> 1 | K42: Y | L42: Y | M42: 正常 | N42: 站外出单 | O42: 13 | P42: 8 | Q42: 1278 | R42: 720 | S42: 0 | T42: 0 | U42: 13 | V42: =T42+P42 -> 8 | W42: 1 | X42: 1 | Y42: 0 | Z42: 0 | AA42: 0 | AB42: #DIV/0! | AC42: 0 | AD42: 0 | AE42: 0 | AF42: 0 | AG42: #DIV/0! | AH42: 0 | AI42: 49.83 | AJ42: 1350.78 | AK42: 0.036889797 | AL42: 0.03899061 | AM42: 0.040250391 | AN42: 30.44 | AO42: 760.89 | AP42: 0.040005783 | AQ42: 0.042277778 | AR42: 0.046694444
A43: 12368 | B43: LYAP-X2530 | C43: =_xlfn.XLOOKUP(A43,[1]分配表!J:J,[1]分配表!L:L) -> 46097 | D43: =IF(_xlfn.XLOOKUP(A43,[1]分配表!J:J,[1]分配表!M:M,"未出单")=0,"未出单",_xlfn.XLOOKUP(A43,[1]分配表!J:J,[1]分配表!M:M,"未出单")) -> 46104 | E43: 胡煜星 | F43: =_xlfn.XLOOKUP(A43,[1]分配表!A:A,[1]分配表!C:C) -> 胡煜星 | G43: =IF(_xlfn.XLOOKUP($A43,[1]分配表!$A:$A,[1]分配表!D:D)=0,"未分类",_xlfn.XLOOKUP($A43,[1]分配表!$A:$A,[1]分配表!D:D)) -> 其他 | H43: =_xlfn.XLOOKUP(A43,[1]分配表!J:J,[1]分配表!I:I) -> 原开品 | I43: =COUNTIFS([1]月销售数据!L:L,A43,[1]月销售数据!M:M,">=2026-4-1",[1]月销售数据!M:M,"<=2026-4-30") -> 2 | J43: =COUNTIFS([1]月销售数据!L:L,A43,[1]月销售数据!M:M,">=2026-5-1",[1]月销售数据!M:M,"<=2026-5-31") -> 2 | K43: Y | L43: Y | M43: 正常 | N43: 正常 | O43: 11 | P43: 9 | Q43: 1045 | R43: 883.02 | S43: 0 | T43: 3 | U43: 11 | V43: =T43+P43 -> 12 | W43: 1 | X43: 0.75 | Y43: 0 | Z43: 0 | AA43: 2.38 | AB43: #DIV/0! | AC43: 0.002277512 | AD43: 3 | AE43: 310.69 | AF43: 26.37 | AG43: 0.084875599 | AH43: 0.029863423 | AI43: 22.31 | AJ43: 1116.25 | AK43: 0.019986562 | AL43: 0.021349282 | AM43: 0.02723445 | AN43: 0 | AO43: 0 | AP43: #DIV/0! | AQ43: 0 | AR43: 0.035842903
A44: 12306 | B44: MD-001-FR | C44: =_xlfn.XLOOKUP(A44,[1]分配表!J:J,[1]分配表!L:L) -> 46097 | D44: =IF(_xlfn.XLOOKUP(A44,[1]分配表!J:J,[1]分配表!M:M,"未出单")=0,"未出单",_xlfn.XLOOKUP(A44,[1]分配表!J:J,[1]分配表!M:M,"未出单")) -> 46099 | E44: 俞东旭 | F44: =_xlfn.XLOOKUP(A44,[1]分配表!A:A,[1]分配表!C:C) -> 俞东旭 | G44: =IF(_xlfn.XLOOKUP($A44,[1]分配表!$A:$A,[1]分配表!D:D)=0,"未分类",_xlfn.XLOOKUP($A44,[1]分配表!$A:$A,[1]分配表!D:D)) -> 车门系统 | H44: =_xlfn.XLOOKUP(A44,[1]分配表!J:J,[1]分配表!I:I) -> 原开品 | I44: =COUNTIFS([1]月销售数据!L:L,A44,[1]月销售数据!M:M,">=2026-4-1",[1]月销售数据!M:M,"<=2026-4-30") -> 4 | J44: =COUNTIFS([1]月销售数据!L:L,A44,[1]月销售数据!M:M,">=2026-5-1",[1]月销售数据!M:M,"<=2026-5-31") -> 2 | K44: Y | L44: Y | M44: 竞争无优势 | N44: 竞争无优势 | O44: 9 | P44: 9 | Q44: 5293 | R44: 5367 | S44: 7 | T44: 6 | U44: 16 | V44: =T44+P44 -> 15 | W44: 0.5625 | X44: 0.6 | Y44: 4 | Z44: 2437.82 | AA44: 13.03 | AB44: 0.0053449393 | AC44: 0.0024617419 | AD44: 0 | AE44: 0 | AF44: 0 | AG44: #DIV/0! | AH44: 0 | AI44: 110.9 | AJ44: 5544.83 | AK44: 0.020000613 | AL44: 0.020952201 | AM44: 0.023415832 | AN44: 112.87 | AO44: 5643.13 | AP44: 0.020001311 | AQ44: 0.021030371 | AR44: 0.021112353
A45: 12307 | B45: MD-001-RL | C45: =_xlfn.XLOOKUP(A45,[1]分配表!J:J,[1]分配表!L:L) -> 46097 | D45: =IF(_xlfn.XLOOKUP(A45,[1]分配表!J:J,[1]分配表!M:M,"未出单")=0,"未出单",_xlfn.XLOOKUP(A45,[1]分配表!J:J,[1]分配表!M:M,"未出单")) -> 46103 | E45: 俞东旭 | F45: =_xlfn.XLOOKUP(A45,[1]分配表!A:A,[1]分配表!C:C) -> 俞东旭 | G45: =IF(_xlfn.XLOOKUP($A45,[1]分配表!$A:$A,[1]分配表!D:D)=0,"未分类",_xlfn.XLOOKUP($A45,[1]分配表!$A:$A,[1]分配表!D:D)) -> 车门系统 | H45: =_xlfn.XLOOKUP(A45,[1]分配表!J:J,[1]分配表!I:I) -> 原开品 | I45: =COUNTIFS([1]月销售数据!L:L,A45,[1]月销售数据!M:M,">=2026-4-1",[1]月销售数据!M:M,"<=2026-4-30") -> 4 | J45: =COUNTIFS([1]月销售数据!L:L,A45,[1]月销售数据!M:M,">=2026-5-1",[1]月销售数据!M:M,"<=2026-5-31") -> 4 | K45: Y | L45: Y | M45: 正常 | N45: 竞争无优势 | O45: 6 | P45: 3 | Q45: 3480 | R45: 1740 | S45: 2 | T45: 9 | U45: 8 | V45: =T45+P45 -> 12 | W45: 0.75 | X45: 0.25 | Y45: 4 | Z45: 2441.8 | AA45: 17.44 | AB45: 0.0071422721 | AC45: 0.0050114943 | AD45: 0 | AE45: 0 | AF45: 0 | AG45: #DIV/0! | AH45: 0 | AI45: 86.78 | AJ45: 4338.41 | AK45: 0.02000272 | AL45: 0.024936782 | AM45: 0.029948276 | AN45: 35.5 | AO45: 1774.8 | AP45: 0.020002254 | AQ45: 0.020402299 | AR45: 0.020402299
A46: 12308 | B46: MD-001-RR | C46: =_xlfn.XLOOKUP(A46,[1]分配表!J:J,[1]分配表!L:L) -> 46097 | D46: =IF(_xlfn.XLOOKUP(A46,[1]分配表!J:J,[1]分配表!M:M,"未出单")=0,"未出单",_xlfn.XLOOKUP(A46,[1]分配表!J:J,[1]分配表!M:M,"未出单")) -> 46099 | E46: 俞东旭 | F46: =_xlfn.XLOOKUP(A46,[1]分配表!A:A,[1]分配表!C:C) -> 俞东旭 | G46: =IF(_xlfn.XLOOKUP($A46,[1]分配表!$A:$A,[1]分配表!D:D)=0,"未分类",_xlfn.XLOOKUP($A46,[1]分配表!$A:$A,[1]分配表!D:D)) -> 车门系统 | H46: =_xlfn.XLOOKUP(A46,[1]分配表!J:J,[1]分配表!I:I) -> 原开品 | I46: =COUNTIFS([1]月销售数据!L:L,A46,[1]月销售数据!M:M,">=2026-4-1",[1]月销售数据!M:M,"<=2026-4-30") -> 4 | J46: =COUNTIFS([1]月销售数据!L:L,A46,[1]月销售数据!M:M,">=2026-5-1",[1]月销售数据!M:M,"<=2026-5-31") -> 2 | K46: Y | L46: Y | M46: 正常 | N46: 竞争无优势 | O46: 12 | P46: 4 | Q46: 7011 | R46: 2367 | S46: 6 | T46: 8 | U46: 18 | V46: =T46+P46 -> 12 | W46: 0.66666667 | X46: 0.33333333 | Y46: 5 | Z46: 3055.66 | AA46: 30.19 | AB46: 0.0098800259 | AC46: 0.0043060904 | AD46: 0 | AE46: 0 | AF46: 0 | AG46: #DIV/0! | AH46: 0 | AI46: 158.38 | AJ46: 7918.7 | AK46: 0.020000758 | AL46: 0.022590215 | AM46: 0.027242904 | AN46: 48.55 | AO46: 2427.42 | AP46: 0.020000659 | AQ46: 0.020511196 | AR46: 0.021153359
A47: 12293 | B47: LYAP-X2144-1 | C47: =_xlfn.XLOOKUP(A47,[1]分配表!J:J,[1]分配表!L:L) -> 46099 | D47: =IF(_xlfn.XLOOKUP(A47,[1]分配表!J:J,[1]分配表!M:M,"未出单")=0,"未出单",_xlfn.XLOOKUP(A47,[1]分配表!J:J,[1]分配表!M:M,"未出单")) -> 46104 | E47: 朱培源 | F47: =_xlfn.XLOOKUP(A47,[1]分配表!A:A,[1]分配表!C:C) -> 朱培源 | G47: =IF(_xlfn.XLOOKUP($A47,[1]分配表!$A:$A,[1]分配表!D:D)=0,"未分类",_xlfn.XLOOKUP($A47,[1]分配表!$A:$A,[1]分配表!D:D)) -> 车门系统 | H47: =_xlfn.XLOOKUP(A47,[1]分配表!J:J,[1]分配表!I:I) -> 原开品 | I47: =COUNTIFS([1]月销售数据!L:L,A47,[1]月销售数据!M:M,">=2026-4-1",[1]月销售数据!M:M,"<=2026-4-30") -> 2 | J47: =COUNTIFS([1]月销售数据!L:L,A47,[1]月销售数据!M:M,">=2026-5-1",[1]月销售数据!M:M,"<=2026-5-31") -> 0 | K47: Y | L47: Y | M47: 正常 | N47: 站外出单 | O47: 3 | P47: 0 | Q47: 162.25 | R47: 0 | S47: 0 | T47: 1 | U47: 3 | V47: =T47+P47 -> 1 | W47: 1 | X47: 0 | Y47: 0 | Z47: 0 | AA47: 0 | AB47: #DIV/0! | AC47: 0 | AD47: 0 | AE47: 0 | AF47: 0 | AG47: #DIV/0! | AH47: #DIV/0! | AI47: 1.15 | AJ47: 57.74 | AK47: 0.019916869 | AL47: 0.0070878274 | AM47: 0.012696456 | AN47: 0 | AO47: 0 | AP47: #DIV/0! | AQ47: #DIV/0! | AR47: #DIV/0!
A48: 12298 | B48: LYAP-X2144-1L | C48: =_xlfn.XLOOKUP(A48,[1]分配表!J:J,[1]分配表!L:L) -> 46099 | D48: =IF(_xlfn.XLOOKUP(A48,[1]分配表!J:J,[1]分配表!M:M,"未出单")=0,"未出单",_xlfn.XLOOKUP(A48,[1]分配表!J:J,[1]分配表!M:M,"未出单")) -> 46157 | E48: 朱培源 | F48: =_xlfn.XLOOKUP(A48,[1]分配表!A:A,[1]分配表!C:C) -> 朱培源 | G48: =IF(_xlfn.XLOOKUP($A48,[1]分配表!$A:$A,[1]分配表!D:D)=0,"未分类",_xlfn.XLOOKUP($A48,[1]分配表!$A:$A,[1]分配表!D:D)) -> 车门系统 | H48: =_xlfn.XLOOKUP(A48,[1]分配表!J:J,[1]分配表!I:I) -> 拓展品 | I48: =COUNTIFS([1]月销售数据!L:L,A48,[1]月销售数据!M:M,">=2026-4-1",[1]月销售数据!M:M,"<=2026-4-30") -> 4 | J48: =COUNTIFS([1]月销售数据!L:L,A48,[1]月销售数据!M:M,">=2026-5-1",[1]月销售数据!M:M,"<=2026-5-31") -> 2 | K48: 未出单 | L48: N | M48: 无市场 | N48: 竞争无优势 | O48: 0 | P48: 1 | Q48: 0 | R48: 24.78 | S48: 4 | T48: 4 | U48: 4 | V48: =T48+P48 -> 5 | W48: 0 | X48: 0.2 | Y48: 0 | Z48: 0 | AA48: 0 | AB48: #DIV/0! | AC48: #DIV/0! | AD48: 0 | AE48: 0 | AF48: 0 | AG48: #DIV/0! | AH48: 0 | AI48: 0 | AJ48: 0 | AK48: #DIV/0! | AL48: #DIV/0! | AM48: #DIV/0! | AN48: 1.62 | AO48: 26.92 | AP48: 0.060178306 | AQ48: 0.065375303 | AR48: 0.10815174
A49: 12299 | B49: LYAP-X2144-1R | C49: =_xlfn.XLOOKUP(A49,[1]分配表!J:J,[1]分配表!L:L) -> 46099 | D49: =IF(_xlfn.XLOOKUP(A49,[1]分配表!J:J,[1]分配表!M:M,"未出单")=0,"未出单",_xlfn.XLOOKUP(A49,[1]分配表!J:J,[1]分配表!M:M,"未出单")) -> 46119 | E49: 朱培源 | F49: =_xlfn.XLOOKUP(A49,[1]分配表!A:A,[1]分配表!C:C) -> 朱培源 | G49: =IF(_xlfn.XLOOKUP($A49,[1]分配表!$A:$A,[1]分配表!D:D)=0,"未分类",_xlfn.XLOOKUP($A49,[1]分配表!$A:$A,[1]分配表!D:D)) -> 车门系统 | H49: =_xlfn.XLOOKUP(A49,[1]分配表!J:J,[1]分配表!I:I) -> 拓展品 | I49: =COUNTIFS([1]月销售数据!L:L,A49,[1]月销售数据!M:M,">=2026-4-1",[1]月销售数据!M:M,"<=2026-4-30") -> 3 | J49: =COUNTIFS([1]月销售数据!L:L,A49,[1]月销售数据!M:M,">=2026-5-1",[1]月销售数据!M:M,"<=2026-5-31") -> 3 | K49: N | L49: N | M49: 竞争无优势 | N49: 竞争无优势 | O49: 5 | P49: 1 | Q49: 132.1 | R49: 28 | S49: 5 | T49: 5 | U49: 10 | V49: =T49+P49 -> 6 | W49: 0.5 | X49: 0.16666667 | Y49: 0 | Z49: 0 | AA49: 0 | AB49: #DIV/0! | AC49: 0 | AD49: 0 | AE49: 0 | AF49: 0 | AG49: #DIV/0! | AH49: 0 | AI49: 7.15 | AJ49: 143.03 | AK49: 0.049989513 | AL49: 0.054125662 | AM49: 0.058440575 | AN49: 0.6 | AO49: 29.96 | AP49: 0.020026702 | AQ49: 0.021428571 | AR49: 0.038571429
A50: 12396 | B50: LYAP-X1665-1 | C50: =_xlfn.XLOOKUP(A50,[1]分配表!J:J,[1]分配表!L:L) -> 46104 | D50: =IF(_xlfn.XLOOKUP(A50,[1]分配表!J:J,[1]分配表!M:M,"未出单")=0,"未出单",_xlfn.XLOOKUP(A50,[1]分配表!J:J,[1]分配表!M:M,"未出单")) -> 未出单 | E50: 胡煜星 | F50: =_xlfn.XLOOKUP(A50,[1]分配表!A:A,[1]分配表!C:C) -> 胡煜星 | G50: =IF(_xlfn.XLOOKUP($A50,[1]分配表!$A:$A,[1]分配表!D:D)=0,"未分类",_xlfn.XLOOKUP($A50,[1]分配表!$A:$A,[1]分配表!D:D)) -> 车门系统 | H50: =_xlfn.XLOOKUP(A50,[1]分配表!J:J,[1]分配表!I:I) -> 原开品 | I50: =COUNTIFS([1]月销售数据!L:L,A50,[1]月销售数据!M:M,">=2026-4-1",[1]月销售数据!M:M,"<=2026-4-30") -> 4 | J50: =COUNTIFS([1]月销售数据!L:L,A50,[1]月销售数据!M:M,">=2026-5-1",[1]月销售数据!M:M,"<=2026-5-31") -> 4 | K50: 未出单 | L50: 未出单 | M50: 无市场 | N50: 无市场 | O50: 0 | P50: 0 | Q50: 0 | R50: 0 | S50: 0 | T50: 0 | U50: 0 | V50: =T50+P50 -> 0 | W50: 0 | X50: 市场无出单 | Y50: 0 | Z50: 0 | AA50: 29.88 | AB50: #DIV/0! | AC50: #DIV/0! | AD50: 0 | AE50: 0 | AF50: 21.42 | AG50: #DIV/0! | AH50: #DIV/0! | AI50: 0 | AJ50: 0 | AK50: #DIV/0! | AL50: #DIV/0! | AM50: #DIV/0! | AN50: 0 | AO50: 0 | AP50: #DIV/0! | AQ50: #DIV/0! | AR50: #DIV/0!
A51: 12291 | B51: LYAP-X1872 | C51: =_xlfn.XLOOKUP(A51,[1]分配表!J:J,[1]分配表!L:L) -> 46104 | D51: =IF(_xlfn.XLOOKUP(A51,[1]分配表!J:J,[1]分配表!M:M,"未出单")=0,"未出单",_xlfn.XLOOKUP(A51,[1]分配表!J:J,[1]分配表!M:M,"未出单")) -> 46134 | E51: 张潇 | F51: =_xlfn.XLOOKUP(A51,[1]分配表!A:A,[1]分配表!C:C) -> 张潇 | G51: =IF(_xlfn.XLOOKUP($A51,[1]分配表!$A:$A,[1]分配表!D:D)=0,"未分类",_xlfn.XLOOKUP($A51,[1]分配表!$A:$A,[1]分配表!D:D)) -> 挡泥板 | H51: =_xlfn.XLOOKUP(A51,[1]分配表!J:J,[1]分配表!I:I) -> 原开品 | I51: =COUNTIFS([1]月销售数据!L:L,A51,[1]月销售数据!M:M,">=2026-4-1",[1]月销售数据!M:M,"<=2026-4-30") -> 7 | J51: =COUNTIFS([1]月销售数据!L:L,A51,[1]月销售数据!M:M,">=2026-5-1",[1]月销售数据!M:M,"<=2026-5-31") -> 1 | K51: N | L51: N | M51: 正常 | N51: 正常 | O51: 1 | P51: 5 | Q51: 129 | R51: 645 | S51: 0 | T51: 6 | U51: 1 | V51: =T51+P51 -> 11 | W51: 1 | X51: 0.45454545 | Y51: 1 | Z51: 137.71 | AA51: 41.65 | AB51: 0.30244717 | AC51: 0.32286822 | AD51: 1 | AE51: 129 | AF51: 4.98 | AG51: 0.038604651 | AH51: 0.0077209302 | AI51: 2.75 | AJ51: 137.71 | AK51: 0.019969501 | AL51: 0.021317829 | AM51: 0.34503876 | AN51: 5.33 | AO51: 266.71 | AP51: 0.019984253 | AQ51: 0.0082635659 | AR51: 0.016728682
A52: 12290 | B52: LYAP-X1878 | C52: =_xlfn.XLOOKUP(A52,[1]分配表!J:J,[1]分配表!L:L) -> 46104 | D52: =IF(_xlfn.XLOOKUP(A52,[1]分配表!J:J,[1]分配表!M:M,"未出单")=0,"未出单",_xlfn.XLOOKUP(A52,[1]分配表!J:J,[1]分配表!M:M,"未出单")) -> 46119 | E52: 张潇 | F52: =_xlfn.XLOOKUP(A52,[1]分配表!A:A,[1]分配表!C:C) -> 张潇 | G52: =IF(_xlfn.XLOOKUP($A52,[1]分配表!$A:$A,[1]分配表!D:D)=0,"未分类",_xlfn.XLOOKUP($A52,[1]分配表!$A:$A,[1]分配表!D:D)) -> 挡泥板 | H52: =_xlfn.XLOOKUP(A52,[1]分配表!J:J,[1]分配表!I:I) -> 原开品 | I52: =COUNTIFS([1]月销售数据!L:L,A52,[1]月销售数据!M:M,">=2026-4-1",[1]月销售数据!M:M,"<=2026-4-30") -> 3 | J52: =COUNTIFS([1]月销售数据!L:L,A52,[1]月销售数据!M:M,">=2026-5-1",[1]月销售数据!M:M,"<=2026-5-31") -> 2 | K52: N | L52: N | M52: 竞争无优势 | N52: 竞争无优势 | O52: 4 | P52: 3 | Q52: 472 | R52: 354 | S52: 6 | T52: 8 | U52: 10 | V52: =T52+P52 -> 11 | W52: 0.4 | X52: 0.27272727 | Y52: 0 | Z52: 0 | AA52: 0 | AB52: #DIV/0! | AC52: 0 | AD52: 0 | AE52: 0 | AF52: 0 | AG52: #DIV/0! | AH52: 0 | AI52: 10.22 | AJ52: 510.7 | AK52: 0.020011749 | AL52: 0.021652542 | AM52: 0.027224576 | AN52: 10.04 | AO52: 502.09 | AP52: 0.019996415 | AQ52: 0.028361582 | AR52: 0.034237288
A53: 12391 | B53: LYAP-X2130-1 | C53: =_xlfn.XLOOKUP(A53,[1]分配表!J:J,[1]分配表!L:L) -> 46104 | D53: =IF(_xlfn.XLOOKUP(A53,[1]分配表!J:J,[1]分配表!M:M,"未出单")=0,"未出单",_xlfn.XLOOKUP(A53,[1]分配表!J:J,[1]分配表!M:M,"未出单")) -> 46118 | E53: 张潇 | F53: =_xlfn.XLOOKUP(A53,[1]分配表!A:A,[1]分配表!C:C) -> 张潇 | G53: =IF(_xlfn.XLOOKUP($A53,[1]分配表!$A:$A,[1]分配表!D:D)=0,"未分类",_xlfn.XLOOKUP($A53,[1]分配表!$A:$A,[1]分配表!D:D)) -> 其他 | H53: =_xlfn.XLOOKUP(A53,[1]分配表!J:J,[1]分配表!I:I) -> 原开品 | I53: =COUNTIFS([1]月销售数据!L:L,A53,[1]月销售数据!M:M,">=2026-4-1",[1]月销售数据!M:M,"<=2026-4-30") -> 3 | J53: =COUNTIFS([1]月销售数据!L:L,A53,[1]月销售数据!M:M,">=2026-5-1",[1]月销售数据!M:M,"<=2026-5-31") -> 0 | K53: N | L53: N | M53: 正常 | N53: 站外出单 | O53: 5 | P53: 2 | Q53: 695 | R53: 278 | S53: 0 | T53: 0 | U53: 5 | V53: =T53+P53 -> 2 | W53: 1 | X53: 1 | Y53: 0 | Z53: 0 | AA53: 0 | AB53: #DIV/0! | AC53: 0 | AD53: 0 | AE53: 0 | AF53: 0 | AG53: #DIV/0! | AH53: 0 | AI53: 12.03 | AJ53: 600.77 | AK53: 0.020024302 | AL53: 0.017309353 | AM53: 0.01771223 | AN53: 0 | AO53: 0 | AP53: #DIV/0! | AQ53: 0 | AR53: 0.0027338129
A54: 12398 | B54: LYAP-X2130-2 | C54: =_xlfn.XLOOKUP(A54,[1]分配表!J:J,[1]分配表!L:L) -> 46104 | D54: =IF(_xlfn.XLOOKUP(A54,[1]分配表!J:J,[1]分配表!M:M,"未出单")=0,"未出单",_xlfn.XLOOKUP(A54,[1]分配表!J:J,[1]分配表!M:M,"未出单")) -> 46114 | E54: 张潇 | F54: =_xlfn.XLOOKUP(A54,[1]分配表!A:A,[1]分配表!C:C) -> 张潇 | G54: =IF(_xlfn.XLOOKUP($A54,[1]分配表!$A:$A,[1]分配表!D:D)=0,"未分类",_xlfn.XLOOKUP($A54,[1]分配表!$A:$A,[1]分配表!D:D)) -> 其他 | H54: =_xlfn.XLOOKUP(A54,[1]分配表!J:J,[1]分配表!I:I) -> 拓展品 | I54: =COUNTIFS([1]月销售数据!L:L,A54,[1]月销售数据!M:M,">=2026-4-1",[1]月销售数据!M:M,"<=2026-4-30") -> 2 | J54: =COUNTIFS([1]月销售数据!L:L,A54,[1]月销售数据!M:M,">=2026-5-1",[1]月销售数据!M:M,"<=2026-5-31") -> 0 | K54: N | L54: N | M54: 正常 | N54: 正常 | O54: 8 | P54: 8 | Q54: 392 | R54: 392 | S54: 1 | T54: 0 | U54: 9 | V54: =T54+P54 -> 8 | W54: 0.88888889 | X54: 1 | Y54: 0 | Z54: 0 | AA54: 0 | AB54: #DIV/0! | AC54: 0 | AD54: 0 | AE54: 0 | AF54: 0 | AG54: #DIV/0! | AH54: 0 | AI54: 8.42 | AJ54: 420.57 | AK54: 0.020020448 | AL54: 0.021479592 | AM54: 0.022602041 | AN54: 8.35 | AO54: 417.26 | AP54: 0.020011504 | AQ54: 0.02130102 | AR54: 0.03244898
A55: 12357 | B55: LYAP-X2309 | C55: =_xlfn.XLOOKUP(A55,[1]分配表!J:J,[1]分配表!L:L) -> 46104 | D55: =IF(_xlfn.XLOOKUP(A55,[1]分配表!J:J,[1]分配表!M:M,"未出单")=0,"未出单",_xlfn.XLOOKUP(A55,[1]分配表!J:J,[1]分配表!M:M,"未出单")) -> 46104 | E55: 张潇 | F55: =_xlfn.XLOOKUP(A55,[1]分配表!A:A,[1]分配表!C:C) -> 张潇 | G55: =IF(_xlfn.XLOOKUP($A55,[1]分配表!$A:$A,[1]分配表!D:D)=0,"未分类",_xlfn.XLOOKUP($A55,[1]分配表!$A:$A,[1]分配表!D:D)) -> 其他 | H55: =_xlfn.XLOOKUP(A55,[1]分配表!J:J,[1]分配表!I:I) -> 原开品 | I55: =COUNTIFS([1]月销售数据!L:L,A55,[1]月销售数据!M:M,">=2026-4-1",[1]月销售数据!M:M,"<=2026-4-30") -> 4 | J55: =COUNTIFS([1]月销售数据!L:L,A55,[1]月销售数据!M:M,">=2026-5-1",[1]月销售数据!M:M,"<=2026-5-31") -> 0 | K55: Y | L55: Y | M55: 正常 | N55: 正常 | O55: 6 | P55: 5 | Q55: 589.05 | R55: 495 | S55: 0 | T55: 9 | U55: 6 | V55: =T55+P55 -> 14 | W55: 1 | X55: 0.35714286 | Y55: 0 | Z55: 0 | AA55: 10.49 | AB55: #DIV/0! | AC55: 0.017808335 | AD55: 0 | AE55: 0 | AF55: 0 | AG55: #DIV/0! | AH55: 0 | AI55: 12.7 | AJ55: 635.41 | AK55: 0.019987095 | AL55: 0.021560139 | AM55: 0.04103217 | AN55: 10.68 | AO55: 534.41 | AP55: 0.019984656 | AQ55: 0.021575758 | AR55: 0.030080808
A56: 12423 | B56: LYAP-X2313 | C56: =_xlfn.XLOOKUP(A56,[1]分配表!J:J,[1]分配表!L:L) -> 46104 | D56: =IF(_xlfn.XLOOKUP(A56,[1]分配表!J:J,[1]分配表!M:M,"未出单")=0,"未出单",_xlfn.XLOOKUP(A56,[1]分配表!J:J,[1]分配表!M:M,"未出单")) -> 46108 | E56: 张潇 | F56: =_xlfn.XLOOKUP(A56,[1]分配表!A:A,[1]分配表!C:C) -> 张潇 | G56: =IF(_xlfn.XLOOKUP($A56,[1]分配表!$A:$A,[1]分配表!D:D)=0,"未分类",_xlfn.XLOOKUP($A56,[1]分配表!$A:$A,[1]分配表!D:D)) -> 其他 | H56: =_xlfn.XLOOKUP(A56,[1]分配表!J:J,[1]分配表!I:I) -> 原开品 | I56: =COUNTIFS([1]月销售数据!L:L,A56,[1]月销售数据!M:M,">=2026-4-1",[1]月销售数据!M:M,"<=2026-4-30") -> 4 | J56: =COUNTIFS([1]月销售数据!L:L,A56,[1]月销售数据!M:M,">=2026-5-1",[1]月销售数据!M:M,"<=2026-5-31") -> 0 | K56: Y | L56: Y | M56: 无市场 | N56: 站外出单 | O56: 2 | P56: 1 | Q56: 116 | R56: 58 | S56: 0 | T56: 16 | U56: 2 | V56: =T56+P56 -> 17 | W56: 1 | X56: 0.058823529 | Y56: 0 | Z56: 0 | AA56: 10.9 | AB56: #DIV/0! | AC56: 0.093965517 | AD56: 0 | AE56: 0 | AF56: 0 | AG56: #DIV/0! | AH56: 0 | AI56: 2.48 | AJ56: 124.12 | AK56: 0.019980664 | AL56: 0.02137931 | AM56: 0.11551724 | AN56: 1.26 | AO56: 63.08 | AP56: 0.019974635 | AQ56: 0.021724138 | AR56: 0.026206897
A57: 12387 | B57: LYAP-X2077 | C57: =_xlfn.XLOOKUP(A57,[1]分配表!J:J,[1]分配表!L:L) -> 46105 | D57: =IF(_xlfn.XLOOKUP(A57,[1]分配表!J:J,[1]分配表!M:M,"未出单")=0,"未出单",_xlfn.XLOOKUP(A57,[1]分配表!J:J,[1]分配表!M:M,"未出单")) -> 46125 | E57: 俞东旭 | F57: =_xlfn.XLOOKUP(A57,[1]分配表!A:A,[1]分配表!C:C) -> 俞东旭 | G57: =IF(_xlfn.XLOOKUP($A57,[1]分配表!$A:$A,[1]分配表!D:D)=0,"未分类",_xlfn.XLOOKUP($A57,[1]分配表!$A:$A,[1]分配表!D:D)) -> 车身外扩件 | H57: =_xlfn.XLOOKUP(A57,[1]分配表!J:J,[1]分配表!I:I) -> 原开品 | I57: =COUNTIFS([1]月销售数据!L:L,A57,[1]月销售数据!M:M,">=2026-4-1",[1]月销售数据!M:M,"<=2026-4-30") -> 4 | J57: =COUNTIFS([1]月销售数据!L:L,A57,[1]月销售数据!M:M,">=2026-5-1",[1]月销售数据!M:M,"<=2026-5-31") -> 3 | K57: N | L57: N | M57: 竞争无优势 | N57: 竞争无优势 | O57: 2 | P57: 3 | Q57: 70 | R57: 105 | S57: 11 | T57: 9 | U57: 13 | V57: =T57+P57 -> 12 | W57: 0.15384615 | X57: 0.25 | Y57: 0 | Z57: 0 | AA57: 0.09 | AB57: #DIV/0! | AC57: 0.0012857143 | AD57: 0 | AE57: 0 | AF57: 0 | AG57: #DIV/0! | AH57: 0 | AI57: 0 | AJ57: 0 | AK57: #DIV/0! | AL57: 0 | AM57: 0.016142857 | AN57: 2.8 | AO57: 112.25 | AP57: 0.024944321 | AQ57: 0.026666667 | AR57: 0.03
A58: 12388 | B58: LYAP-X2085 | C58: =_xlfn.XLOOKUP(A58,[1]分配表!J:J,[1]分配表!L:L) -> 46105 | D58: =IF(_xlfn.XLOOKUP(A58,[1]分配表!J:J,[1]分配表!M:M,"未出单")=0,"未出单",_xlfn.XLOOKUP(A58,[1]分配表!J:J,[1]分配表!M:M,"未出单")) -> 46125 | E58: 俞东旭 | F58: =_xlfn.XLOOKUP(A58,[1]分配表!A:A,[1]分配表!C:C) -> 俞东旭 | G58: =IF(_xlfn.XLOOKUP($A58,[1]分配表!$A:$A,[1]分配表!D:D)=0,"未分类",_xlfn.XLOOKUP($A58,[1]分配表!$A:$A,[1]分配表!D:D)) -> 车身外扩件 | H58: =_xlfn.XLOOKUP(A58,[1]分配表!J:J,[1]分配表!I:I) -> 原开品 | I58: =COUNTIFS([1]月销售数据!L:L,A58,[1]月销售数据!M:M,">=2026-4-1",[1]月销售数据!M:M,"<=2026-4-30") -> 4 | J58: =COUNTIFS([1]月销售数据!L:L,A58,[1]月销售数据!M:M,">=2026-5-1",[1]月销售数据!M:M,"<=2026-5-31") -> 3 | K58: N | L58: N | M58: 竞争无优势 | N58: 竞争无优势 | O58: 1 | P58: 0 | Q58: 35 | R58: 0 | S58: 10 | T58: 11 | U58: 11 | V58: =T58+P58 -> 11 | W58: 0.090909091 | X58: 0 | Y58: 0 | Z58: 0 | AA58: 0 | AB58: #DIV/0! | AC58: 0 | AD58: 0 | AE58: 0 | AF58: 0.66 | AG58: #DIV/0! | AH58: #DIV/0! | AI58: 0 | AJ58: 0 | AK58: #DIV/0! | AL58: 0 | AM58: 0.0037142857 | AN58: 0 | AO58: 0 | AP58: #DIV/0! | AQ58: #DIV/0! | AR58: #DIV/0!
A59: 12474 | B59: LYAP-838 | C59: =_xlfn.XLOOKUP(A59,[1]分配表!J:J,[1]分配表!L:L) -> 46108 | D59: =IF(_xlfn.XLOOKUP(A59,[1]分配表!J:J,[1]分配表!M:M,"未出单")=0,"未出单",_xlfn.XLOOKUP(A59,[1]分配表!J:J,[1]分配表!M:M,"未出单")) -> 46116 | E59: 张潇 | F59: =_xlfn.XLOOKUP(A59,[1]分配表!A:A,[1]分配表!C:C) -> 张潇 | G59: =IF(_xlfn.XLOOKUP($A59,[1]分配表!$A:$A,[1]分配表!D:D)=0,"未分类",_xlfn.XLOOKUP($A59,[1]分配表!$A:$A,[1]分配表!D:D)) -> 饰条 | H59: =_xlfn.XLOOKUP(A59,[1]分配表!J:J,[1]分配表!I:I) -> 拓展品 | I59: =COUNTIFS([1]月销售数据!L:L,A59,[1]月销售数据!M:M,">=2026-4-1",[1]月销售数据!M:M,"<=2026-4-30") -> 4 | J59: =COUNTIFS([1]月销售数据!L:L,A59,[1]月销售数据!M:M,">=2026-5-1",[1]月销售数据!M:M,"<=2026-5-31") -> 1 | K59: Y | L59: Y | M59: 正常 | N59: 正常 | O59: 14 | P59: 9 | Q59: 1206.5 | R59: 769.5 | S59: 1 | T59: 0 | U59: 15 | V59: =T59+P59 -> 9 | W59: 0.93333333 | X59: 1 | Y59: 7 | Z59: 652.87 | AA59: 16.08 | AB59: 0.024629712 | AC59: 0.013327808 | AD59: 4 | AE59: 367.86 | AF59: 23.25 | AG59: 0.063203393 | AH59: 0.030214425 | AI59: 18.36 | AJ59: 918.12 | AK59: 0.019997386 | AL59: 0.015217571 | AM59: 0.033253212 | AN59: 5.54 | AO59: 277.12 | AP59: 0.019991339 | AQ59: 0.0071994802 | AR59: 0.05497076
A60: 12429 | B60: LYAP-X1665-2L | C60: =_xlfn.XLOOKUP(A60,[1]分配表!J:J,[1]分配表!L:L) -> 46108 | D60: =IF(_xlfn.XLOOKUP(A60,[1]分配表!J:J,[1]分配表!M:M,"未出单")=0,"未出单",_xlfn.XLOOKUP(A60,[1]分配表!J:J,[1]分配表!M:M,"未出单")) -> 46111 | E60: 俞东旭 | F60: =_xlfn.XLOOKUP(A60,[1]分配表!A:A,[1]分配表!C:C) -> 俞东旭 | G60: =IF(_xlfn.XLOOKUP($A60,[1]分配表!$A:$A,[1]分配表!D:D)=0,"未分类",_xlfn.XLOOKUP($A60,[1]分配表!$A:$A,[1]分配表!D:D)) -> 车门系统 | H60: =_xlfn.XLOOKUP(A60,[1]分配表!J:J,[1]分配表!I:I) -> 拓展品 | I60: =COUNTIFS([1]月销售数据!L:L,A60,[1]月销售数据!M:M,">=2026-4-1",[1]月销售数据!M:M,"<=2026-4-30") -> 3 | J60: =COUNTIFS([1]月销售数据!L:L,A60,[1]月销售数据!M:M,">=2026-5-1",[1]月销售数据!M:M,"<=2026-5-31") -> 1 | K60: Y | L60: Y | M60: 站外出单 | N60: 正常 | O60: 0 | P60: 3 | Q60: 0 | R60: 765 | S60: 0 | T60: 0 | U60: 0 | V60: =T60+P60 -> 3 | W60: 0 | X60: 1 | Y60: 0 | Z60: 0 | AA60: 0 | AB60: #DIV/0! | AC60: #DIV/0! | AD60: 0 | AE60: 0 | AF60: 0 | AG60: #DIV/0! | AH60: 0 | AI60: 0 | AJ60: 0 | AK60: #DIV/0! | AL60: #DIV/0! | AM60: #DIV/0! | AN60: 0 | AO60: 0 | AP60: #DIV/0! | AQ60: 0 | AR60: 0.007751634
A61: 12424 | B61: LYAP-X1665-2R | C61: =_xlfn.XLOOKUP(A61,[1]分配表!J:J,[1]分配表!L:L) -> 46108 | D61: =IF(_xlfn.XLOOKUP(A61,[1]分配表!J:J,[1]分配表!M:M,"未出单")=0,"未出单",_xlfn.XLOOKUP(A61,[1]分配表!J:J,[1]分配表!M:M,"未出单")) -> 46176 | E61: 俞东旭 | F61: =_xlfn.XLOOKUP(A61,[1]分配表!A:A,[1]分配表!C:C) -> 俞东旭 | G61: =IF(_xlfn.XLOOKUP($A61,[1]分配表!$A:$A,[1]分配表!D:D)=0,"未分类",_xlfn.XLOOKUP($A61,[1]分配表!$A:$A,[1]分配表!D:D)) -> 车门系统 | H61: =_xlfn.XLOOKUP(A61,[1]分配表!J:J,[1]分配表!I:I) -> 拓展品 | I61: =COUNTIFS([1]月销售数据!L:L,A61,[1]月销售数据!M:M,">=2026-4-1",[1]月销售数据!M:M,"<=2026-4-30") -> 5 | J61: =COUNTIFS([1]月销售数据!L:L,A61,[1]月销售数据!M:M,">=2026-5-1",[1]月销售数据!M:M,"<=2026-5-31") -> 4 | K61: 未出单 | L61: 未出单 | M61: 无市场 | N61: 无市场 | O61: 0 | P61: 0 | Q61: 0 | R61: 0 | S61: 0 | T61: 0 | U61: 0 | V61: =T61+P61 -> 0 | W61: 0 | X61: 市场无出单 | Y61: 0 | Z61: 0 | AA61: 12.29 | AB61: #DIV/0! | AC61: #DIV/0! | AD61: 0 | AE61: 0 | AF61: 50.73 | AG61: #DIV/0! | AH61: #DIV/0! | AI61: 0 | AJ61: 0 | AK61: #DIV/0! | AL61: #DIV/0! | AM61: #DIV/0! | AN61: 0 | AO61: 0 | AP61: #DIV/0! | AQ61: #DIV/0! | AR61: #DIV/0!
A62: 12386 | B62: LYAP-X1788-BN | C62: =_xlfn.XLOOKUP(A62,[1]分配表!J:J,[1]分配表!L:L) -> 46108 | D62: =IF(_xlfn.XLOOKUP(A62,[1]分配表!J:J,[1]分配表!M:M,"未出单")=0,"未出单",_xlfn.XLOOKUP(A62,[1]分配表!J:J,[1]分配表!M:M,"未出单")) -> 46123 | E62: 俞东旭 | F62: =_xlfn.XLOOKUP(A62,[1]分配表!A:A,[1]分配表!C:C) -> 俞东旭 | G62: =IF(_xlfn.XLOOKUP($A62,[1]分配表!$A:$A,[1]分配表!D:D)=0,"未分类",_xlfn.XLOOKUP($A62,[1]分配表!$A:$A,[1]分配表!D:D)) -> 车门系统 | H62: =_xlfn.XLOOKUP(A62,[1]分配表!J:J,[1]分配表!I:I) -> 拓展品 | I62: =COUNTIFS([1]月销售数据!L:L,A62,[1]月销售数据!M:M,">=2026-4-1",[1]月销售数据!M:M,"<=2026-4-30") -> 4 | J62: =COUNTIFS([1]月销售数据!L:L,A62,[1]月销售数据!M:M,">=2026-5-1",[1]月销售数据!M:M,"<=2026-5-31") -> 3 | K62: N | L62: N | M62: 竞争无优势 | N62: 竞争无优势 | O62: 1 | P62: 5 | Q62: 30.59 | R62: 152.35 | S62: 25 | T62: 21 | U62: 26 | V62: =T62+P62 -> 26 | W62: 0.038461538 | X62: 0.19230769 | Y62: 0 | Z62: 0 | AA62: 0 | AB62: #DIV/0! | AC62: 0 | AD62: 0 | AE62: 0 | AF62: 0 | AG62: #DIV/0! | AH62: 0 | AI62: 0.66 | AJ62: 33.05 | AK62: 0.019969743 | AL62: 0.021575678 | AM62: 0.021575678 | AN62: 5.1 | AO62: 164.71 | AP62: 0.030963512 | AQ62: 0.03347555 | AR62: 0.03386938
A63: 12426 | B63: LYAP-X2215 | C63: =_xlfn.XLOOKUP(A63,[1]分配表!J:J,[1]分配表!L:L) -> 46108 | D63: =IF(_xlfn.XLOOKUP(A63,[1]分配表!J:J,[1]分配表!M:M,"未出单")=0,"未出单",_xlfn.XLOOKUP(A63,[1]分配表!J:J,[1]分配表!M:M,"未出单")) -> 46115 | E63: 胡煜星 | F63: =_xlfn.XLOOKUP(A63,[1]分配表!A:A,[1]分配表!C:C) -> 胡煜星 | G63: =IF(_xlfn.XLOOKUP($A63,[1]分配表!$A:$A,[1]分配表!D:D)=0,"未分类",_xlfn.XLOOKUP($A63,[1]分配表!$A:$A,[1]分配表!D:D)) -> 车门系统 | H63: =_xlfn.XLOOKUP(A63,[1]分配表!J:J,[1]分配表!I:I) -> 原开品 | I63: =COUNTIFS([1]月销售数据!L:L,A63,[1]月销售数据!M:M,">=2026-4-1",[1]月销售数据!M:M,"<=2026-4-30") -> 2 | J63: =COUNTIFS([1]月销售数据!L:L,A63,[1]月销售数据!M:M,">=2026-5-1",[1]月销售数据!M:M,"<=2026-5-31") -> 1 | K63: Y | L63: Y | M63: 正常 | N63: 正常 | O63: 16 | P63: 24 | Q63: 1033.5 | R63: 1560 | S63: 0 | T63: 0 | U63: 16 | V63: =T63+P63 -> 24 | W63: 1 | X63: 1 | Y63: 0 | Z63: 0 | AA63: 0 | AB63: #DIV/0! | AC63: 0 | AD63: 0 | AE63: 0 | AF63: 0 | AG63: #DIV/0! | AH63: 0 | AI63: 22.12 | AJ63: 1106.16 | AK63: 0.019997107 | AL63: 0.021403 | AM63: 0.023560716 | AN63: 33.29 | AO63: 1663.78 | AP63: 0.020008655 | AQ63: 0.021339744 | AR63: 0.022384615
A64: 12483 | B64: LYAP-X2310 | C64: =_xlfn.XLOOKUP(A64,[1]分配表!J:J,[1]分配表!L:L) -> 46108 | D64: =IF(_xlfn.XLOOKUP(A64,[1]分配表!J:J,[1]分配表!M:M,"未出单")=0,"未出单",_xlfn.XLOOKUP(A64,[1]分配表!J:J,[1]分配表!M:M,"未出单")) -> 46111 | E64: 胡煜星 | F64: =_xlfn.XLOOKUP(A64,[1]分配表!A:A,[1]分配表!C:C) -> 胡煜星 | G64: =IF(_xlfn.XLOOKUP($A64,[1]分配表!$A:$A,[1]分配表!D:D)=0,"未分类",_xlfn.XLOOKUP($A64,[1]分配表!$A:$A,[1]分配表!D:D)) -> 其他 | H64: =_xlfn.XLOOKUP(A64,[1]分配表!J:J,[1]分配表!I:I) -> 原开品 | I64: =COUNTIFS([1]月销售数据!L:L,A64,[1]月销售数据!M:M,">=2026-4-1",[1]月销售数据!M:M,"<=2026-4-30") -> 2 | J64: =COUNTIFS([1]月销售数据!L:L,A64,[1]月销售数据!M:M,">=2026-5-1",[1]月销售数据!M:M,"<=2026-5-31") -> 2 | K64: Y | L64: Y | M64: 正常 | N64: 正常 | O64: 9 | P64: 6 | Q64: 1076.4 | R64: 725.4 | S64: 0 | T64: 0 | U64: 9 | V64: =T64+P64 -> 6 | W64: 1 | X64: 1 | Y64: 0 | Z64: 0 | AA64: 0 | AB64: #DIV/0! | AC64: 0 | AD64: 1 | AE64: 126.65 | AF64: 6.67 | AG64: 0.052664824 | AH64: 0.0091949269 | AI64: 25.49 | AJ64: 1275.3 | AK64: 0.019987454 | AL64: 0.023680788 | AM64: 0.025037161 | AN64: 5.31 | AO64: 265.91 | AP64: 0.019969162 | AQ64: 0.0073200993 | AR64: 0.023132065
A65: 12484 | B65: LYAP-X2317 | C65: =_xlfn.XLOOKUP(A65,[1]分配表!J:J,[1]分配表!L:L) -> 46108 | D65: =IF(_xlfn.XLOOKUP(A65,[1]分配表!J:J,[1]分配表!M:M,"未出单")=0,"未出单",_xlfn.XLOOKUP(A65,[1]分配表!J:J,[1]分配表!M:M,"未出单")) -> 46111 | E65: 胡煜星 | F65: =_xlfn.XLOOKUP(A65,[1]分配表!A:A,[1]分配表!C:C) -> 胡煜星 | G65: =IF(_xlfn.XLOOKUP($A65,[1]分配表!$A:$A,[1]分配表!D:D)=0,"未分类",_xlfn.XLOOKUP($A65,[1]分配表!$A:$A,[1]分配表!D:D)) -> 其他 | H65: =_xlfn.XLOOKUP(A65,[1]分配表!J:J,[1]分配表!I:I) -> 原开品 | I65: =COUNTIFS([1]月销售数据!L:L,A65,[1]月销售数据!M:M,">=2026-4-1",[1]月销售数据!M:M,"<=2026-4-30") -> 3 | J65: =COUNTIFS([1]月销售数据!L:L,A65,[1]月销售数据!M:M,">=2026-5-1",[1]月销售数据!M:M,"<=2026-5-31") -> 2 | K65: Y | L65: Y | M65: 正常 | N65: 正常 | O65: 11 | P65: 11 | Q65: 1210.5 | R65: 1272.2 | S65: 1 | T65: 5 | U65: 12 | V65: =T65+P65 -> 16 | W65: 0.91666667 | X65: 0.6875 | Y65: 0 | Z65: 0 | AA65: 0 | AB65: #DIV/0! | AC65: 0 | AD65: 2 | AE65: 235.29 | AF65: 13.7 | AG65: 0.058226019 | AH65: 0.010768747 | AI65: 23.61 | AJ65: 1181.37 | AK65: 0.019985271 | AL65: 0.019504337 | AM65: 0.027699298 | AN65: 10.04 | AO65: 501.82 | AP65: 0.020007174 | AQ65: 0.0078918409 | AR65: 0.02520044
A66: 12414 | B66: LYAP-X1665-1L | C66: =_xlfn.XLOOKUP(A66,[1]分配表!J:J,[1]分配表!L:L) -> 46108 | D66: =IF(_xlfn.XLOOKUP(A66,[1]分配表!J:J,[1]分配表!M:M,"未出单")=0,"未出单",_xlfn.XLOOKUP(A66,[1]分配表!J:J,[1]分配表!M:M,"未出单")) -> 46156 | E66: 俞东旭 | F66: =_xlfn.XLOOKUP(A66,[1]分配表!A:A,[1]分配表!C:C) -> 俞东旭 | G66: =IF(_xlfn.XLOOKUP($A66,[1]分配表!$A:$A,[1]分配表!D:D)=0,"未分类",_xlfn.XLOOKUP($A66,[1]分配表!$A:$A,[1]分配表!D:D)) -> 车门系统 | H66: =_xlfn.XLOOKUP(A66,[1]分配表!J:J,[1]分配表!I:I) -> 拓展品 | I66: =COUNTIFS([1]月销售数据!L:L,A66,[1]月销售数据!M:M,">=2026-4-1",[1]月销售数据!M:M,"<=2026-4-30") -> 6 | J66: =COUNTIFS([1]月销售数据!L:L,A66,[1]月销售数据!M:M,">=2026-5-1",[1]月销售数据!M:M,"<=2026-5-31") -> 3 | K66: 未出单 | L66: N | M66: 无市场 | N66: 无市场 | O66: 0 | P66: 1 | Q66: 0 | R66: 250 | S66: 0 | T66: 0 | U66: 0 | V66: =T66+P66 -> 1 | W66: 0 | X66: 1 | Y66: 0 | Z66: 0 | AA66: 4.1 | AB66: #DIV/0! | AC66: #DIV/0! | AD66: 0 | AE66: 0 | AF66: 10.75 | AG66: #DIV/0! | AH66: 0.043 | AI66: 0 | AJ66: 0 | AK66: #DIV/0! | AL66: #DIV/0! | AM66: #DIV/0! | AN66: 5.42 | AO66: 270.75 | AP66: 0.020018467 | AQ66: 0.02168 | AR66: 0.06744
A67: 12422 | B67: LYAP-X1665-1R | C67: =_xlfn.XLOOKUP(A67,[1]分配表!J:J,[1]分配表!L:L) -> 46108 | D67: =IF(_xlfn.XLOOKUP(A67,[1]分配表!J:J,[1]分配表!M:M,"未出单")=0,"未出单",_xlfn.XLOOKUP(A67,[1]分配表!J:J,[1]分配表!M:M,"未出单")) -> 46141 | E67: 俞东旭 | F67: =_xlfn.XLOOKUP(A67,[1]分配表!A:A,[1]分配表!C:C) -> 俞东旭 | G67: =IF(_xlfn.XLOOKUP($A67,[1]分配表!$A:$A,[1]分配表!D:D)=0,"未分类",_xlfn.XLOOKUP($A67,[1]分配表!$A:$A,[1]分配表!D:D)) -> 车门系统 | H67: =_xlfn.XLOOKUP(A67,[1]分配表!J:J,[1]分配表!I:I) -> 拓展品 | I67: =COUNTIFS([1]月销售数据!L:L,A67,[1]月销售数据!M:M,">=2026-4-1",[1]月销售数据!M:M,"<=2026-4-30") -> 6 | J67: =COUNTIFS([1]月销售数据!L:L,A67,[1]月销售数据!M:M,">=2026-5-1",[1]月销售数据!M:M,"<=2026-5-31") -> 3 | K67: N | L67: N | M67: 无市场 | N67: 无市场 | O67: 1 | P67: 0 | Q67: 250 | R67: 0 | S67: 0 | T67: 0 | U67: 1 | V67: =T67+P67 -> 0 | W67: 1 | X67: 市场无出单 | Y67: 0 | Z67: 0 | AA67: 5.66 | AB67: #DIV/0! | AC67: 0.02264 | AD67: 0 | AE67: 0 | AF67: 3.29 | AG67: #DIV/0! | AH67: #DIV/0! | AI67: 0 | AJ67: 0 | AK67: #DIV/0! | AL67: 0 | AM67: 0.02264 | AN67: 0 | AO67: 0 | AP67: #DIV/0! | AQ67: #DIV/0! | AR67: #DIV/0!
A68: 12213 | B68: LYAP-X1929 | C68: =_xlfn.XLOOKUP(A68,[1]分配表!J:J,[1]分配表!L:L) -> 46108 | D68: =IF(_xlfn.XLOOKUP(A68,[1]分配表!J:J,[1]分配表!M:M,"未出单")=0,"未出单",_xlfn.XLOOKUP(A68,[1]分配表!J:J,[1]分配表!M:M,"未出单")) -> 46114 | E68: 张潇 | F68: =_xlfn.XLOOKUP(A68,[1]分配表!A:A,[1]分配表!C:C) -> 张潇 | G68: =IF(_xlfn.XLOOKUP($A68,[1]分配表!$A:$A,[1]分配表!D:D)=0,"未分类",_xlfn.XLOOKUP($A68,[1]分配表!$A:$A,[1]分配表!D:D)) -> 机盖及附件 | H68: =_xlfn.XLOOKUP(A68,[1]分配表!J:J,[1]分配表!I:I) -> 原开品 | I68: =COUNTIFS([1]月销售数据!L:L,A68,[1]月销售数据!M:M,">=2026-4-1",[1]月销售数据!M:M,"<=2026-4-30") -> 4 | J68: =COUNTIFS([1]月销售数据!L:L,A68,[1]月销售数据!M:M,">=2026-5-1",[1]月销售数据!M:M,"<=2026-5-31") -> 1 | K68: Y | L68: Y | M68: 竞争无优势 | N68: 竞争无优势 | O68: 73 | P68: 46 | Q68: 2555 | R68: 1610 | S68: 41 | T68: 19 | U68: 114 | V68: =T68+P68 -> 65 | W68: 0.64035088 | X68: 0.70769231 | Y68: 38 | Z68: 1439.4 | AA68: 47.59 | AB68: 0.033062387 | AC68: 0.018626223 | AD68: 20 | AE68: 761.31 | AF68: 54.77 | AG68: 0.071941785 | AH68: 0.034018634 | AI68: 43.18 | AJ68: 2156.66 | AK68: 0.0200217 | AL68: 0.016900196 | AM68: 0.0382818 | AN68: 19.65 | AO68: 983.05 | AP68: 0.01998881 | AQ68: 0.012204969 | AR68: 0.048546584
A69: 12461 | B69: LYAM-X2428-BK | C69: =_xlfn.XLOOKUP(A69,[1]分配表!J:J,[1]分配表!L:L) -> 46119 | D69: =IF(_xlfn.XLOOKUP(A69,[1]分配表!J:J,[1]分配表!M:M,"未出单")=0,"未出单",_xlfn.XLOOKUP(A69,[1]分配表!J:J,[1]分配表!M:M,"未出单")) -> 46124 | E69: 俞东旭 | F69: =_xlfn.XLOOKUP(A69,[1]分配表!A:A,[1]分配表!C:C) -> 俞东旭 | G69: =IF(_xlfn.XLOOKUP($A69,[1]分配表!$A:$A,[1]分配表!D:D)=0,"未分类",_xlfn.XLOOKUP($A69,[1]分配表!$A:$A,[1]分配表!D:D)) -> 车身外扩件 | H69: =_xlfn.XLOOKUP(A69,[1]分配表!J:J,[1]分配表!I:I) -> 拓展品 | I69: =COUNTIFS([1]月销售数据!L:L,A69,[1]月销售数据!M:M,">=2026-4-1",[1]月销售数据!M:M,"<=2026-4-30") -> 2 | J69: =COUNTIFS([1]月销售数据!L:L,A69,[1]月销售数据!M:M,">=2026-5-1",[1]月销售数据!M:M,"<=2026-5-31") -> 3 | K69: Y | L69: Y | M69: 竞争无优势 | N69: 竞争无优势 | O69: 9 | P69: 11 | Q69: 1071 | R69: 1309 | S69: 12 | T69: 4 | V69: =T69+P69 -> 15 | W69: 0.42857143 | X69: 0.73333333 | Y69: 0 | Z69: 0 | AA69: 0 | AB69: #DIV/0! | AC69: 0 | AD69: 0 | AE69: 0 | AF69: 0 | AG69: #DIV/0! | AH69: 0 | AI69: 23.03 | AJ69: 1151.1 | AK69: 0.02000695 | AL69: 0.021503268 | AM69: 0.023641457 | AN69: 27.88 | AO69: 1393.86 | AP69: 0.020002009 | AQ69: 0.021298701 | AR69: 0.025599694
A70: 12489 | B70: LYAP-X2504 | C70: =_xlfn.XLOOKUP(A70,[1]分配表!J:J,[1]分配表!L:L) -> 46122 | D70: =IF(_xlfn.XLOOKUP(A70,[1]分配表!J:J,[1]分配表!M:M,"未出单")=0,"未出单",_xlfn.XLOOKUP(A70,[1]分配表!J:J,[1]分配表!M:M,"未出单")) -> 46126 | E70: 俞东旭 | F70: =_xlfn.XLOOKUP(A70,[1]分配表!A:A,[1]分配表!C:C) -> 俞东旭 | G70: =IF(_xlfn.XLOOKUP($A70,[1]分配表!$A:$A,[1]分配表!D:D)=0,"未分类",_xlfn.XLOOKUP($A70,[1]分配表!$A:$A,[1]分配表!D:D)) -> 挡泥板 | H70: =_xlfn.XLOOKUP(A70,[1]分配表!J:J,[1]分配表!I:I) -> 原开品 | I70: =COUNTIFS([1]月销售数据!L:L,A70,[1]月销售数据!M:M,">=2026-4-1",[1]月销售数据!M:M,"<=2026-4-30") -> 2 | J70: =COUNTIFS([1]月销售数据!L:L,A70,[1]月销售数据!M:M,">=2026-5-1",[1]月销售数据!M:M,"<=2026-5-31") -> 3 | K70: Y | L70: Y | M70: 竞争无优势 | N70: 竞争无优势 | O70: 10 | P70: 20 | Q70: 450 | R70: 900 | S70: 12 | T70: 16 | V70: =T70+P70 -> 36 | W70: 0.45454545 | X70: 0.55555556 | Y70: 0 | Z70: 0 | AA70: 0 | AB70: #DIV/0! | AC70: 0 | AD70: 0 | AE70: 0 | AF70: 0 | AG70: #DIV/0! | AH70: 0 | AI70: 7.68 | AJ70: 383.8 | AK70: 0.020010422 | AL70: 0.017066667 | AM70: 0.019377778 | AN70: 19.25 | AO70: 962.53 | AP70: 0.019999377 | AQ70: 0.021388889 | AR70: 0.0258
A71: 12480 | B71: LYAM-X2804 | C71: =_xlfn.XLOOKUP(A71,[1]分配表!J:J,[1]分配表!L:L) -> 46135 | D71: =IF(_xlfn.XLOOKUP(A71,[1]分配表!J:J,[1]分配表!M:M,"未出单")=0,"未出单",_xlfn.XLOOKUP(A71,[1]分配表!J:J,[1]分配表!M:M,"未出单")) -> 46139 | E71: 张潇 | F71: =_xlfn.XLOOKUP(A71,[1]分配表!A:A,[1]分配表!C:C) -> 张潇 | G71: =IF(_xlfn.XLOOKUP($A71,[1]分配表!$A:$A,[1]分配表!D:D)=0,"未分类",_xlfn.XLOOKUP($A71,[1]分配表!$A:$A,[1]分配表!D:D)) -> 牌照板支架 | H71: =_xlfn.XLOOKUP(A71,[1]分配表!J:J,[1]分配表!I:I) -> 原开品 | I71: =COUNTIFS([1]月销售数据!L:L,A71,[1]月销售数据!M:M,">=2026-4-1",[1]月销售数据!M:M,"<=2026-4-30") -> 3 | J71: =COUNTIFS([1]月销售数据!L:L,A71,[1]月销售数据!M:M,">=2026-5-1",[1]月销售数据!M:M,"<=2026-5-31") -> 2 | K71: Y | L71: Y | M71: 正常 | N71: 竞争无优势 | O71: 1 | P71: 1 | Q71: 45 | R71: 45 | S71: 0 | T71: 8 | V71: =T71+P71 -> 9 | W71: 1 | X71: 0.11111111 | Y71: 1 | Z71: 48.15 | AA71: 2.44 | AB71: 0.050674974 | AC71: 0.054222222 | AD71: 1 | AE71: 48.71 | AF71: 5.04 | AG71: 0.10346951 | AH71: 0.112 | AI71: 0 | AJ71: 0 | AK71: #DIV/0! | AL71: 0 | AM71: 0.054222222 | AN71: 0.97 | AO71: 48.71 | AP71: 0.019913775 | AQ71: 0.021555556 | AR71: 0.13355556
A72: 12558 | B72: LYAP-X1963 | C72: =_xlfn.XLOOKUP(A72,[1]分配表!J:J,[1]分配表!L:L) -> 46135 | D72: =IF(_xlfn.XLOOKUP(A72,[1]分配表!J:J,[1]分配表!M:M,"未出单")=0,"未出单",_xlfn.XLOOKUP(A72,[1]分配表!J:J,[1]分配表!M:M,"未出单")) -> 46155 | E72: 朱培源 | F72: =_xlfn.XLOOKUP(A72,[1]分配表!A:A,[1]分配表!C:C) -> 朱培源 | G72: =IF(_xlfn.XLOOKUP($A72,[1]分配表!$A:$A,[1]分配表!D:D)=0,"未分类",_xlfn.XLOOKUP($A72,[1]分配表!$A:$A,[1]分配表!D:D)) -> 挡泥板 | H72: =_xlfn.XLOOKUP(A72,[1]分配表!J:J,[1]分配表!I:I) -> 原开品 | I72: =COUNTIFS([1]月销售数据!L:L,A72,[1]月销售数据!M:M,">=2026-4-1",[1]月销售数据!M:M,"<=2026-4-30") -> 1 | J72: =COUNTIFS([1]月销售数据!L:L,A72,[1]月销售数据!M:M,">=2026-5-1",[1]月销售数据!M:M,"<=2026-5-31") -> 2 | K72: 未出单 | L72: N | M72: 无市场 | N72: 正常 | O72: 0 | P72: 4 | Q72: 0 | R72: 340 | S72: 0 | T72: 27 | V72: =T72+P72 -> 31 | W72: 0 | X72: 0.12903226 | Y72: 0 | Z72: 0 | AA72: 0 | AB72: #DIV/0! | AC72: #DIV/0! | AD72: 1 | AE72: 90.95 | AF72: 13.26 | AG72: 0.14579439 | AH72: 0.039 | AI72: 0 | AJ72: 0 | AK72: #DIV/0! | AL72: #DIV/0! | AM72: #DIV/0! | AN72: 0 | AO72: 0 | AP72: #DIV/0! | AQ72: 0 | AR72: 0.043264706
A73: 12473 | B73: LYAM-X2818 | C73: =_xlfn.XLOOKUP(A73,[1]分配表!J:J,[1]分配表!L:L) -> 46135 | D73: =IF(_xlfn.XLOOKUP(A73,[1]分配表!J:J,[1]分配表!M:M,"未出单")=0,"未出单",_xlfn.XLOOKUP(A73,[1]分配表!J:J,[1]分配表!M:M,"未出单")) -> 46154 | E73: 张潇 | F73: =_xlfn.XLOOKUP(A73,[1]分配表!A:A,[1]分配表!C:C) -> 张潇 | G73: =IF(_xlfn.XLOOKUP($A73,[1]分配表!$A:$A,[1]分配表!D:D)=0,"未分类",_xlfn.XLOOKUP($A73,[1]分配表!$A:$A,[1]分配表!D:D)) -> 机盖及附件 | H73: =_xlfn.XLOOKUP(A73,[1]分配表!J:J,[1]分配表!I:I) -> 原开品 | I73: =COUNTIFS([1]月销售数据!L:L,A73,[1]月销售数据!M:M,">=2026-4-1",[1]月销售数据!M:M,"<=2026-4-30") -> 3 | J73: =COUNTIFS([1]月销售数据!L:L,A73,[1]月销售数据!M:M,">=2026-5-1",[1]月销售数据!M:M,"<=2026-5-31") -> 2 | K73: 未出单 | L73: N | M73: 无市场 | N73: 正常 | O73: 0 | P73: 14 | Q73: 0 | R73: 1388.6 | S73: 0 | T73: 3 | V73: =T73+P73 -> 17 | W73: 0 | X73: 0.82352941 | Y73: 0 | Z73: 0 | AA73: 0 | AB73: #DIV/0! | AC73: #DIV/0! | AD73: 0 | AE73: 0 | AF73: 0 | AG73: #DIV/0! | AH73: 0 | AI73: 0 | AJ73: 0 | AK73: #DIV/0! | AL73: #DIV/0! | AM73: #DIV/0! | AN73: 29.54 | AO73: 1478.02 | AP73: 0.019986198 | AQ73: 0.021273225 | AR73: 0.021460464
A74: 12464 | B74: LYAM-X2428-C | C74: =_xlfn.XLOOKUP(A74,[1]分配表!J:J,[1]分配表!L:L) -> 46135 | D74: =IF(_xlfn.XLOOKUP(A74,[1]分配表!J:J,[1]分配表!M:M,"未出单")=0,"未出单",_xlfn.XLOOKUP(A74,[1]分配表!J:J,[1]分配表!M:M,"未出单")) -> 46135 | E74: 俞东旭 | F74: =_xlfn.XLOOKUP(A74,[1]分配表!A:A,[1]分配表!C:C) -> 俞东旭 | G74: =IF(_xlfn.XLOOKUP($A74,[1]分配表!$A:$A,[1]分配表!D:D)=0,"未分类",_xlfn.XLOOKUP($A74,[1]分配表!$A:$A,[1]分配表!D:D)) -> 车身外扩件 | H74: =_xlfn.XLOOKUP(A74,[1]分配表!J:J,[1]分配表!I:I) -> 原开品 | I74: =COUNTIFS([1]月销售数据!L:L,A74,[1]月销售数据!M:M,">=2026-4-1",[1]月销售数据!M:M,"<=2026-4-30") -> 2 | J74: =COUNTIFS([1]月销售数据!L:L,A74,[1]月销售数据!M:M,">=2026-5-1",[1]月销售数据!M:M,"<=2026-5-31") -> 2 | K74: Y | L74: Y | M74: 正常 | N74: 竞争无优势 | O74: 5 | P74: 5 | Q74: 625 | R74: 625 | S74: 1 | T74: 3 | V74: =T74+P74 -> 8 | W74: 0.83333333 | X74: 0.625 | Y74: 3 | Z74: 400.62 | AA74: 62.29 | AB74: 0.155484 | AC74: 0.099664 | AD74: 3 | AE74: 402.97 | AF74: 117.21 | AG74: 0.29086532 | AH74: 0.187536 | AI74: 8.01 | AJ74: 400.31 | AK74: 0.020009493 | AL74: 0.012816 | AM74: 0.11248 | AN74: 8.04 | AO74: 402.03 | AP74: 0.019998508 | AQ74: 0.012864 | AR74: 0.205984
A75: 12540 | B75: LYAP-X2307 | C75: =_xlfn.XLOOKUP(A75,[1]分配表!J:J,[1]分配表!L:L) -> 46135 | D75: =IF(_xlfn.XLOOKUP(A75,[1]分配表!J:J,[1]分配表!M:M,"未出单")=0,"未出单",_xlfn.XLOOKUP(A75,[1]分配表!J:J,[1]分配表!M:M,"未出单")) -> 46157 | E75: 胡煜星 | F75: =_xlfn.XLOOKUP(A75,[1]分配表!A:A,[1]分配表!C:C) -> 胡煜星 | G75: =IF(_xlfn.XLOOKUP($A75,[1]分配表!$A:$A,[1]分配表!D:D)=0,"未分类",_xlfn.XLOOKUP($A75,[1]分配表!$A:$A,[1]分配表!D:D)) -> 其他 | H75: =_xlfn.XLOOKUP(A75,[1]分配表!J:J,[1]分配表!I:I) -> 原开品 | I75: =COUNTIFS([1]月销售数据!L:L,A75,[1]月销售数据!M:M,">=2026-4-1",[1]月销售数据!M:M,"<=2026-4-30") -> 1 | J75: =COUNTIFS([1]月销售数据!L:L,A75,[1]月销售数据!M:M,">=2026-5-1",[1]月销售数据!M:M,"<=2026-5-31") -> 5 | K75: 未出单 | L75: N | M75: 无市场 | N75: 站外出单 | O75: 0 | P75: 4 | Q75: 0 | R75: 252 | S75: 0 | T75: 0 | V75: =T75+P75 -> 4 | W75: 0 | X75: 1 | Y75: 0 | Z75: 0 | AA75: 0 | AB75: #DIV/0! | AC75: #DIV/0! | AD75: 0 | AE75: 0 | AF75: 4.66 | AG75: #DIV/0! | AH75: 0.018492063 | AI75: 0 | AJ75: 0 | AK75: #DIV/0! | AL75: #DIV/0! | AM75: #DIV/0! | AN75: 1.54 | AO75: 77.04 | AP75: 0.019989616 | AQ75: 0.0061111111 | AR75: 0.02718254
A76: 12541 | B76: LYAP-X2314 | C76: =_xlfn.XLOOKUP(A76,[1]分配表!J:J,[1]分配表!L:L) -> 46135 | D76: =IF(_xlfn.XLOOKUP(A76,[1]分配表!J:J,[1]分配表!M:M,"未出单")=0,"未出单",_xlfn.XLOOKUP(A76,[1]分配表!J:J,[1]分配表!M:M,"未出单")) -> 46140 | E76: 胡煜星 | F76: =_xlfn.XLOOKUP(A76,[1]分配表!A:A,[1]分配表!C:C) -> 胡煜星 | G76: =IF(_xlfn.XLOOKUP($A76,[1]分配表!$A:$A,[1]分配表!D:D)=0,"未分类",_xlfn.XLOOKUP($A76,[1]分配表!$A:$A,[1]分配表!D:D)) -> 其他 | H76: =_xlfn.XLOOKUP(A76,[1]分配表!J:J,[1]分配表!I:I) -> 原开品 | I76: =COUNTIFS([1]月销售数据!L:L,A76,[1]月销售数据!M:M,">=2026-4-1",[1]月销售数据!M:M,"<=2026-4-30") -> 1 | J76: =COUNTIFS([1]月销售数据!L:L,A76,[1]月销售数据!M:M,">=2026-5-1",[1]月销售数据!M:M,"<=2026-5-31") -> 3 | K76: Y | L76: Y | M76: 竞争无优势 | N76: 正常 | O76: 1 | P76: 7 | Q76: 150 | R76: 1050 | S76: 0 | T76: 6 | V76: =T76+P76 -> 13 | W76: 1 | X76: 0.53846154 | Y76: 0 | Z76: 0 | AA76: 4.82 | AB76: #DIV/0! | AC76: 0.032133333 | AD76: 1 | AE76: 159 | AF76: 17.58 | AG76: 0.11056604 | AH76: 0.016742857 | AI76: 3.26 | AJ76: 163.13 | AK76: 0.019984062 | AL76: 0.021733333 | AM76: 0.055533333 | AN76: 16 | AO76: 799.88 | AP76: 0.020003 | AQ76: 0.015238095 | AR76: 0.036228571
A77: 12542 | B77: LYAP-X2319 | C77: =_xlfn.XLOOKUP(A77,[1]分配表!J:J,[1]分配表!L:L) -> 46135 | D77: =IF(_xlfn.XLOOKUP(A77,[1]分配表!J:J,[1]分配表!M:M,"未出单")=0,"未出单",_xlfn.XLOOKUP(A77,[1]分配表!J:J,[1]分配表!M:M,"未出单")) -> 未出单 | E77: 胡煜星 | F77: =_xlfn.XLOOKUP(A77,[1]分配表!A:A,[1]分配表!C:C) -> 胡煜星 | G77: =IF(_xlfn.XLOOKUP($A77,[1]分配表!$A:$A,[1]分配表!D:D)=0,"未分类",_xlfn.XLOOKUP($A77,[1]分配表!$A:$A,[1]分配表!D:D)) -> 其他 | H77: =_xlfn.XLOOKUP(A77,[1]分配表!J:J,[1]分配表!I:I) -> 原开品 | I77: =COUNTIFS([1]月销售数据!L:L,A77,[1]月销售数据!M:M,">=2026-4-1",[1]月销售数据!M:M,"<=2026-4-30") -> 1 | J77: =COUNTIFS([1]月销售数据!L:L,A77,[1]月销售数据!M:M,">=2026-5-1",[1]月销售数据!M:M,"<=2026-5-31") -> 6 | K77: 未出单 | L77: 未出单 | M77: 无市场 | N77: 站外出单 | O77: 0 | P77: 0 | Q77: 0 | R77: 0 | S77: 0 | T77: 1 | V77: =T77+P77 -> 1 | W77: 0 | X77: 0 | Y77: 0 | Z77: 0 | AA77: 0 | AB77: #DIV/0! | AC77: #DIV/0! | AD77: 0 | AE77: 0 | AF77: 14.51 | AG77: #DIV/0! | AH77: #DIV/0! | AI77: 0 | AJ77: 0 | AK77: #DIV/0! | AL77: #DIV/0! | AM77: #DIV/0! | AN77: 0 | AO77: 0 | AP77: #DIV/0! | AQ77: #DIV/0! | AR77: #DIV/0!
A78: 12543 | B78: LYAP-X2320 | C78: =_xlfn.XLOOKUP(A78,[1]分配表!J:J,[1]分配表!L:L) -> 46135 | D78: =IF(_xlfn.XLOOKUP(A78,[1]分配表!J:J,[1]分配表!M:M,"未出单")=0,"未出单",_xlfn.XLOOKUP(A78,[1]分配表!J:J,[1]分配表!M:M,"未出单")) -> 46144 | E78: 胡煜星 | F78: =_xlfn.XLOOKUP(A78,[1]分配表!A:A,[1]分配表!C:C) -> 胡煜星 | G78: =IF(_xlfn.XLOOKUP($A78,[1]分配表!$A:$A,[1]分配表!D:D)=0,"未分类",_xlfn.XLOOKUP($A78,[1]分配表!$A:$A,[1]分配表!D:D)) -> 其他 | H78: =_xlfn.XLOOKUP(A78,[1]分配表!J:J,[1]分配表!I:I) -> 原开品 | I78: =COUNTIFS([1]月销售数据!L:L,A78,[1]月销售数据!M:M,">=2026-4-1",[1]月销售数据!M:M,"<=2026-4-30") -> 1 | J78: =COUNTIFS([1]月销售数据!L:L,A78,[1]月销售数据!M:M,">=2026-5-1",[1]月销售数据!M:M,"<=2026-5-31") -> 2 | K78: 未出单 | L78: N | M78: 无市场 | N78: 无市场 | O78: 0 | P78: 2 | Q78: 0 | R78: 300 | S78: 0 | T78: 0 | V78: =T78+P78 -> 2 | W78: 0 | X78: 1 | Y78: 0 | Z78: 0 | AA78: 0 | AB78: #DIV/0! | AC78: #DIV/0! | AD78: 0 | AE78: 0 | AF78: 0 | AG78: #DIV/0! | AH78: 0 | AI78: 0 | AJ78: 0 | AK78: #DIV/0! | AL78: #DIV/0! | AM78: #DIV/0! | AN78: 3.23 | AO78: 161.25 | AP78: 0.020031008 | AQ78: 0.010766667 | AR78: 0.0193
A79: 12544 | B79: LYAP-X2324 | C79: =_xlfn.XLOOKUP(A79,[1]分配表!J:J,[1]分配表!L:L) -> 46135 | D79: =IF(_xlfn.XLOOKUP(A79,[1]分配表!J:J,[1]分配表!M:M,"未出单")=0,"未出单",_xlfn.XLOOKUP(A79,[1]分配表!J:J,[1]分配表!M:M,"未出单")) -> 46142 | E79: 张潇 | F79: =_xlfn.XLOOKUP(A79,[1]分配表!A:A,[1]分配表!C:C) -> 张潇 | G79: =IF(_xlfn.XLOOKUP($A79,[1]分配表!$A:$A,[1]分配表!D:D)=0,"未分类",_xlfn.XLOOKUP($A79,[1]分配表!$A:$A,[1]分配表!D:D)) -> 其他 | H79: =_xlfn.XLOOKUP(A79,[1]分配表!J:J,[1]分配表!I:I) -> 原开品 | I79: =COUNTIFS([1]月销售数据!L:L,A79,[1]月销售数据!M:M,">=2026-4-1",[1]月销售数据!M:M,"<=2026-4-30") -> 3 | J79: =COUNTIFS([1]月销售数据!L:L,A79,[1]月销售数据!M:M,">=2026-5-1",[1]月销售数据!M:M,"<=2026-5-31") -> 1 | K79: Y | L79: Y | M79: 无市场 | N79: 正常 | O79: 1 | P79: 8 | Q79: 150 | R79: 1200 | S79: 0 | T79: 1 | V79: =T79+P79 -> 9 | W79: 1 | X79: 0.88888889 | Y79: 0 | Z79: 0 | AA79: 0.92 | AB79: #DIV/0! | AC79: 0.0061333333 | AD79: 3 | AE79: 470.06 | AF79: 9.1 | AG79: 0.019359231 | AH79: 0.0075833333 | AI79: 3.23 | AJ79: 161.63 | AK79: 0.019983914 | AL79: 0.021533333 | AM79: 0.030133333 | AN79: 16.15 | AO79: 807.69 | AP79: 0.019995295 | AQ79: 0.013458333 | AR79: 0.028308333
A80: 12612 | B80: LYAM-X2895 | C80: =_xlfn.XLOOKUP(A80,[1]分配表!J:J,[1]分配表!L:L) -> 46140 | D80: =IF(_xlfn.XLOOKUP(A80,[1]分配表!J:J,[1]分配表!M:M,"未出单")=0,"未出单",_xlfn.XLOOKUP(A80,[1]分配表!J:J,[1]分配表!M:M,"未出单")) -> 46160 | E80: 章鹏 | F80: =_xlfn.XLOOKUP(A80,[1]分配表!A:A,[1]分配表!C:C) -> 章鹏 | G80: =IF(_xlfn.XLOOKUP($A80,[1]分配表!$A:$A,[1]分配表!D:D)=0,"未分类",_xlfn.XLOOKUP($A80,[1]分配表!$A:$A,[1]分配表!D:D)) -> 其他 | H80: =_xlfn.XLOOKUP(A80,[1]分配表!J:J,[1]分配表!I:I) -> 原开品 | I80: =COUNTIFS([1]月销售数据!L:L,A80,[1]月销售数据!M:M,">=2026-4-1",[1]月销售数据!M:M,"<=2026-4-30") -> 1 | J80: =COUNTIFS([1]月销售数据!L:L,A80,[1]月销售数据!M:M,">=2026-5-1",[1]月销售数据!M:M,"<=2026-5-31") -> 2 | K80: 未出单 | L80: N | M80: 未记录 | N80: 正常 | O80: 0 | P80: 2 | Q80: 0 | R80: 330 | S80: 0 | T80: 0 | V80: =T80+P80 -> 2 | W80: 0 | X80: 1 | Y80: 0 | Z80: 0 | AA80: 0 | AB80: #DIV/0! | AC80: #DIV/0! | AD80: 0 | AE80: 0 | AF80: 1.65 | AG80: #DIV/0! | AH80: 0.005 | AI80: 0 | AJ80: 0 | AK80: #DIV/0! | AL80: #DIV/0! | AM80: #DIV/0! | AN80: 7.14 | AO80: 357.39 | AP80: 0.019978175 | AQ80: 0.021636364 | AR80: 0.026636364
A81: 12651 | B81: LYAP-X2210-C | C81: =_xlfn.XLOOKUP(A81,[1]分配表!J:J,[1]分配表!L:L) -> 46140 | D81: =IF(_xlfn.XLOOKUP(A81,[1]分配表!J:J,[1]分配表!M:M,"未出单")=0,"未出单",_xlfn.XLOOKUP(A81,[1]分配表!J:J,[1]分配表!M:M,"未出单")) -> 46142 | E81: 张潇 | F81: =_xlfn.XLOOKUP(A81,[1]分配表!A:A,[1]分配表!C:C) -> 张潇 | G81: =IF(_xlfn.XLOOKUP($A81,[1]分配表!$A:$A,[1]分配表!D:D)=0,"未分类",_xlfn.XLOOKUP($A81,[1]分配表!$A:$A,[1]分配表!D:D)) -> 机盖及附件 | H81: =_xlfn.XLOOKUP(A81,[1]分配表!J:J,[1]分配表!I:I) -> 原开品 | I81: =COUNTIFS([1]月销售数据!L:L,A81,[1]月销售数据!M:M,">=2026-4-1",[1]月销售数据!M:M,"<=2026-4-30") -> 1 | J81: =COUNTIFS([1]月销售数据!L:L,A81,[1]月销售数据!M:M,">=2026-5-1",[1]月销售数据!M:M,"<=2026-5-31") -> 3 | K81: Y | L81: Y | M81: 未记录 | N81: 竞争无优势 | O81: 2 | P81: 8 | Q81: 178 | R81: 712 | S81: 5 | T81: 9 | V81: =T81+P81 -> 17 | W81: 0.28571429 | X81: 0.47058824 | Y81: 0 | Z81: 0 | AA81: 0 | AB81: #DIV/0! | AC81: 0 | AD81: 0 | AE81: 0 | AF81: 13.07 | AG81: #DIV/0! | AH81: 0.018356742 | AI81: 3.7 | AJ81: 184.9 | AK81: 0.020010817 | AL81: 0.020786517 | AM81: 0.020786517 | AN81: 5.72 | AO81: 286.36 | AP81: 0.019974857 | AQ81: 0.0080337079 | AR81: 0.028061798
A82: 12604 | B82: LYAM-X2439 | C82: =_xlfn.XLOOKUP(A82,[1]分配表!J:J,[1]分配表!L:L) -> 46141 | D82: =IF(_xlfn.XLOOKUP(A82,[1]分配表!J:J,[1]分配表!M:M,"未出单")=0,"未出单",_xlfn.XLOOKUP(A82,[1]分配表!J:J,[1]分配表!M:M,"未出单")) -> 46152 | E82: 王偲涵 | F82: =_xlfn.XLOOKUP(A82,[1]分配表!A:A,[1]分配表!C:C) -> 王偲涵 | G82: =IF(_xlfn.XLOOKUP($A82,[1]分配表!$A:$A,[1]分配表!D:D)=0,"未分类",_xlfn.XLOOKUP($A82,[1]分配表!$A:$A,[1]分配表!D:D)) -> 车身外扩件 | H82: =_xlfn.XLOOKUP(A82,[1]分配表!J:J,[1]分配表!I:I) -> 原开品 | I82: =COUNTIFS([1]月销售数据!L:L,A82,[1]月销售数据!M:M,">=2026-4-1",[1]月销售数据!M:M,"<=2026-4-30") -> 1 | J82: =COUNTIFS([1]月销售数据!L:L,A82,[1]月销售数据!M:M,">=2026-5-1",[1]月销售数据!M:M,"<=2026-5-31") -> 1 | K82: 未出单 | L82: N | M82: 未记录 | N82: 无市场 | O82: 0 | P82: 2 | Q82: 0 | R82: 284 | S82: 0 | T82: 7 | V82: =T82+P82 -> 9 | W82: 0 | X82: 0.22222222 | Y82: 0 | Z82: 0 | AA82: 0 | AB82: #DIV/0! | AC82: #DIV/0! | AD82: 0 | AE82: 0 | AF82: 9.11 | AG82: #DIV/0! | AH82: 0.032077465 | AI82: 0 | AJ82: 0 | AK82: #DIV/0! | AL82: #DIV/0! | AM82: #DIV/0! | AN82: 0 | AO82: 0 | AP82: #DIV/0! | AQ82: 0 | AR82: 0.063626761
A83: 12526 | B83: LYAM-X2443 | C83: =_xlfn.XLOOKUP(A83,[1]分配表!J:J,[1]分配表!L:L) -> 46141 | D83: =IF(_xlfn.XLOOKUP(A83,[1]分配表!J:J,[1]分配表!M:M,"未出单")=0,"未出单",_xlfn.XLOOKUP(A83,[1]分配表!J:J,[1]分配表!M:M,"未出单")) -> 46154 | E83: 王偲涵 | F83: =_xlfn.XLOOKUP(A83,[1]分配表!A:A,[1]分配表!C:C) -> 王偲涵 | G83: =IF(_xlfn.XLOOKUP($A83,[1]分配表!$A:$A,[1]分配表!D:D)=0,"未分类",_xlfn.XLOOKUP($A83,[1]分配表!$A:$A,[1]分配表!D:D)) -> 车身外扩件 | H83: =_xlfn.XLOOKUP(A83,[1]分配表!J:J,[1]分配表!I:I) -> 原开品 | I83: =COUNTIFS([1]月销售数据!L:L,A83,[1]月销售数据!M:M,">=2026-4-1",[1]月销售数据!M:M,"<=2026-4-30") -> 1 | J83: =COUNTIFS([1]月销售数据!L:L,A83,[1]月销售数据!M:M,">=2026-5-1",[1]月销售数据!M:M,"<=2026-5-31") -> 2 | K83: 未出单 | L83: N | M83: 未记录 | N83: 正常 | O83: 0 | P83: 4 | Q83: 0 | R83: 620 | S83: 0 | T83: 0 | V83: =T83+P83 -> 4 | W83: 0 | X83: 1 | Y83: 0 | Z83: 0 | AA83: 0 | AB83: #DIV/0! | AC83: #DIV/0! | AD83: 3 | AE83: 500.66 | AF83: 47.55 | AG83: 0.094974633 | AH83: 0.076693548 | AI83: 0 | AJ83: 0 | AK83: #DIV/0! | AL83: #DIV/0! | AM83: #DIV/0! | AN83: 0 | AO83: 0 | AP83: #DIV/0! | AQ83: 0 | AR83: 0.080774194
A84: 12590 | B84: LYAM-X2450-SL | C84: =_xlfn.XLOOKUP(A84,[1]分配表!J:J,[1]分配表!L:L) -> 46141 | D84: =IF(_xlfn.XLOOKUP(A84,[1]分配表!J:J,[1]分配表!M:M,"未出单")=0,"未出单",_xlfn.XLOOKUP(A84,[1]分配表!J:J,[1]分配表!M:M,"未出单")) -> 46143 | E84: 王偲涵 | F84: =_xlfn.XLOOKUP(A84,[1]分配表!A:A,[1]分配表!C:C) -> 王偲涵 | G84: =IF(_xlfn.XLOOKUP($A84,[1]分配表!$A:$A,[1]分配表!D:D)=0,"未分类",_xlfn.XLOOKUP($A84,[1]分配表!$A:$A,[1]分配表!D:D)) -> 车身外扩件 | H84: =_xlfn.XLOOKUP(A84,[1]分配表!J:J,[1]分配表!I:I) -> 原开品 | I84: =COUNTIFS([1]月销售数据!L:L,A84,[1]月销售数据!M:M,">=2026-4-1",[1]月销售数据!M:M,"<=2026-4-30") -> 1 | J84: =COUNTIFS([1]月销售数据!L:L,A84,[1]月销售数据!M:M,">=2026-5-1",[1]月销售数据!M:M,"<=2026-5-31") -> 2 | K84: 未出单 | L84: Y | M84: 未记录 | N84: 正常 | O84: 0 | P84: 6 | Q84: 0 | R84: 750 | S84: 2 | T84: 3 | V84: =T84+P84 -> 9 | W84: 0 | X84: 0.66666667 | Y84: 0 | Z84: 0 | AA84: 0 | AB84: #DIV/0! | AC84: #DIV/0! | AD84: 4 | AE84: 539.99 | AF84: 66.31 | AG84: 0.12279857 | AH84: 0.088413333 | AI84: 0 | AJ84: 0 | AK84: #DIV/0! | AL84: #DIV/0! | AM84: #DIV/0! | AN84: 0 | AO84: 0 | AP84: #DIV/0! | AQ84: 0 | AR84: 0.093533333
A85: 12586 | B85: LYAP-X1909 | C85: =_xlfn.XLOOKUP(A85,[1]分配表!J:J,[1]分配表!L:L) -> 46141 | D85: =IF(_xlfn.XLOOKUP(A85,[1]分配表!J:J,[1]分配表!M:M,"未出单")=0,"未出单",_xlfn.XLOOKUP(A85,[1]分配表!J:J,[1]分配表!M:M,"未出单")) -> 46142 | E85: 朱培源 | F85: =_xlfn.XLOOKUP(A85,[1]分配表!A:A,[1]分配表!C:C) -> 朱培源 | G85: =IF(_xlfn.XLOOKUP($A85,[1]分配表!$A:$A,[1]分配表!D:D)=0,"未分类",_xlfn.XLOOKUP($A85,[1]分配表!$A:$A,[1]分配表!D:D)) -> 机盖及附件 | H85: =_xlfn.XLOOKUP(A85,[1]分配表!J:J,[1]分配表!I:I) -> 原开品 | I85: =COUNTIFS([1]月销售数据!L:L,A85,[1]月销售数据!M:M,">=2026-4-1",[1]月销售数据!M:M,"<=2026-4-30") -> 1 | J85: =COUNTIFS([1]月销售数据!L:L,A85,[1]月销售数据!M:M,">=2026-5-1",[1]月销售数据!M:M,"<=2026-5-31") -> 4 | K85: Y | L85: Y | M85: 未记录 | N85: 正常 | O85: 1 | P85: 11 | Q85: 70 | R85: 769.74 | S85: 1 | T85: 1 | V85: =T85+P85 -> 12 | W85: 0.5 | X85: 0.91666667 | Y85: 1 | Z85: 75.6 | AA85: 0.35 | AB85: 0.0046296296 | AC85: 0.005 | AD85: 0 | AE85: 0 | AF85: 0 | AG85: #DIV/0! | AH85: 0 | AI85: 0 | AJ85: 0 | AK85: #DIV/0! | AL85: 0 | AM85: 0.005 | AN85: 0 | AO85: 0 | AP85: #DIV/0! | AQ85: 0 | AR85: 0.001753839
A86: 12615 | B86: LYAP-X2042-FL | C86: =_xlfn.XLOOKUP(A86,[1]分配表!J:J,[1]分配表!L:L) -> 46141 | D86: =IF(_xlfn.XLOOKUP(A86,[1]分配表!J:J,[1]分配表!M:M,"未出单")=0,"未出单",_xlfn.XLOOKUP(A86,[1]分配表!J:J,[1]分配表!M:M,"未出单")) -> 46150 | E86: 王偲涵 | F86: =_xlfn.XLOOKUP(A86,[1]分配表!A:A,[1]分配表!C:C) -> 王偲涵 | G86: =IF(_xlfn.XLOOKUP($A86,[1]分配表!$A:$A,[1]分配表!D:D)=0,"未分类",_xlfn.XLOOKUP($A86,[1]分配表!$A:$A,[1]分配表!D:D)) -> 其他 | H86: =_xlfn.XLOOKUP(A86,[1]分配表!J:J,[1]分配表!I:I) -> 原开品 | I86: =COUNTIFS([1]月销售数据!L:L,A86,[1]月销售数据!M:M,">=2026-4-1",[1]月销售数据!M:M,"<=2026-4-30") -> 1 | J86: =COUNTIFS([1]月销售数据!L:L,A86,[1]月销售数据!M:M,">=2026-5-1",[1]月销售数据!M:M,"<=2026-5-31") -> 2 | K86: 未出单 | L86: N | M86: 未记录 | N86: 站外出单 | O86: 0 | P86: 1 | Q86: 0 | R86: 95 | S86: 0 | T86: 0 | V86: =T86+P86 -> 1 | W86: 0 | X86: 1 | Y86: 0 | Z86: 0 | AA86: 0 | AB86: #DIV/0! | AC86: #DIV/0! | AD86: 0 | AE86: 0 | AF86: 0 | AG86: #DIV/0! | AH86: 0 | AI86: 0 | AJ86: 0 | AK86: #DIV/0! | AL86: #DIV/0! | AM86: #DIV/0! | AN86: 0 | AO86: 0 | AP86: #DIV/0! | AQ86: 0 | AR86: 0
A87: 12616 | B87: LYAP-X2042-FR | C87: =_xlfn.XLOOKUP(A87,[1]分配表!J:J,[1]分配表!L:L) -> 46141 | D87: =IF(_xlfn.XLOOKUP(A87,[1]分配表!J:J,[1]分配表!M:M,"未出单")=0,"未出单",_xlfn.XLOOKUP(A87,[1]分配表!J:J,[1]分配表!M:M,"未出单")) -> 46145 | E87: 王偲涵 | F87: =_xlfn.XLOOKUP(A87,[1]分配表!A:A,[1]分配表!C:C) -> 王偲涵 | G87: =IF(_xlfn.XLOOKUP($A87,[1]分配表!$A:$A,[1]分配表!D:D)=0,"未分类",_xlfn.XLOOKUP($A87,[1]分配表!$A:$A,[1]分配表!D:D)) -> 其他 | H87: =_xlfn.XLOOKUP(A87,[1]分配表!J:J,[1]分配表!I:I) -> 原开品 | I87: =COUNTIFS([1]月销售数据!L:L,A87,[1]月销售数据!M:M,">=2026-4-1",[1]月销售数据!M:M,"<=2026-4-30") -> 1 | J87: =COUNTIFS([1]月销售数据!L:L,A87,[1]月销售数据!M:M,">=2026-5-1",[1]月销售数据!M:M,"<=2026-5-31") -> 2 | K87: 未出单 | L87: Y | M87: 未记录 | N87: 站外出单 | O87: 0 | P87: 3 | Q87: 0 | R87: 285 | S87: 0 | T87: 1 | V87: =T87+P87 -> 4 | W87: 0 | X87: 0.75 | Y87: 0 | Z87: 0 | AA87: 0 | AB87: #DIV/0! | AC87: #DIV/0! | AD87: 0 | AE87: 0 | AF87: 0 | AG87: #DIV/0! | AH87: 0 | AI87: 0 | AJ87: 0 | AK87: #DIV/0! | AL87: #DIV/0! | AM87: #DIV/0! | AN87: 6.13 | AO87: 306.61 | AP87: 0.019992825 | AQ87: 0.021508772 | AR87: 0.022385965
A88: 12572 | B88: LYAP-X2317-L | C88: =_xlfn.XLOOKUP(A88,[1]分配表!J:J,[1]分配表!L:L) -> 46141 | D88: =IF(_xlfn.XLOOKUP(A88,[1]分配表!J:J,[1]分配表!M:M,"未出单")=0,"未出单",_xlfn.XLOOKUP(A88,[1]分配表!J:J,[1]分配表!M:M,"未出单")) -> 46147 | E88: 胡煜星 | F88: =_xlfn.XLOOKUP(A88,[1]分配表!A:A,[1]分配表!C:C) -> 胡煜星 | G88: =IF(_xlfn.XLOOKUP($A88,[1]分配表!$A:$A,[1]分配表!D:D)=0,"未分类",_xlfn.XLOOKUP($A88,[1]分配表!$A:$A,[1]分配表!D:D)) -> 其他 | H88: =_xlfn.XLOOKUP(A88,[1]分配表!J:J,[1]分配表!I:I) -> 拓展品 | I88: =COUNTIFS([1]月销售数据!L:L,A88,[1]月销售数据!M:M,">=2026-4-1",[1]月销售数据!M:M,"<=2026-4-30") -> 1 | J88: =COUNTIFS([1]月销售数据!L:L,A88,[1]月销售数据!M:M,">=2026-5-1",[1]月销售数据!M:M,"<=2026-5-31") -> 2 | K88: 未出单 | L88: Y | M88: 未记录 | N88: 正常 | O88: 0 | P88: 4 | Q88: 0 | R88: 240 | S88: 0 | T88: 7 | V88: =T88+P88 -> 11 | W88: 0 | X88: 0.36363636 | Y88: 0 | Z88: 0 | AA88: 0 | AB88: #DIV/0! | AC88: #DIV/0! | AD88: 1 | AE88: 64.95 | AF88: 6.01 | AG88: 0.092532717 | AH88: 0.025041667 | AI88: 0 | AJ88: 0 | AK88: #DIV/0! | AL88: #DIV/0! | AM88: #DIV/0! | AN88: 0 | AO88: 0 | AP88: #DIV/0! | AQ88: 0 | AR88: 0.025041667
A89: 12573 | B89: LYAP-X2317-R | C89: =_xlfn.XLOOKUP(A89,[1]分配表!J:J,[1]分配表!L:L) -> 46141 | D89: =IF(_xlfn.XLOOKUP(A89,[1]分配表!J:J,[1]分配表!M:M,"未出单")=0,"未出单",_xlfn.XLOOKUP(A89,[1]分配表!J:J,[1]分配表!M:M,"未出单")) -> 46152 | E89: 胡煜星 | F89: =_xlfn.XLOOKUP(A89,[1]分配表!A:A,[1]分配表!C:C) -> 胡煜星 | G89: =IF(_xlfn.XLOOKUP($A89,[1]分配表!$A:$A,[1]分配表!D:D)=0,"未分类",_xlfn.XLOOKUP($A89,[1]分配表!$A:$A,[1]分配表!D:D)) -> 其他 | H89: =_xlfn.XLOOKUP(A89,[1]分配表!J:J,[1]分配表!I:I) -> 拓展品 | I89: =COUNTIFS([1]月销售数据!L:L,A89,[1]月销售数据!M:M,">=2026-4-1",[1]月销售数据!M:M,"<=2026-4-30") -> 1 | J89: =COUNTIFS([1]月销售数据!L:L,A89,[1]月销售数据!M:M,">=2026-5-1",[1]月销售数据!M:M,"<=2026-5-31") -> 2 | K89: 未出单 | L89: N | M89: 未记录 | N89: 正常 | O89: 0 | P89: 4 | Q89: 0 | R89: 240 | S89: 0 | T89: 7 | V89: =T89+P89 -> 11 | W89: 0 | X89: 0.36363636 | Y89: 0 | Z89: 0 | AA89: 0 | AB89: #DIV/0! | AC89: #DIV/0! | AD89: 2 | AE89: 128.78 | AF89: 5.51 | AG89: 0.042786147 | AH89: 0.022958333 | AI89: 0 | AJ89: 0 | AK89: #DIV/0! | AL89: #DIV/0! | AM89: #DIV/0! | AN89: 7.69 | AO89: 256.51 | AP89: 0.029979338 | AQ89: 0.032041667 | AR89: 0.055708333
A90: 12650 | B90: LYAP-X2318 | C90: =_xlfn.XLOOKUP(A90,[1]分配表!J:J,[1]分配表!L:L) -> 46141 | D90: =IF(_xlfn.XLOOKUP(A90,[1]分配表!J:J,[1]分配表!M:M,"未出单")=0,"未出单",_xlfn.XLOOKUP(A90,[1]分配表!J:J,[1]分配表!M:M,"未出单")) -> 46158 | E90: 张潇 | F90: =_xlfn.XLOOKUP(A90,[1]分配表!A:A,[1]分配表!C:C) -> 张潇 | G90: =IF(_xlfn.XLOOKUP($A90,[1]分配表!$A:$A,[1]分配表!D:D)=0,"未分类",_xlfn.XLOOKUP($A90,[1]分配表!$A:$A,[1]分配表!D:D)) -> 其他 | H90: =_xlfn.XLOOKUP(A90,[1]分配表!J:J,[1]分配表!I:I) -> 原开品 | I90: =COUNTIFS([1]月销售数据!L:L,A90,[1]月销售数据!M:M,">=2026-4-1",[1]月销售数据!M:M,"<=2026-4-30") -> 1 | J90: =COUNTIFS([1]月销售数据!L:L,A90,[1]月销售数据!M:M,">=2026-5-1",[1]月销售数据!M:M,"<=2026-5-31") -> 3 | K90: 未出单 | L90: N | M90: 未记录 | N90: 无市场 | O90: 0 | P90: 2 | Q90: 0 | R90: 159.8 | S90: 0 | T90: 1 | V90: =T90+P90 -> 3 | W90: 0 | X90: 0.66666667 | Y90: 0 | Z90: 0 | AA90: 0 | AB90: #DIV/0! | AC90: #DIV/0! | AD90: 1 | AE90: 84.29 | AF90: 33.6 | AG90: 0.3986238 | AH90: 0.21026283 | AI90: 0 | AJ90: 0 | AK90: #DIV/0! | AL90: #DIV/0! | AM90: #DIV/0! | AN90: 0 | AO90: 0 | AP90: #DIV/0! | AQ90: 0 | AR90: 0.21789737
A91: 12649 | B91: LYAP-X2385 | C91: =_xlfn.XLOOKUP(A91,[1]分配表!J:J,[1]分配表!L:L) -> 46141 | D91: =IF(_xlfn.XLOOKUP(A91,[1]分配表!J:J,[1]分配表!M:M,"未出单")=0,"未出单",_xlfn.XLOOKUP(A91,[1]分配表!J:J,[1]分配表!M:M,"未出单")) -> 46153 | E91: 张潇 | F91: =_xlfn.XLOOKUP(A91,[1]分配表!A:A,[1]分配表!C:C) -> 张潇 | G91: =IF(_xlfn.XLOOKUP($A91,[1]分配表!$A:$A,[1]分配表!D:D)=0,"未分类",_xlfn.XLOOKUP($A91,[1]分配表!$A:$A,[1]分配表!D:D)) -> 其他 | H91: =_xlfn.XLOOKUP(A91,[1]分配表!J:J,[1]分配表!I:I) -> 原开品 | I91: =COUNTIFS([1]月销售数据!L:L,A91,[1]月销售数据!M:M,">=2026-4-1",[1]月销售数据!M:M,"<=2026-4-30") -> 1 | J91: =COUNTIFS([1]月销售数据!L:L,A91,[1]月销售数据!M:M,">=2026-5-1",[1]月销售数据!M:M,"<=2026-5-31") -> 3 | K91: 未出单 | L91: N | M91: 未记录 | N91: 正常 | O91: 0 | P91: 4 | Q91: 0 | R91: 480 | S91: 0 | T91: 1 | V91: =T91+P91 -> 5 | W91: 0 | X91: 0.8 | Y91: 0 | Z91: 0 | AA91: 0 | AB91: #DIV/0! | AC91: #DIV/0! | AD91: 0 | AE91: 0 | AF91: 10.06 | AG91: #DIV/0! | AH91: 0.020958333 | AI91: 0 | AJ91: 0 | AK91: #DIV/0! | AL91: #DIV/0! | AM91: #DIV/0! | AN91: 4.97 | AO91: 248.4 | AP91: 0.020008052 | AQ91: 0.010354167 | AR91: 0.054395833
A92: 12632 | B92: LYAP-X2428-3 | C92: =_xlfn.XLOOKUP(A92,[1]分配表!J:J,[1]分配表!L:L) -> 46142 | D92: =IF(_xlfn.XLOOKUP(A92,[1]分配表!J:J,[1]分配表!M:M,"未出单")=0,"未出单",_xlfn.XLOOKUP(A92,[1]分配表!J:J,[1]分配表!M:M,"未出单")) -> 未出单 | E92: 俞东旭 | F92: =_xlfn.XLOOKUP(A92,[1]分配表!A:A,[1]分配表!C:C) -> 俞东旭 | G92: =IF(_xlfn.XLOOKUP($A92,[1]分配表!$A:$A,[1]分配表!D:D)=0,"未分类",_xlfn.XLOOKUP($A92,[1]分配表!$A:$A,[1]分配表!D:D)) -> 车门系统 | H92: =_xlfn.XLOOKUP(A92,[1]分配表!J:J,[1]分配表!I:I) -> 拓展品 | I92: =COUNTIFS([1]月销售数据!L:L,A92,[1]月销售数据!M:M,">=2026-4-1",[1]月销售数据!M:M,"<=2026-4-30") -> 1 | J92: =COUNTIFS([1]月销售数据!L:L,A92,[1]月销售数据!M:M,">=2026-5-1",[1]月销售数据!M:M,"<=2026-5-31") -> 2 | K92: 未出单 | L92: 未出单 | M92: 未记录 | N92: 无市场 | O92: 0 | P92: 0 | Q92: 0 | R92: 0 | S92: 0 | T92: 0 | V92: =T92+P92 -> 0 | W92: 0 | X92: 市场无出单 | Y92: 0 | Z92: 0 | AA92: 0 | AB92: #DIV/0! | AC92: #DIV/0! | AD92: 0 | AE92: 0 | AF92: 0 | AG92: #DIV/0! | AH92: #DIV/0! | AI92: 0 | AJ92: 0 | AK92: #DIV/0! | AL92: #DIV/0! | AM92: #DIV/0! | AN92: 0 | AO92: 0 | AP92: #DIV/0! | AQ92: #DIV/0! | AR92: #DIV/0!
A93: 12631 | B93: LYAP-X2428-2 | C93: =_xlfn.XLOOKUP(A93,[1]分配表!J:J,[1]分配表!L:L) -> 46142 | D93: =IF(_xlfn.XLOOKUP(A93,[1]分配表!J:J,[1]分配表!M:M,"未出单")=0,"未出单",_xlfn.XLOOKUP(A93,[1]分配表!J:J,[1]分配表!M:M,"未出单")) -> 46142 | E93: 俞东旭 | F93: =_xlfn.XLOOKUP(A93,[1]分配表!A:A,[1]分配表!C:C) -> 俞东旭 | G93: =IF(_xlfn.XLOOKUP($A93,[1]分配表!$A:$A,[1]分配表!D:D)=0,"未分类",_xlfn.XLOOKUP($A93,[1]分配表!$A:$A,[1]分配表!D:D)) -> 车门系统 | H93: =_xlfn.XLOOKUP(A93,[1]分配表!J:J,[1]分配表!I:I) -> 拓展品 | I93: =COUNTIFS([1]月销售数据!L:L,A93,[1]月销售数据!M:M,">=2026-4-1",[1]月销售数据!M:M,"<=2026-4-30") -> 1 | J93: =COUNTIFS([1]月销售数据!L:L,A93,[1]月销售数据!M:M,">=2026-5-1",[1]月销售数据!M:M,"<=2026-5-31") -> 2 | K93: 未出单 | L93: Y | M93: 未记录 | N93: 正常 | O93: 1 | P93: 17 | Q93: 125 | R93: 2125 | S93: 0 | T93: 0 | V93: =T93+P93 -> 17 | W93: 1 | X93: 1 | Y93: 0 | Z93: 0 | AA93: 0 | AB93: #DIV/0! | AC93: 0 | AD93: 0 | AE93: 0 | AF93: 0 | AG93: #DIV/0! | AH93: 0 | AI93: 0 | AJ93: 0 | AK93: #DIV/0! | AL93: 0 | AM93: 0 | AN93: 0 | AO93: 0 | AP93: #DIV/0! | AQ93: 0 | AR93: 0.0021176471
A94: 12630 | B94: LYAP-X2428-1 | C94: =_xlfn.XLOOKUP(A94,[1]分配表!J:J,[1]分配表!L:L) -> 46142 | D94: =IF(_xlfn.XLOOKUP(A94,[1]分配表!J:J,[1]分配表!M:M,"未出单")=0,"未出单",_xlfn.XLOOKUP(A94,[1]分配表!J:J,[1]分配表!M:M,"未出单")) -> 46144 | E94: 俞东旭 | F94: =_xlfn.XLOOKUP(A94,[1]分配表!A:A,[1]分配表!C:C) -> 俞东旭 | G94: =IF(_xlfn.XLOOKUP($A94,[1]分配表!$A:$A,[1]分配表!D:D)=0,"未分类",_xlfn.XLOOKUP($A94,[1]分配表!$A:$A,[1]分配表!D:D)) -> 车门系统 | H94: =_xlfn.XLOOKUP(A94,[1]分配表!J:J,[1]分配表!I:I) -> 原开品 | I94: =COUNTIFS([1]月销售数据!L:L,A94,[1]月销售数据!M:M,">=2026-4-1",[1]月销售数据!M:M,"<=2026-4-30") -> 1 | J94: =COUNTIFS([1]月销售数据!L:L,A94,[1]月销售数据!M:M,">=2026-5-1",[1]月销售数据!M:M,"<=2026-5-31") -> 2 | K94: 未出单 | L94: Y | M94: 未记录 | N94: 正常 | O94: 0 | P94: 4 | Q94: 0 | R94: 980 | S94: 0 | T94: 0 | V94: =T94+P94 -> 4 | W94: 0 | X94: 1 | Y94: 0 | Z94: 0 | AA94: 0 | AB94: #DIV/0! | AC94: #DIV/0! | AD94: 0 | AE94: 0 | AF94: 0 | AG94: #DIV/0! | AH94: 0 | AI94: 0 | AJ94: 0 | AK94: #DIV/0! | AL94: #DIV/0! | AM94: #DIV/0! | AN94: 0 | AO94: 0 | AP94: #DIV/0! | AQ94: 0 | AR94: 0
A95: 12587 | B95: LYAP-X1360-1L | C95: =_xlfn.XLOOKUP(A95,[1]分配表!J:J,[1]分配表!L:L) -> 46142 | D95: =IF(_xlfn.XLOOKUP(A95,[1]分配表!J:J,[1]分配表!M:M,"未出单")=0,"未出单",_xlfn.XLOOKUP(A95,[1]分配表!J:J,[1]分配表!M:M,"未出单")) -> 46144 | E95: 章鹏 | F95: =_xlfn.XLOOKUP(A95,[1]分配表!A:A,[1]分配表!C:C) -> 章鹏 | G95: =IF(_xlfn.XLOOKUP($A95,[1]分配表!$A:$A,[1]分配表!D:D)=0,"未分类",_xlfn.XLOOKUP($A95,[1]分配表!$A:$A,[1]分配表!D:D)) -> 饰条 | H95: =_xlfn.XLOOKUP(A95,[1]分配表!J:J,[1]分配表!I:I) -> 拓展品 | I95: =COUNTIFS([1]月销售数据!L:L,A95,[1]月销售数据!M:M,">=2026-4-1",[1]月销售数据!M:M,"<=2026-4-30") -> 1 | J95: =COUNTIFS([1]月销售数据!L:L,A95,[1]月销售数据!M:M,">=2026-5-1",[1]月销售数据!M:M,"<=2026-5-31") -> 2 | K95: 未出单 | L95: Y | M95: 未记录 | N95: 竞争无优势 | O95: 1 | P95: 11 | Q95: 38 | R95: 468.87 | S95: 0 | T95: 8 | V95: =T95+P95 -> 19 | W95: 1 | X95: 0.57894737 | Y95: 1 | Z95: 41.14 | AA95: 0.69 | AB95: 0.016771998 | AC95: 0.018157895 | AD95: 9 | AE95: 401.05 | AF95: 17.51 | AG95: 0.043660391 | AH95: 0.037345106 | AI95: 0 | AJ95: 0 | AK95: #DIV/0! | AL95: 0 | AM95: 0.018157895 | AN95: 0 | AO95: 0 | AP95: #DIV/0! | AQ95: 0 | AR95: 0.038070254
A96: 12569 | B96: LYAP-X2316 | C96: =_xlfn.XLOOKUP(A96,[1]分配表!J:J,[1]分配表!L:L) -> 46142 | D96: =IF(_xlfn.XLOOKUP(A96,[1]分配表!J:J,[1]分配表!M:M,"未出单")=0,"未出单",_xlfn.XLOOKUP(A96,[1]分配表!J:J,[1]分配表!M:M,"未出单")) -> 46173 | E96: 张潇 | F96: =_xlfn.XLOOKUP(A96,[1]分配表!A:A,[1]分配表!C:C) -> 张潇 | G96: =IF(_xlfn.XLOOKUP($A96,[1]分配表!$A:$A,[1]分配表!D:D)=0,"未分类",_xlfn.XLOOKUP($A96,[1]分配表!$A:$A,[1]分配表!D:D)) -> 其他 | H96: =_xlfn.XLOOKUP(A96,[1]分配表!J:J,[1]分配表!I:I) -> 原开品 | I96: =COUNTIFS([1]月销售数据!L:L,A96,[1]月销售数据!M:M,">=2026-4-1",[1]月销售数据!M:M,"<=2026-4-30") -> 1 | J96: =COUNTIFS([1]月销售数据!L:L,A96,[1]月销售数据!M:M,">=2026-5-1",[1]月销售数据!M:M,"<=2026-5-31") -> 4 | K96: 未出单 | L96: 未出单 | M96: 未记录 | N96: 竞争无优势 | O96: 0 | P96: 1 | Q96: 0 | R96: 45 | S96: 0 | T96: 11 | V96: =T96+P96 -> 12 | W96: 0 | X96: 0.083333333 | Y96: 0 | Z96: 0 | AA96: 0 | AB96: #DIV/0! | AC96: #DIV/0! | AD96: 0 | AE96: 0 | AF96: 51.23 | AG96: #DIV/0! | AH96: 1.1384444 | AI96: 0 | AJ96: 0 | AK96: #DIV/0! | AL96: #DIV/0! | AM96: #DIV/0! | AN96: 1 | AO96: 49.84 | AP96: 0.020064205 | AQ96: 0.022222222 | AR96: 1.2068889
A97: 12575 | B97: LYAP-X2310-R | C97: =_xlfn.XLOOKUP(A97,[1]分配表!J:J,[1]分配表!L:L) -> 46142 | D97: =IF(_xlfn.XLOOKUP(A97,[1]分配表!J:J,[1]分配表!M:M,"未出单")=0,"未出单",_xlfn.XLOOKUP(A97,[1]分配表!J:J,[1]分配表!M:M,"未出单")) -> 46147 | E97: 胡煜星 | F97: =_xlfn.XLOOKUP(A97,[1]分配表!A:A,[1]分配表!C:C) -> 胡煜星 | G97: =IF(_xlfn.XLOOKUP($A97,[1]分配表!$A:$A,[1]分配表!D:D)=0,"未分类",_xlfn.XLOOKUP($A97,[1]分配表!$A:$A,[1]分配表!D:D)) -> 其他 | H97: =_xlfn.XLOOKUP(A97,[1]分配表!J:J,[1]分配表!I:I) -> 拓展品 | I97: =COUNTIFS([1]月销售数据!L:L,A97,[1]月销售数据!M:M,">=2026-4-1",[1]月销售数据!M:M,"<=2026-4-30") -> 1 | J97: =COUNTIFS([1]月销售数据!L:L,A97,[1]月销售数据!M:M,">=2026-5-1",[1]月销售数据!M:M,"<=2026-5-31") -> 2 | K97: 未出单 | L97: Y | M97: 未记录 | N97: 无市场 | O97: 0 | P97: 2 | Q97: 0 | R97: 130 | S97: 0 | T97: 0 | V97: =T97+P97 -> 2 | W97: 0 | X97: 1 | Y97: 0 | Z97: 0 | AA97: 0 | AB97: #DIV/0! | AC97: #DIV/0! | AD97: 0 | AE97: 0 | AF97: 2.11 | AG97: #DIV/0! | AH97: 0.016230769 | AI97: 0 | AJ97: 0 | AK97: #DIV/0! | AL97: #DIV/0! | AM97: #DIV/0! | AN97: 0 | AO97: 0 | AP97: #DIV/0! | AQ97: 0 | AR97: 0.037923077
A98: 12574 | B98: LYAP-X2310-L | C98: =_xlfn.XLOOKUP(A98,[1]分配表!J:J,[1]分配表!L:L) -> 46142 | D98: =IF(_xlfn.XLOOKUP(A98,[1]分配表!J:J,[1]分配表!M:M,"未出单")=0,"未出单",_xlfn.XLOOKUP(A98,[1]分配表!J:J,[1]分配表!M:M,"未出单")) -> 46157 | E98: 胡煜星 | F98: =_xlfn.XLOOKUP(A98,[1]分配表!A:A,[1]分配表!C:C) -> 胡煜星 | G98: =IF(_xlfn.XLOOKUP($A98,[1]分配表!$A:$A,[1]分配表!D:D)=0,"未分类",_xlfn.XLOOKUP($A98,[1]分配表!$A:$A,[1]分配表!D:D)) -> 其他 | H98: =_xlfn.XLOOKUP(A98,[1]分配表!J:J,[1]分配表!I:I) -> 拓展品 | I98: =COUNTIFS([1]月销售数据!L:L,A98,[1]月销售数据!M:M,">=2026-4-1",[1]月销售数据!M:M,"<=2026-4-30") -> 1 | J98: =COUNTIFS([1]月销售数据!L:L,A98,[1]月销售数据!M:M,">=2026-5-1",[1]月销售数据!M:M,"<=2026-5-31") -> 3 | K98: 未出单 | L98: N | M98: 未记录 | N98: 无市场 | O98: 0 | P98: 4 | Q98: 0 | R98: 260 | S98: 0 | T98: 1 | V98: =T98+P98 -> 5 | W98: 0 | X98: 0.8 | Y98: 0 | Z98: 0 | AA98: 0 | AB98: #DIV/0! | AC98: #DIV/0! | AD98: 1 | AE98: 70.47 | AF98: 4.68 | AG98: 0.066411239 | AH98: 0.018 | AI98: 0 | AJ98: 0 | AK98: #DIV/0! | AL98: #DIV/0! | AM98: #DIV/0! | AN98: 0 | AO98: 0 | AP98: #DIV/0! | AQ98: 0 | AR98: 0.024423077
A99: 12629 | B99: LYAP-X2412 | C99: =_xlfn.XLOOKUP(A99,[1]分配表!J:J,[1]分配表!L:L) -> 46142 | D99: =IF(_xlfn.XLOOKUP(A99,[1]分配表!J:J,[1]分配表!M:M,"未出单")=0,"未出单",_xlfn.XLOOKUP(A99,[1]分配表!J:J,[1]分配表!M:M,"未出单")) -> 46146 | E99: 王偲涵 | F99: =_xlfn.XLOOKUP(A99,[1]分配表!A:A,[1]分配表!C:C) -> 王偲涵 | G99: =IF(_xlfn.XLOOKUP($A99,[1]分配表!$A:$A,[1]分配表!D:D)=0,"未分类",_xlfn.XLOOKUP($A99,[1]分配表!$A:$A,[1]分配表!D:D)) -> 挡泥板 | H99: =_xlfn.XLOOKUP(A99,[1]分配表!J:J,[1]分配表!I:I) -> 原开品 | I99: =COUNTIFS([1]月销售数据!L:L,A99,[1]月销售数据!M:M,">=2026-4-1",[1]月销售数据!M:M,"<=2026-4-30") -> 1 | J99: =COUNTIFS([1]月销售数据!L:L,A99,[1]月销售数据!M:M,">=2026-5-1",[1]月销售数据!M:M,"<=2026-5-31") -> 2 | K99: 未出单 | L99: Y | M99: 未记录 | N99: 竞争无优势 | O99: 0 | P99: 7 | Q99: 0 | R99: 245 | S99: 0 | T99: 74 | V99: =T99+P99 -> 81 | W99: 0 | X99: 0.086419753 | Y99: 0 | Z99: 0 | AA99: 0 | AB99: #DIV/0! | AC99: #DIV/0! | AD99: 3 | AE99: 112.09 | AF99: 19.57 | AG99: 0.17459185 | AH99: 0.079877551 | AI99: 0 | AJ99: 0 | AK99: #DIV/0! | AL99: #DIV/0! | AM99: #DIV/0! | AN99: 0 | AO99: 0 | AP99: #DIV/0! | AQ99: 0 | AR99: 0.084530612
A100: 12591 | B100: LYAM-X2452-SL | C100: =_xlfn.XLOOKUP(A100,[1]分配表!J:J,[1]分配表!L:L) -> 46142 | D100: =IF(_xlfn.XLOOKUP(A100,[1]分配表!J:J,[1]分配表!M:M,"未出单")=0,"未出单",_xlfn.XLOOKUP(A100,[1]分配表!J:J,[1]分配表!M:M,"未出单")) -> 46152 | E100: 王偲涵 | F100: =_xlfn.XLOOKUP(A100,[1]分配表!A:A,[1]分配表!C:C) -> 王偲涵 | G100: =IF(_xlfn.XLOOKUP($A100,[1]分配表!$A:$A,[1]分配表!D:D)=0,"未分类",_xlfn.XLOOKUP($A100,[1]分配表!$A:$A,[1]分配表!D:D)) -> 车身外扩件 | H100: =_xlfn.XLOOKUP(A100,[1]分配表!J:J,[1]分配表!I:I) -> 原开品 | I100: =COUNTIFS([1]月销售数据!L:L,A100,[1]月销售数据!M:M,">=2026-4-1",[1]月销售数据!M:M,"<=2026-4-30") -> 1 | J100: =COUNTIFS([1]月销售数据!L:L,A100,[1]月销售数据!M:M,">=2026-5-1",[1]月销售数据!M:M,"<=2026-5-31") -> 2 | K100: 未出单 | L100: N | M100: 未记录 | N100: 竞争无优势 | O100: 0 | P100: 6 | Q100: 0 | R100: 750 | S100: 0 | T100: 5 | V100: =T100+P100 -> 11 | W100: 0 | X100: 0.54545455 | Y100: 0 | Z100: 0 | AA100: 0 | AB100: #DIV/0! | AC100: #DIV/0! | AD100: 5 | AE100: 676.88 | AF100: 38.75 | AG100: 0.057247961 | AH100: 0.051666667 | AI100: 0 | AJ100: 0 | AK100: #DIV/0! | AL100: #DIV/0! | AM100: #DIV/0! | AN100: 0 | AO100: 0 | AP100: #DIV/0! | AQ100: 0 | AR100: 0.05264
...

Sheet 新品PLP数据
A1: 统计周期 | B1: 广告活动 | C1: SKU | D1: ID | E1: 店铺 | F1: PLP开始日期 | G1: 实际上架日期 | H1: 首次出单日期 | I1: 当月分析人 | J1: 品类 | K1: 产品拓展 | L1: 广告曝光量 | M1: 广告点击量 | N1: 广告售出数 | O1: 广告花费 | P1: 广告销售额 | Q1: 总销售额 | R1: ROAS | S1: CVR | T1: CTR | U1: CPC | V1: CPA | W1: ACOS | X1: ACOAS | Y1: 是否开启PLG
A2: 5月 | B2: 总数据 | C2: 广告链接数量： | F2: 96 | J2: 总数据： | L2: 205973 | M2: 2434 | N2: 164 | O2: 1503.67 | P2: 13463.19 | Q2: 49402.6 | R2: 8.9535536 | S2: 0.0673788 | T2: 0.011817083 | U2: 0.61777732 | V2: 9.1687195 | W2: 0.1116875 | X2: 0.030437062 | Y2: 0
A3: 5月 | B3: LYAP-X1929~张潇~smart | C3: LYAP-X1929 | D3: 177997475019 | E3: gogreenbike | F3: 46114 | G3: 46108 | H3: 46114 | I3: 张潇 | J3: 机盖及附件 | K3: 原开品 | L3: 5489 | M3: 149 | N3: 20 | O3: 54.77 | P3: 761.31 | Q3: 1610 | R3: 13.900128 | S3: 0.13422819 | T3: 0.027145199 | U3: 0.36758389 | V3: 2.7385 | W3: 0.071941785 | X3: 0.034018634
A4: 5月 | B4: LYAP-X1927~张潇~smart~bike | C4: LYAP-X1927 | D4: 177947693144 | E4: gogreenbike | F4: 46162 | G4: 46092 | H4: 46099 | I4: 张潇 | J4: 机盖及附件 | K4: 原开品 | L4: 3667 | M4: 48 | N4: 11 | O4: 15.82 | P4: 329.67 | Q4: 1594.6 | R4: 20.838812 | S4: 0.22916667 | T4: 0.013089719 | U4: 0.32958333 | V4: 1.4381818 | W4: 0.047987381 | X4: 0.0099209833
A5: 5月 | B5: LYAP-X1360-1L~章鹏~smart~bike | C5: LYAP-X1360-1L | D5: 188330683250 | E5: gogreenbike | F5: 46142 | G5: 46142 | H5: 46144 | I5: 章鹏 | J5: 饰条 | K5: 拓展品 | L5: 7891 | M5: 52 | N5: 9 | O5: 16.82 | P5: 401.05 | Q5: 468.87 | R5: 23.843639 | S5: 0.17307692 | T5: 0.0065897858 | U5: 0.32346154 | V5: 1.8688889 | W5: 0.041939908 | X5: 0.035873483
A6: 5月 | B6: LYAP-X1934~张潇~smart~via | C6: LYAP-X1934 | D6: 227255580000 | E6: viautome | F6: 46104 | G6: 46092 | H6: 46104 | I6: 张潇 | J6: 饰条 | K6: 原开品 | L6: 2250 | M6: 40 | N6: 9 | O6: 12.5 | P6: 110.33 | Q6: 342.2 | R6: 8.8264 | S6: 0.225 | T6: 0.017777778 | U6: 0.3125 | V6: 1.3888889 | W6: 0.11329647 | X6: 0.036528346
A7: 5月 | B7: LYAP-X2289~张潇~smart | C7: LYAP-X2289 | D7: 177947769950 | E7: gogreenbike | F7: 46092 | G7: 46092 | H7: 46095 | I7: 张潇 | J7: 饰条 | K7: 原开品 | L7: 12650 | M7: 62 | N7: 8 | O7: 24.46 | P7: 973.25 | Q7: 1596 | R7: 39.789452 | S7: 0.12903226 | T7: 0.0049011858 | U7: 0.39451613 | V7: 3.0575 | W7: 0.025132289 | X7: 0.015325815
A8: 5月 | B8: LYAP-X1934~张潇~smart~flash | C8: LYAP-X1934 | D8: 117085059550 | E8: flashemotor | F8: 46104 | G8: 46092 | H8: 46104 | I8: 张潇 | J8: 饰条 | K8: 原开品 | L8: 2843 | M8: 39 | N8: 8 | O8: 12.42 | P8: 97.49 | Q8: 342.2 | R8: 7.8494364 | S8: 0.20512821 | T8: 0.013717904 | U8: 0.31846154 | V8: 1.5525 | W8: 0.12739768 | X8: 0.036294565
A9: 5月 | B9: LYAM-X2254-L~张潇~smart~xauto | C9: LYAM-X2254-L | D9: 287180832245 | E9: x-autoparts1 | F9: 46097 | G9: 46085 | H9: 46100 | I9: 张潇 | J9: 车门系统 | K9: 原开品 | L9: 1351 | M9: 27 | N9: 7 | O9: 10.56 | P9: 226 | Q9: 448.96 | R9: 21.401515 | S9: 0.25925926 | T9: 0.019985196 | U9: 0.39111111 | V9: 1.5085714 | W9: 0.046725664 | X9: 0.023521026
A10: 5月 | B10: LYAP-X2527~胡煜星~flash | C10: LYAP-X2527 | D10: 117072634866 | E10: flashemotor | F10: 46095 | G10: 46085 | H10: 46086 | I10: 胡煜星 | J10: 其他 | K10: 原开品 | L10: 1298 | M10: 61 | N10: 6 | O10: 25.14 | P10: 579.93 | Q10: 3323 | R10: 23.068019 | S10: 0.098360656 | T10: 0.046995378 | U10: 0.41213115 | V10: 4.19 | W10: 0.043350059 | X10: 0.0075654529
A11: 5月 | B11: LYAM-X2452-SL～胡煜星~smart | C11: LYAM-X2452-SL | D11: 188330738159 | E11: gogreenbike | F11: 46143 | G11: 46142 | H11: 46152 | I11: 王偲涵 | J11: 车身外扩件 | K11: 原开品 | L11: 4464 | M11: 82 | N11: 5 | O11: 38.28 | P11: 676.88 | Q11: 750 | R11: 17.682341 | S11: 0.06097561 | T11: 0.018369176 | U11: 0.46682927 | V11: 7.656 | W11: 0.056553599 | X11: 0.05104
A12: 5月 | B12: LYAP-X2210-C~张潇~smart | C12: LYAP-X2210-BK | D12: 117188996115 | E12: flashemotor | F12: 46148 | G12: 46151 | H12: 46153 | I12: 张潇 | J12: 机盖及附件 | K12: 拓展品 | L12: 2945 | M12: 48 | N12: 5 | O12: 34.05 | P12: 461.02 | Q12: 1023 | R12: 13.539501 | S12: 0.10416667 | T12: 0.016298812 | U12: 0.709375 | V12: 6.81 | W12: 0.073857967 | X12: 0.033284457
A13: 5月 | B13: LYAP-X2190系列~张潇~smart~bike | C13: LYAP-X2190-R | D13: 177944141581 | E13: gogreenbike | F13: 46092 | G13: 46091 | H13: 46106 | I13: 张潇 | J13: 饰条 | K13: 原开品 | L13: 2580 | M13: 18 | N13: 5 | O13: 6.11 | P13: 199.94 | Q13: 261.82 | R13: 32.723404 | S13: 0.27777778 | T13: 0.0069767442 | U13: 0.33944444 | V13: 1.222 | W13: 0.030559168 | X13: 0.023336643
A14: 5月 | B14: LYAM-X2450-SL～胡煜星 | C14: LYAM-X2450-SL | D14: 178088445830 | E14: gogreenbike | F14: 46143 | G14: 46141 | H14: 46143 | I14: 王偲涵 | J14: 车身外扩件 | K14: 原开品 | L14: 5011 | M14: 98 | N14: 4 | O14: 66.31 | P14: 539.99 | Q14: 750 | R14: 8.1434173 | S14: 0.040816327 | T14: 0.019556975 | U14: 0.67663265 | V14: 16.5775 | W14: 0.12279857 | X14: 0.088413333
... A51: 5月 | B51: LYAP-X1916系列~章鹏~bike | C51: LYAP-X1916-R | D51: 188395435756 | E51: gogreenbike | F51: 46161 | G51: 46160 | H51: 46161 | I51: 章鹏 | J51: 饰条 | K51: 原开品 | L51: 27 | M51: 6 | N51: 1 | O51: 1.9 | P51: 103.12 | Q51: 570 | R51: 54.273684 | S51: 0.16666667 | T51: 0.22222222 | U51: 0.31666667 | V51: 1.9 | W51: 0.018425136 | X51: 0.0033333333
A52: 5月 | B52: LYAP-X1879~朱培源 | C52: LYAP-X1879 | D52: 177965595242 | E52: gogreenbike | F52: 46100 | G52: 46097 | H52: 46100 | I52: 朱培源 | J52: 挡泥板 | K52: 原开品 | L52: 3570 | M52: 47 | N52: 0 | O52: 29.68 | P52: 0 | Q52: 267 | R52: 0 | S52: 0 | T52: 0.013165266 | U52: 0.63148936 | V52: #DIV/0! | W52: #DIV/0! | X52: 0.11116105
A53: 5月 | B53: LYAP-X2316~张潇~smart | C53: LYAP-X2316 | D53: 117178509718 | E53: flashemotor | F53: 46153 | G53: 46142 | H53: 46173 | I53: 张潇 | J53: 其他 | K53: 原开品 | L53: 3277 | M53: 47 | N53: 0 | O53: 23.68 | P53: 0 | Q53: 45 | R53: 0 | S53: 0 | T53: 0.014342386 | U53: 0.50382979 | V53: #DIV/0! | W53: #DIV/0! | X53: 0.52622222
A54: 5月 | B54: LYAM-X2438-BK~胡煜星~smart | C54: LYAM-X2438-BK | D54: 188405829710 | E54: gogreenbike | F54: 46163 | G54: 46163 | H54: 未出单 | I54: 朱培源 | J54: 车身外扩件 | K54: 拓展品 | L54: 2876 | M54: 44 | N54: 0 | O54: 20.35 | P54: 0 | Q54: 0 | R54: 0 | S54: 0 | T54: 0.015299026 | U54: 0.4625 | V54: #DIV/0! | W54: #DIV/0! | X54: #DIV/0!
A55: 5月 | B55: LYAP-X2473~张潇~smart | C55: LYAP-X2473 | D55: 178118198199 | E55: gogreenbike | F55: 46151 | G55: 46151 | H55: 未出单 | I55: 张潇 | J55: 其他 | K55: 原开品 | L55: 3731 | M55: 40 | N55: 0 | O55: 17.17 | P55: 0 | Q55: 0 | R55: 0 | S55: 0 | T55: 0.010720986 | U55: 0.42925 | V55: #DIV/0! | W55: #DIV/0! | X55: #DIV/0!
A56: 5月 | B56: LYAM-X2430-BK~胡煜星 | C56: LYAM-X2430-BK | D56: 178149834463 | E56: gogreenbike | F56: 46162 | G56: 46162 | H56: 46167 | I56: 王偲涵 | J56: 车身外扩件 | K56: 原开品 | L56: 2151 | M56: 40 | N56: 0 | O56: 38.26 | P56: 0 | Q56: 234 | R56: 0 | S56: 0 | T56: 0.018596002 | U56: 0.9565 | V56: #DIV/0! | W56: #DIV/0! | X56: 0.16350427
A57: 5月 | B57: LYAM-X2445~胡煜星~smart | C57: LYAM-X2445 | D57: 188402233492 | E57: gogreenbike | F57: 46162 | G57: 46162 | H57: 46171 | I57: 胡煜星 | J57: 车身外扩件 | K57: 原开品 | L57: 1588 | M57: 35 | N57: 0 | O57: 15.23 | P57: 0 | Q57: 140 | R57: 0 | S57: 0 | T57: 0.022040302 | U57: 0.43514286 | V57: #DIV/0! | W57: #DIV/0! | X57: 0.10878571
A58: 5月 | B58: LYAM-X2450-SL～胡煜星 | C58: LYAM-X2450-BK | D58: 188370908284 | E58: gogreenbike | F58: 46143 | G58: 46153 | H58: 46164 | I58: 王偲涵 | J58: 车身外扩件 | K58: 拓展品 | L58: 1142 | M58: 27 | N58: 0 | O58: 15.93 | P58: 0 | Q58: 230 | R58: 0 | S58: 0 | T58: 0.023642732 | U58: 0.59 | V58: #DIV/0! | W58: #DIV/0! | X58: 0.06926087
A59: 5月 | B59: LYAP-X1970~张潇 | C59: LYAP-X1970 | D59: 188402268126 | E59: gogreenbike | F59: 46162 | G59: 46162 | H59: 46170 | I59: 张潇 | J59: 挡泥板 | K59: 原开品 | L59: 870 | M59: 25 | N59: 0 | O59: 35.97 | P59: 0 | Q59: 211.8 | R59: 0 | S59: 0 | T59: 0.028735632 | U59: 1.4388 | V59: #DIV/0! | W59: #DIV/0! | X59: 0.16983003
A60: 5月 | B60: LYAP-X2470~胡煜星 | C60: LYAP-X2470 | D60: 178118166060 | E60: gogreenbike | F60: 46151 | G60: 46151 | H60: 46163 | I60: 胡煜星 | J60: 其他 | K60: 原开品 | L60: 101 | M60: 22 | N60: 0 | O60: 13.14 | P60: 0 | Q60: 96 | R60: 0 | S60: 0 | T60: 0.21782178 | U60: 0.59727273 | V60: #DIV/0! | W60: #DIV/0! | X60: 0.136875
A61: 5月 | B61: LYAM-X2460～胡煜星~smart | C61: LYAM-X2460 | D61: 178090479690 | E61: gogreenbike | F61: 46143 | G61: 46142 | H61: 未出单 | I61: 王偲涵 | J61: 车身外扩件 | K61: 原开品 | L61: 1098 | M61: 20 | N61: 0 | O61: 7.55 | P61: 0 | Q61: 0 | R61: 0 | S61: 0 | T61: 0.018214936 | U61: 0.3775 | V61: #DIV/0! | W61: #DIV/0! | X61: #DIV/0!
A62: 5月 | B62: LYAP-X2385~张潇 | C62: LYAP-X2385 | D62: 178088538756 | E62: gogreenbike | F62: 46142 | G62: 46141 | H62: 46153 | I62: 张潇 | J62: 其他 | K62: 原开品 | L62: 270 | M62: 20 | N62: 0 | O62: 10.06 | P62: 0 | Q62: 480 | R62: 0 | S62: 0 | T62: 0.074074074 | U62: 0.503 | V62: #DIV/0! | W62: #DIV/0! | X62: 0.020958333
A63: 5月 | B63: LYAM-X2439～胡煜星 | C63: LYAM-X2439 | D63: 188328077040 | E63: gogreenbike | F63: 46143 | G63: 46141 | H63: 46152 | I63: 王偲涵 | J63: 车身外扩件 | K63: 原开品 | L63: 892 | M63: 19 | N63: 0 | O63: 9.11 | P63: 0 | Q63: 284 | R63: 0 | S63: 0 | T63: 0.021300448 | U63: 0.47947368 | V63: #DIV/0! | W63: #DIV/0! | X63: 0.032077465
A64: 5月 | B64: LYAP-X2319~胡煜星 | C64: LYAP-X2319 | D64: 188307744865 | E64: gogreenbike | F64: 46137 | G64: 46135 | H64: 未出单 | I64: 胡煜星 | J64: 其他 | K64: 原开品 | L64: 1015 | M64: 18 | N64: 0 | O64: 14.51 | P64: 0 | Q64: 0 | R64: 0 | S64: 0 | T64: 0.01773399 | U64: 0.80611111 | V64: #DIV/0! | W64: #DIV/0! | X64: #DIV/0!
A65: 5月 | B65: LYAP-X2210-C~张潇~smart | C65: LYAP-X2210-C | D65: 117169587615 | E65: flashemotor | F65: 46148 | G65: 46140 | H65: 46142 | I65: 张潇 | J65: 机盖及附件 | K65: 原开品 | L65: 1820 | M65: 14 | N65: 0 | O65: 10.21 | P65: 0 | Q65: 712 | R65: 0 | S65: 0 | T65: 0.0076923077 | U65: 0.72928571 | V65: #DIV/0! | W65: #DIV/0! | X65: 0.014339888
A66: 5月 | B66: LYAP-X2025~ 章鹏~bike | C66: LYAP-X2025 | D66: 178118526210 | E66: gogreenbike | F66: 46151 | G66: 46151 | H66: 46160 | I66: 章鹏 | J66: 其他 | K66: 原开品 | L66: 131 | M66: 14 | N66: 0 | O66: 7.99 | P66: 0 | Q66: 109 | R66: 0 | S66: 0 | T66: 0.10687023 | U66: 0.57071429 | V66: #DIV/0! | W66: #DIV/0! | X66: 0.073302752
A67: 5月 | B67: LYAM-X2440~胡煜星 | C67: LYAM-X2440 | D67: 188402228844 | E67: gogreenbike | F67: 46162 | G67: 46162 | H67: 46164 | I67: 胡煜星 | J67: 车身外扩件 | K67: 原开品 | L67: 765 | M67: 12 | N67: 0 | O67: 6.17 | P67: 0 | Q67: 150 | R67: 0 | S67: 0 | T67: 0.015686275 | U67: 0.51416667 | V67: #DIV/0! | W67: #DIV/0! | X67: 0.041133333
A68: 5月 | B68: LYAP-X1979~胡煜星 | C68: LYAP-X1979 | D68: 188397858058 | E68: gogreenbike | F68: 46161 | G68: 46160 | H68: 46174 | I68: 朱培源 | J68: 挡泥板 | K68: 原开品 | L68: 346 | M68: 12 | N68: 0 | O68: 6.21 | P68: 0 | Q68: 0 | R68: 0 | S68: 0 | T68: 0.034682081 | U68: 0.5175 | V68: #DIV/0! | W68: #DIV/0! | X68: #DIV/0!
A69: 5月 | B69: LYAP-X2479~张潇~smart~flash | C69: LYAP-X2479 | D69: 117210634994 | E69: flashemotor | F69: 46167 | G69: 46163 | H69: 46174 | I69: 张潇 | J69: 车门系统 | K69: 原开品 | L69: 4280 | M69: 11 | N69: 0 | O69: 5.51 | P69: 0 | Q69: 0 | R69: 0 | S69: 0 | T69: 0.0025700935 | U69: 0.50090909 | V69: #DIV/0! | W69: #DIV/0! | X69: #DIV/0!
A70: 5月 | B70: LYAP-X1961~胡煜星 | C70: LYAP-X1961 | D70: 178149860321 | E70: gogreenbike | F70: 46169 | G70: 46162 | H70: 46169 | I70: 朱培源 | J70: 挡泥板 | K70: 原开品 | L70: 73 | M70: 11 | N70: 0 | O70: 8.13 | P70: 0 | Q70: 130 | R70: 0 | S70: 0 | T70: 0.15068493 | U70: 0.73909091 | V70: #DIV/0! | W70: #DIV/0! | X70: 0.062538462
A71: 5月 | B71: LYAM-X2452-BK～胡煜星~smart | C71: LYAM-X2452-BK | D71: 188370869619 | E71: gogreenbike | F71: 46154 | G71: 46153 | H71: 46168 | I71: 王偲涵 | J71: 车身外扩件 | K71: 拓展品 | L71: 750 | M71: 10 | N71: 0 | O71: 4.24 | P71: 0 | Q71: 100 | R71: 0 | S71: 0 | T71: 0.013333333 | U71: 0.424 | V71: #DIV/0! | W71: #DIV/0! | X71: 0.0424
A72: 5月 | B72: LYAP-X2307~胡煜星 | C72: LYAP-X2307 | D72: 178072239367 | E72: gogreenbike | F72: 46137 | G72: 46135 | H72: 46157 | I72: 胡煜星 | J72: 其他 | K72: 原开品 | L72: 1692 | M72: 9 | N72: 0 | O72: 4.66 | P72: 0 | Q72: 252 | R72: 0 | S72: 0 | T72: 0.0053191489 | U72: 0.51777778 | V72: #DIV/0! | W72: #DIV/0! | X72: 0.018492063
A73: 5月 | B73: LYAM-X2449~章鹏~bike | C73: LYAM-X2449 | D73: 178152604132 | E73: gogreenbike | F73: 46164 | G73: 46163 | H73: 未出单 | I73: 章鹏 | J73: 车身外扩件 | K73: 原开品 | L73: 1202 | M73: 9 | N73: 0 | O73: 8.74 | P73: 0 | Q73: 0 | R73: 0 | S73: 0 | T73: 0.0074875208 | U73: 0.97111111 | V73: #DIV/0! | W73: #DIV/0! | X73: #DIV/0!
A74: 5月 | B74: LYAP-385~章鹏~bike | C74: LYAP-385 | D74: 178149836206 | E74: gogreenbike | F74: 46163 | G74: 46162 | H74: 46168 | I74: 章鹏 | J74: 挡泥板 | K74: 拓展品 | L74: 406 | M74: 7 | N74: 0 | O74: 4.48 | P74: 0 | Q74: 71 | R74: 0 | S74: 0 | T74: 0.017241379 | U74: 0.64 | V74: #DIV/0! | W74: #DIV/0! | X74: 0.063098592
A75: 5月 | B75: LYAM-X2444~章鹏~bike | C75: LYAM-X2444 | D75: 178152594239 | E75: gogreenbike | F75: 46164 | G75: 46163 | H75: 未出单 | I75: 章鹏 | J75: 车身外扩件 | K75: 原开品 | L75: 174 | M75: 5 | N75: 0 | O75: 2 | P75: 0 | Q75: 0 | R75: 0 | S75: 0 | T75: 0.028735632 | U75: 0.4 | V75: #DIV/0! | W75: #DIV/0! | X75: #DIV/0!
A76: 5月 | B76: LYAP-X2310系列~胡煜星 | C76: LYAP-X2310-R | D76: 178090483656 | E76: gogreenbike | F76: 46142 | G76: 46142 | H76: 46147 | I76: 胡煜星 | J76: 其他 | K76: 拓展品 | L76: 165 | M76: 5 | N76: 0 | O76: 2.11 | P76: 0 | Q76: 130 | R76: 0 | S76: 0 | T76: 0.03030303 | U76: 0.422 | V76: #DIV/0! | W76: #DIV/0! | X76: 0.016230769
A77: 5月 | B77: LYAP-X2210系列~张潇 | C77: LYAP-X2210-C | D77: 178087818624 | E77: gogreenbike | F77: 46141 | G77: 46140 | H77: 46142 | I77: 张潇 | J77: 机盖及附件 | K77: 原开品 | L77: 335 | M77: 4 | N77: 0 | O77: 2.86 | P77: 0 | Q77: 712 | R77: 0 | S77: 0 | T77: 0.011940299 | U77: 0.715 | V77: #DIV/0! | W77: #DIV/0! | X77: 0.0040168539
A78: 5月 | B78: LYAM-X2895~章鹏 | C78: LYAM-X2895 | D78: 178087821129 | E78: gogreenbike | F78: 46142 | G78: 46140 | H78: 46160 | I78: 章鹏 | J78: 其他 | K78: 原开品 | L78: 213 | M78: 4 | N78: 0 | O78: 1.65 | P78: 0 | Q78: 330 | R78: 0 | S78: 0 | T78: 0.018779343 | U78: 0.4125 | V78: #DIV/0! | W78: #DIV/0! | X78: 0.005
A79: 5月 | B79: LYAP-X2210系列~张潇 | C79: LYAP-X2210-BK | D79: 188364385175 | E79: gogreenbike | F79: 46141 | G79: 46151 | H79: 46153 | I79: 张潇 | J79: 机盖及附件 | K79: 拓展品 | L79: 208 | M79: 4 | N79: 0 | O79: 2.4 | P79: 0 | Q79: 1023 | R79: 0 | S79: 0 | T79: 0.019230769 | U79: 0.6 | V79: #DIV/0! | W79: #DIV/0! | X79: 0.0023460411
A80: 5月 | B80: LYAP-X1360-1L~章鹏~smart~flash | C80: LYAP-X1360-1L | D80: 117178501579 | E80: flashemotor | F80: 46153 | G80: 46142 | H80: 46144 | I80: 章鹏 | J80: 饰条 | K80: 拓展品 | L80: 2840 | M80: 3 | N80: 0 | O80: 0.69 | P80: 0 | Q80: 468.87 | R80: 0 | S80: 0 | T80: 0.001056338 | U80: 0.23 | V80: #DIV/0! | W80: #DIV/0! | X80: 0.0014716233
A81: 5月 | B81: LYAP-X2148-1~张潇 | C81: LYAP-X2148-1R | D81: 117083115196 | E81: flashemotor | F81: 46159 | G81: 46092 | H81: 46112 | I81: 王偲涵 | J81: 饰条 | K81: 拓展品 | L81: 2823 | M81: 3 | N81: 0 | O81: 2.24 | P81: 0 | Q81: 34 | R81: 0 | S81: 0 | T81: 0.0010626993 | U81: 0.74666667 | V81: #DIV/0! | W81: #DIV/0! | X81: 0.065882353
A82: 5月 | B82: LYAP-X2479~张潇 | C82: LYAP-X2479 | D82: 178152564174 | E82: gogreenbike | F82: 46163 | G82: 46163 | H82: 46174 | I82: 张潇 | J82: 车门系统 | K82: 原开品 | L82: 86 | M82: 3 | N82: 0 | O82: 2.39 | P82: 0 | Q82: 0 | R82: 0 | S82: 0 | T82: 0.034883721 | U82: 0.79666667 | V82: #DIV/0! | W82: #DIV/0! | X82: #DIV/0!
A83: 5月 | B83: LYAP-X1927~张潇~smart~flash | C83: LYAP-X1927 | D83: 117083094658 | E83: flashemotor | F83: 46162 | G83: 46092 | H83: 46099 | I83: 张潇 | J83: 机盖及附件 | K83: 原开品 | L83: 397 | M83: 2 | N83: 0 | O83: 0.76 | P83: 0 | Q83: 1594.6 | R83: 0 | S83: 0 | T83: 0.0050377834 | U83: 0.38 | V83: #DIV/0! | W83: #DIV/0! | X83: 0.00047660855
A84: 5月 | B84: LYAM-X2430-BK~胡煜星 | C84: LYAM-X2430-SL | D84: 178170954948 | E84: gogreenbike | F84: 46162 | G84: 46170 | H84: 未出单 | I84: 王偲涵 | J84: 车身外扩件 | K84: 拓展品 | L84: 340 | M84: 2 | N84: 0 | O84: 2.03 | P84: 0 | Q84: 0 | R84: 0 | S84: 0 | T84: 0.0058823529 | U84: 1.015 | V84: #DIV/0! | W84: #DIV/0! | X84: #DIV/0!
A85: 5月 | B85: LYAM-X2442-BK~胡煜星 | C85: LYAM-X2442-BK | D85: 117208949133 | E85: flashemotor | F85: 46170 | G85: 46163 | H85: 46166 | I85: 王偲涵 | J85: 车身外扩件 | K85: 拓展品 | L85: 233 | M85: 2 | N85: 0 | O85: 1.73 | P85: 0 | Q85: 180 | R85: 0 | S85: 0 | T85: 0.008583691 | U85: 0.865 | V85: #DIV/0! | W85: #DIV/0! | X85: 0.0096111111
A86: 5月 | B86: LYAP-X2657~张潇 | C86: LYAP-X2657 | D86: 188405840004 | E86: gogreenbike | F86: 46163 | G86: 46163 | H86: 未出单 | I86: 朱培源 | J86: 牌照板支架 | K86: 原开品 | L86: 38 | M86: 2 | N86: 0 | O86: 0.9 | P86: 0 | Q86: 0 | R86: 0 | S86: 0 | T86: 0.052631579 | U86: 0.45 | V86: #DIV/0! | W86: #DIV/0! | X86: #DIV/0!
A87: 5月 | B87: LYAP-X1916系列~章鹏~bike | C87: LYAP-X1916-L | D87: 188395433417 | E87: gogreenbike | F87: 46161 | G87: 46160 | H87: 46161 | I87: 章鹏 | J87: 饰条 | K87: 原开品 | L87: 24 | M87: 2 | N87: 0 | O87: 0.7 | P87: 0 | Q87: 570 | R87: 0 | S87: 0 | T87: 0.083333333 | U87: 0.35 | V87: #DIV/0! | W87: #DIV/0! | X87: 0.0012280702
A88: 5月 | B88: LYAP-X2190系列~张潇~smart~bike | C88: LYAP-X2190-L | D88: 188139762062 | E88: gogreenbike | F88: 46092 | G88: 46091 | H88: 46101 | I88: 张潇 | J88: 饰条 | K88: 原开品 | L88: 860 | M88: 1 | N88: 0 | O88: 0.36 | P88: 0 | Q88: 38 | R88: 0 | S88: 0 | T88: 0.0011627907 | U88: 0.36 | V88: #DIV/0! | W88: #DIV/0! | X88: 0.0094736842
A89: 5月 | B89: LYAP-X1970~张潇~smart~super | C89: LYAP-X1970 | D89: 336595920600 | E89: superiorparts11 | F89: 46167 | G89: 46162 | H89: 46170 | I89: 张潇 | J89: 挡泥板 | K89: 原开品 | L89: 334 | M89: 1 | N89: 0 | O89: 0.8 | P89: 0 | Q89: 211.8 | R89: 0 | S89: 0 | T89: 0.002994012 | U89: 0.8 | V89: #DIV/0! | W89: #DIV/0! | X89: 0.0037771483
A90: 5月 | B90: LYAP-X2148-1~张潇 | C90: LYAP-X2148-1L | D90: 117083102708 | E90: flashemotor | F90: 46159 | G90: 46092 | H90: 46096 | I90: 王偲涵 | J90: 饰条 | K90: 拓展品 | L90: 73 | M90: 0 | N90: 0 | O90: 0 | P90: 0 | Q90: 141 | R90: #DIV/0! | S90: #DIV/0! | T90: 0 | U90: #DIV/0! | V90: #DIV/0! | W90: #DIV/0! | X90: 0
A91: 5月 | B91: LYAM-X2393-BK~胡煜星~smart | C91: LYAM-X2393-BK | D91: 178170946722 | E91: gogreenbike | F91: 46170 | G91: 46170 | H91: 46174 | I91: 胡煜星 | J91: 车身外扩件 | K91: 原开品 | L91: 46 | M91: 0 | N91: 0 | O91: 0 | P91: 0 | Q91: 0 | R91: #DIV/0! | S91: #DIV/0! | T91: 0 | U91: #DIV/0! | V91: #DIV/0! | W91: #DIV/0! | X91: #DIV/0!
A92: 5月 | B92: LYAM-X2441-BK~王偲涵 | C92: LYAM-X2441-BK | D92: 188433126075 | E92: gogreenbike | F92: 46170 | G92: 46170 | H92: 未出单 | I92: 王偲涵 | J92: 车身外扩件 | K92: 原开品 | L92: 37 | M92: 0 | N92: 0 | O92: 0 | P92: 0 | Q92: 0 | R92: #DIV/0! | S92: #DIV/0! | T92: 0 | U92: #DIV/0! | V92: #DIV/0! | W92: #DIV/0! | X92: #DIV/0!
A93: 5月 | B93: LYAP-X2471~胡煜星 | C93: LYAP-X2471 | D93: 178118173971 | E93: gogreenbike | F93: 46151 | G93: 46151 | H93: 46162 | I93: 胡煜星 | J93: 其他 | K93: 原开品 | L93: 1 | M93: 0 | N93: 0 | O93: 0 | P93: 0 | Q93: 297 | R93: #DIV/0! | S93: #DIV/0! | T93: 0 | U93: #DIV/0! | V93: #DIV/0! | W93: #DIV/0! | X93: 0
A94: 5月 | B94: LYAP-X2130系列~张潇 | C94: LYAP-X2130-1 | D94: 117105177776 | E94: flashemotor | F94: 46175 | G94: 46104 | H94: 46118 | I94: 张潇 | J94: 其他 | K94: 原开品 | L94: 0 | M94: 0 | N94: 0 | O94: 0 | P94: 0 | Q94: 278 | R94: #DIV/0! | S94: #DIV/0! | T94: #DIV/0! | U94: #DIV/0! | V94: #DIV/0! | W94: #DIV/0! | X94: 0
A95: 5月 | B95: LYAP-X2130系列~张潇 | C95: LYAP-X2130-2 | D95: 117105253233 | E95: flashemotor | F95: 46175 | G95: 46104 | H95: 46114 | I95: 张潇 | J95: 其他 | K95: 拓展品 | L95: 0 | M95: 0 | N95: 0 | O95: 0 | P95: 0 | Q95: 392 | R95: #DIV/0! | S95: #DIV/0! | T95: #DIV/0! | U95: #DIV/0! | V95: #DIV/0! | W95: #DIV/0! | X95: 0
A96: 5月 | B96: LYAP-X2308~胡煜星 | C96: LYAP-X2308 | D96: 188126164114 | E96: gogreenbike | F96: 46099 | G96: 46085 | H96: 46091 | I96: 胡煜星 | J96: 其他 | K96: 原开品 | L96: 0 | M96: 0 | N96: 0 | O96: 0 | P96: 0 | Q96: 1454 | R96: #DIV/0! | S96: #DIV/0! | T96: #DIV/0! | U96: #DIV/0! | V96: #DIV/0! | W96: #DIV/0! | X96: 0
A97: 5月 | B97: LYAP-X1966~朱培源 | C97: LYAP-X1966 | D97: 188330773414 | E97: gogreenbike | F97: 46147 | G97: 46142 | H97: 46153 | I97: 朱培源 | J97: 挡泥板 | K97: 原开品 | L97: 0 | M97: 0 | N97: 0 | O97: 0 | P97: 0 | Q97: 1032 | R97: #DIV/0! | S97: #DIV/0! | T97: #DIV/0! | U97: #DIV/0! | V97: #DIV/0! | W97: #DIV/0! | X97: 0
A98: 5月 | B98: LYAP-X1929~smart~统一管理6.5~GuKucheen | C98: LYAP-X1929 | D98: 227280332647 | E98: viautome | F98: 46178 | G98: 46108 | H98: 46114 | I98: 张潇 | J98: 机盖及附件 | K98: 原开品 | L98: 0 | M98: 0 | N98: 0 | O98: 0 | P98: 0 | Q98: 1610 | R98: #DIV/0! | S98: #DIV/0! | T98: #DIV/0! | U98: #DIV/0! | V98: #DIV/0! | W98: #DIV/0! | X98: 0

Sheet 过往产品销售数据
A1: 销售编号 | B1: SKU | C1: 最新上架日期 | D1: 首次出单日期 | E1: 3月分析人 | F1: 4月分析人 | G1: 5月分析人 | H1: 品类 | I1: 产品拓展 | J1: 1月销量 | K1: 2月销量 | L1: 3月销量 | M1: 4月销量 | N1: 5月销量 | O1: 1月销售额 | P1: 2月销售额 | Q1: 3月销售额 | R1: 4月销售额 | S1: 5月销售额 | T1: 1月对手出单 | U1: 2月对手出单 | V1: 3月对手出单 | W1: 4月对手出单 | X1: 5月对手出单 | Y1: 1月市占比 | Z1: 2月市占比 | AA1: 3月市占比 | AB1: 4月市占比 | AC1: 5月市占比 | AD1: 1月市容 | AE1: 2月市容 | AF1: 3月市容 | AG1: 4月市容 | AH1: 5月市容
A2: 11547 | B2: LYAM-X2815-1 | C2: 46026 | D2: 46075 | E2: 朱培源 | F2: 朱培源 | G2: 朱培源 | H2: 机盖及附件 | I2: 原开品 | J2: 0 | K2: 1 | L2: 2 | M2: 6 | N2: =_xlfn.XLOOKUP($A2,[1]月销售数据!$P:$P,[1]月销售数据!$V:$V) -> 2 | O2: 0 | P2: 59 | Q2: 118 | R2: 348 | S2: =_xlfn.XLOOKUP($A2,[1]月销售数据!$P:$P,[1]月销售数据!$AA:$AA) -> 118 | T2: 2 | U2: 1 | V2: 1 | W2: 0 | X2: 2 | Y2: 0 | Z2: 0.5 | AA2: 0.66666667 | AB2: 1 | AC2: 0.5 | AD2: 2 | AE2: 2 | AF2: =V2+L2 -> 3 | AG2: 6 | AH2: 4
A3: 11650 | B3: LYAP-X1861 | C3: 46026 | D3: 46029 | E3: 朱培源 | F3: 朱培源 | G3: 朱培源 | H3: 挡泥板 | I3: 原开品 | J3: 7 | K3: 11 | L3: 14 | M3: 14 | N3: =_xlfn.XLOOKUP(A3,[1]月销售数据!$P:$P,[1]月销售数据!$V:$V) -> 12 | O3: 1050 | P3: 1594.5 | Q3: 2100 | R3: 2064.8 | S3: =_xlfn.XLOOKUP($A3,[1]月销售数据!$P:$P,[1]月销售数据!$AA:$AA) -> 1779.8 | T3: 0 | U3: 0 | V3: 0 | W3: 0 | X3: 6 | Y3: 1 | Z3: 1 | AA3: 1 | AB3: 1 | AC3: 0.66666667 | AD3: 7 | AE3: 11 | AF3: =V3+L3 -> 14 | AG3: 14 | AH3: 18
A4: 11674 | B4: LYAP-X2057 | C4: 46026 | D4: 46028 | E4: 朱培源 | F4: 朱培源 | G4: 朱培源 | H4: 机盖及附件 | I4: 原开品 | J4: 3 | K4: 11 | L4: 16 | M4: 17 | N4: =_xlfn.XLOOKUP(A4,[1]月销售数据!$P:$P,[1]月销售数据!$V:$V) -> 6 | O4: 197.52 | P4: 741.82 | Q4: 1086.81 | R4: 1240.72 | S4: =_xlfn.XLOOKUP($A4,[1]月销售数据!$P:$P,[1]月销售数据!$AA:$AA) -> 497.36 | T4: 1 | U4: 1 | V4: 6 | W4: 6 | X4: 3 | Y4: 0.75 | Z4: 0.91666667 | AA4: 0.72727273 | AB4: 0.73913043 | AC4: 0.66666667 | AD4: 4 | AE4: 12 | AF4: =V4+L4 -> 22 | AG4: 23 | AH4: 9
A5: 11668 | B5: LYAP-X2060-1 | C5: 46026 | D5: 46030 | E5: 朱培源 | F5: 朱培源 | G5: 朱培源 | H5: 机盖及附件 | I5: 原开品 | J5: 2 | K5: 2 | L5: 7 | M5: 5 | N5: =_xlfn.XLOOKUP(A5,[1]月销售数据!$P:$P,[1]月销售数据!$V:$V) -> 5 | O5: 270 | P5: 270 | Q5: 938.25 | R5: 668.25 | S5: =_xlfn.XLOOKUP($A5,[1]月销售数据!$P:$P,[1]月销售数据!$AA:$AA) -> 675 | T5: 0 | U5: 2 | V5: 6 | W5: 4 | X5: 1 | Y5: 1 | Z5: 0.5 | AA5: 0.53846154 | AB5: 0.55555556 | AC5: 0.83333333 | AD5: 2 | AE5: 4 | AF5: =V5+L5 -> 13 | AG5: 9 | AH5: 6
A6: 11681 | B6: LYAP-X1656-1 | C6: 46027 | D6: 46031 | E6: 胡煜星 | F6: 胡煜星 | G6: 胡煜星 | H6: 车门系统 | I6: 拓展品 | J6: 1 | K6: 0 | L6: 1 | M6: 1 | N6: =_xlfn.XLOOKUP(A6,[1]月销售数据!$P:$P,[1]月销售数据!$V:$V) -> 1 | O6: 289 | P6: 0 | Q6: 350 | R6: 350 | S6: =_xlfn.XLOOKUP($A6,[1]月销售数据!$P:$P,[1]月销售数据!$AA:$AA) -> 320 | T6: 0 | U6: 0 | V6: 0 | W6: 0 | X6: 0 | Y6: 1 | Z6: 0 | AA6: 1 | AB6: 1 | AC6: 1 | AD6: 1 | AE6: 0 | AF6: =V6+L6 -> 1 | AG6: 1 | AH6: 1
A7: 11742 | B7: LYAM-X2046-R | C7: 46029 | D7: 46033 | E7: 俞东旭 | F7: 俞东旭 | G7: 俞东旭 | H7: 挡泥板 | I7: 原开品 | J7: 3 | K7: 1 | L7: 11 | M7: 13 | N7: =_xlfn.XLOOKUP(A7,[1]月销售数据!$P:$P,[1]月销售数据!$V:$V) -> 8 | O7: 387 | P7: 105 | Q7: 1243 | R7: 1430 | S7: =_xlfn.XLOOKUP($A7,[1]月销售数据!$P:$P,[1]月销售数据!$AA:$AA) -> 880 | T7: 5 | U7: 9 | V7: 1 | W7: 1 | X7: 0 | Y7: 0.375 | Z7: 0.1 | AA7: 0.91666667 | AB7: 0.92857143 | AC7: 1 | AD7: 8 | AE7: 10 | AF7: =V7+L7 -> 12 | AG7: 14 | AH7: 8
A8: 11603 | B8: LYAP-X1865-1 | C8: 46031 | D8: 46041 | E8: 朱培源 | F8: 朱培源 | G8: 朱培源 | H8: 挡泥板 | I8: 原开品 | J8: 4 | K8: 2 | L8: 7 | M8: 2 | N8: =_xlfn.XLOOKUP(A8,[1]月销售数据!$P:$P,[1]月销售数据!$V:$V) -> 1 | O8: 396 | P8: 238 | Q8: 803.44 | R8: 238 | S8: =_xlfn.XLOOKUP($A8,[1]月销售数据!$P:$P,[1]月销售数据!$AA:$AA) -> 119 | T8: 0 | U8: 0 | V8: 0 | W8: 0 | X8: 0 | Y8: 1 | Z8: 1 | AA8: 1 | AB8: 1 | AC8: 1 | AD8: 4 | AE8: 2 | AF8: =V8+L8 -> 7 | AG8: 2 | AH8: 1
A9: 11704 | B9: LYAM-X2416-BK | C9: 46034 | D9: 46070 | E9: 俞东旭 | F9: 俞东旭 | G9: 俞东旭 | H9: 车身外扩件 | I9: 拓展品 | J9: 0 | K9: 2 | L9: 6 | M9: 4 | N9: =_xlfn.XLOOKUP(A9,[1]月销售数据!$P:$P,[1]月销售数据!$V:$V) -> 3 | O9: 0 | P9: 204 | Q9: 612 | R9: 401 | S9: =_xlfn.XLOOKUP($A9,[1]月销售数据!$P:$P,[1]月销售数据!$AA:$AA) -> 289.6 | T9: 3 | U9: 8 | V9: 8 | W9: 8 | X9: 10 | Y9: 0 | Z9: 0.2 | AA9: 0.42857143 | AB9: 0.33333333 | AC9: 0.23076923 | AD9: 3 | AE9: 10 | AF9: =V9+L9 -> 14 | AG9: 12 | AH9: 13
A10: 11699 | B10: LYAM-X2416-C | C10: 46034 | D10: 46044 | E10: 俞东旭 | F10: 俞东旭 | G10: 俞东旭 | H10: 车身外扩件 | I10: 原开品 | J10: 4 | K10: 2 | L10: 5 | M10: 4 | N10: =_xlfn.XLOOKUP(A10,[1]月销售数据!$P:$P,[1]月销售数据!$V:$V) -> 4 | O10: 440 | P10: 220 | Q10: 550 | R10: 445 | S10: =_xlfn.XLOOKUP($A10,[1]月销售数据!$P:$P,[1]月销售数据!$AA:$AA) -> 445 | T10: 5 | U10: 12 | V10: 10 | W10: 13 | X10: 10 | Y10: 0.44444444 | Z10: 0.14285714 | AA10: 0.33333333 | AB10: 0.23529412 | AC10: 0.28571429 | AD10: 9 | AE10: 14 | AF10: =V10+L10 -> 15 | AG10: 17 | AH10: 14
A11: 11982 | B11: LYAM-X2267-1 | C11: 46034 | D11: 46036 | E11: 朱培源 | F11: 朱培源 | G11: 朱培源 | H11: 机盖及附件 | I11: 原开品 | J11: 3 | K11: 6 | L11: 6 | M11: 8 | N11: =_xlfn.XLOOKUP(A11,[1]月销售数据!$P:$P,[1]月销售数据!$V:$V) -> 10 | O11: 465 | P11: 915.99 | Q11: 922.64 | R11: 1212.99 | S11: =_xlfn.XLOOKUP($A11,[1]月销售数据!$P:$P,[1]月销售数据!$AA:$AA) -> 1516.94 | T11: 3 | U11: 2 | V11: 3 | W11: 4 | X11: 2 | Y11: 0.5 | Z11: 0.75 | AA11: 0.66666667 | AB11: 0.66666667 | AC11: 0.83333333 | AD11: 6 | AE11: 8 | AF11: =V11+L11 -> 9 | AG11: 12 | AH11: 12
A12: 11911 | B12: LYAM-X2575-1 | C12: 46034 | D12: 46043 | E12: 胡煜星 | F12: 胡煜星 | G12: 胡煜星 | H12: 车门系统 | I12: 原开品 | J12: 4 | K12: 16 | L12: 33 | M12: 33 | N12: =_xlfn.XLOOKUP(A12,[1]月销售数据!$P:$P,[1]月销售数据!$V:$V) -> 29 | O12: 248.64 | P12: 994.56 | Q12: 2050.78 | R12: 2048.78 | S12: =_xlfn.XLOOKUP($A12,[1]月销售数据!$P:$P,[1]月销售数据!$AA:$AA) -> 1820.46 | T12: 21 | U12: 53 | V12: 80 | W12: 80 | X12: 85 | Y12: 0.16 | Z12: 0.23188406 | AA12: 0.2920354 | AB12: 0.2920354 | AC12: 0.25438596 | AD12: 25 | AE12: 69 | AF12: =V12+L12 -> 113 | AG12: 113 | AH12: 114
A13: 11848 | B13: LYAM-X2575-3 | C13: 46034 | D13: 46054 | E13: 胡煜星 | F13: 胡煜星 | G13: 胡煜星 | H13: 车门系统 | I13: 拓展品 | J13: 0 | K13: 3 | L13: 7 | M13: 6 | N13: =_xlfn.XLOOKUP(A13,[1]月销售数据!$P:$P,[1]月销售数据!$V:$V) -> 8 | O13: 0 | P13: 165 | Q13: 385 | R13: 305.8 | S13: =_xlfn.XLOOKUP($A13,[1]月销售数据!$P:$P,[1]月销售数据!$AA:$AA) -> 396 | T13: 0 | U13: 0 | V13: 2 | W13: 3 | X13: 4 | Y13: 0 | Z13: 1 | AA13: 0.77777778 | AB13: 0.66666667 | AC13: 0.66666667 | AD13: 0 | AE13: 3 | AF13: =V13+L13 -> 9 | AG13: 9 | AH13: 12
A14: 11875 | B14: LYAP-X1659-1L | C14: 46034 | D14: 46041 | E14: 胡煜星 | F14: 胡煜星 | G14: 胡煜星 | H14: 车门系统 | I14: 拓展品 | J14: 10 | K14: 10 | L14: 20 | M14: 6 | N14: =_xlfn.XLOOKUP(A14,[1]月销售数据!$P:$P,[1]月销售数据!$V:$V) -> 0 | O14: 2300 | P14: 2320.34 | Q14: 4838.64 | R14: 1437.44 | S14: =_xlfn.XLOOKUP($A14,[1]月销售数据!$P:$P,[1]月销售数据!$AA:$AA) -> 0 | T14: 0 | U14: 0 | V14: 0 | W14: 0 | X14: 0 | Y14: 1 | Z14: 1 | AA14: 1 | AB14: 1 | AC14: 市场无出单 | AD14: 10 | AE14: 10 | AF14: =V14+L14 -> 20 | AG14: 6 | AH14: 0
A15: 11833 | B15: LYAP-X2131 | C15: 46034 | D15: 46040 | E15: 俞东旭 | F15: 俞东旭 | G15: 俞东旭 | H15: 其他 | I15: 原开品 | J15: 1 | K15: 8 | L15: 11 | M15: 5 | N15: =_xlfn.XLOOKUP(A15,[1]月销售数据!$P:$P,[1]月销售数据!$V:$V) -> 9 | O15: 158 | P15: 360 | Q15: 490.5 | R15: 222.75 | S15: =_xlfn.XLOOKUP($A15,[1]月销售数据!$P:$P,[1]月销售数据!$AA:$AA) -> 405 | T15: 1 | U15: 1 | V15: 0 | W15: 0 | X15: 1 | Y15: 0.5 | Z15: 0.88888889 | AA15: 1 | AB15: 1 | AC15: 0.9 | AD15: 2 | AE15: 9 | AF15: =V15+L15 -> 11 | AG15: 5 | AH15: 10
A16: 11683 | B16: LYAP-X1656-1R | C16: 46041 | D16: 未出单 | E16: 胡煜星 | F16: 胡煜星 | G16: 胡煜星 | H16: 车门系统 | I16: 拓展品 | J16: 0 | K16: 0 | L16: 0 | M16: 0 | N16: =_xlfn.XLOOKUP(A16,[1]月销售数据!$P:$P,[1]月销售数据!$V:$V) -> 0 | O16: 0 | P16: 0 | Q16: 0 | R16: 0 | S16: =_xlfn.XLOOKUP($A16,[1]月销售数据!$P:$P,[1]月销售数据!$AA:$AA) -> 0 | T16: 0 | U16: 0 | V16: 0 | W16: 0 | X16: 0 | Y16: 0 | Z16: 0 | AA16: 市场无出单 | AB16: 0 | AC16: 市场无出单 | AD16: 0 | AE16: 0 | AF16: =V16+L16 -> 0 | AG16: 0 | AH16: 0
A17: 11733 | B17: LYAP-X1789-4R | C17: 46041 | D17: 46066 | E17: 俞东旭 | F17: 俞东旭 | G17: 俞东旭 | H17: 车门系统 | I17: 原开品 | J17: 0 | K17: 5 | L17: 4 | M17: 6 | N17: =_xlfn.XLOOKUP(A17,[1]月销售数据!$P:$P,[1]月销售数据!$V:$V) -> 3 | O17: 0 | P17: 175 | Q17: 140 | R17: 216 | S17: =_xlfn.XLOOKUP($A17,[1]月销售数据!$P:$P,[1]月销售数据!$AA:$AA) -> 107 | T17: 0 | U17: 0 | V17: 0 | W17: 0 | X17: 0 | Y17: 0 | Z17: 1 | AA17: 1 | AB17: 1 | AC17: 1 | AD17: 0 | AE17: 5 | AF17: =V17+L17 -> 4 | AG17: 6 | AH17: 3
A18: 11751 | B18: LYAP-X2040 | C18: 46041 | D18: 46043 | E18: 王偲涵 | F18: 王偲涵 | G18: 王偲涵 | H18: 饰条 | I18: 原开品 | J18: 2 | K18: 24 | L18: 40 | M18: 28 | N18: =_xlfn.XLOOKUP(A18,[1]月销售数据!$P:$P,[1]月销售数据!$V:$V) -> 19 | O18: 138 | P18: 1652.55 | Q18: 2761.5 | R18: 2054.96 | S18: =_xlfn.XLOOKUP($A18,[1]月销售数据!$P:$P,[1]月销售数据!$AA:$AA) -> 1387.5 | T18: 6 | U18: 10 | V18: 9 | W18: 8 | X18: 17 | Y18: 0.25 | Z18: 0.70588235 | AA18: 0.81632653 | AB18: 0.77777778 | AC18: 0.52777778 | AD18: 8 | AE18: 34 | AF18: =V18+L18 -> 49 | AG18: 36 | AH18: 36
A19: 11830 | B19: LYAP-X1919 | C19: 46041 | D19: 46054 | E19: 王偲涵 | F19: 王偲涵 | G19: 王偲涵 | H19: 饰条 | I19: 原开品 | J19: 0 | K19: 21 | L19: 22 | M19: 13 | N19: =_xlfn.XLOOKUP(A19,[1]月销售数据!$P:$P,[1]月销售数据!$V:$V) -> 7 | O19: 0 | P19: 1239 | Q19: 1298 | R19: 767 | S19: =_xlfn.XLOOKUP($A19,[1]月销售数据!$P:$P,[1]月销售数据!$AA:$AA) -> 399.5 | T19: 0 | U19: 1 | V19: 0 | W19: 3 | X19: 3 | Y19: 0 | Z19: 0.95454545 | AA19: 1 | AB19: 0.8125 | AC19: 0.7 | AD19: 0 | AE19: 22 | AF19: =V19+L19 -> 22 | AG19: 16 | AH19: 10
A20: 11736 | B20: LYAM-X2046-L | C20: 46042 | D20: 46065 | E20: 俞东旭 | F20: 俞东旭 | G20: 俞东旭 | H20: 挡泥板 | I20: 原开品 | J20: 0 | K20: 8 | L20: 13 | M20: 14 | N20: =_xlfn.XLOOKUP(A20,[1]月销售数据!$P:$P,[1]月销售数据!$V:$V) -> 12 | O20: 0 | P20: 839.95 | Q20: 1392 | R20: 1486 | S20: =_xlfn.XLOOKUP($A20,[1]月销售数据!$P:$P,[1]月销售数据!$AA:$AA) -> 1304.42 | T20: 2 | U20: 15 | V20: 7 | W20: 1 | X20: 2 | Y20: 0 | Z20: 0.34782609 | AA20: 0.65 | AB20: 0.93333333 | AC20: 0.85714286 | AD20: 2 | AE20: 23 | AF20: =V20+L20 -> 20 | AG20: 15 | AH20: 14
A21: 11745 | B21: LYAP-X1914 | C21: 46042 | D21: 46047 | E21: 朱培源 | F21: 朱培源 | G21: 朱培源 | H21: 机盖及附件 | I21: 原开品 | J21: 1 | K21: 3 | L21: 9 | M21: 11 | N21: =_xlfn.XLOOKUP(A21,[1]月销售数据!$P:$P,[1]月销售数据!$V:$V) -> 10 | O21: 80 | P21: 240 | Q21: 697.93 | R21: 839.12 | S21: =_xlfn.XLOOKUP($A21,[1]月销售数据!$P:$P,[1]月销售数据!$AA:$AA) -> 664.9 | T21: 3 | U21: 14 | V21: 13 | W21: 17 | X21: 14 | Y21: 0.25 | Z21: 0.17647059 | AA21: 0.40909091 | AB21: 0.39285714 | AC21: 0.41666667 | AD21: 4 | AE21: 17 | AF21: =V21+L21 -> 22 | AG21: 28 | AH21: 24
A22: 11777 | B22: LYAM-X2756 | C22: 46042 | D22: 46065 | E22: 朱培源 | F22: 朱培源 | G22: 朱培源 | H22: 机盖及附件 | I22: 原开品 | J22: 0 | K22: 2 | L22: 7 | M22: 5 | N22: =_xlfn.XLOOKUP(A22,[1]月销售数据!$P:$P,[1]月销售数据!$V:$V) -> 5 | O22: 0 | P22: 430 | Q22: 1485 | R22: 1075 | S22: =_xlfn.XLOOKUP($A22,[1]月销售数据!$P:$P,[1]月销售数据!$AA:$AA) -> 1022 | T22: 0 | U22: 0 | V22: 0 | W22: 1 | X22: 0 | Y22: 0 | Z22: 1 | AA22: 1 | AB22: 0.83333333 | AC22: 1 | AD22: 0 | AE22: 2 | AF22: =V22+L22 -> 7 | AG22: 6 | AH22: 5
A23: 11778 | B23: LYAP-X1662-1 | C23: 46042 | D23: 46095 | E23: 胡煜星 | F23: 胡煜星 | G23: 胡煜星 | H23: 车门系统 | I23: 原开品 | J23: 0 | K23: 0 | L23: 1 | M23: 0 | N23: =_xlfn.XLOOKUP(A23,[1]月销售数据!$P:$P,[1]月销售数据!$V:$V) -> 0 | O23: 0 | P23: 0 | Q23: 398 | R23: 0 | S23: =_xlfn.XLOOKUP($A23,[1]月销售数据!$P:$P,[1]月销售数据!$AA:$AA) -> 0 | T23: 0 | U23: 0 | V23: 0 | W23: 0 | X23: 0 | Y23: 0 | Z23: 0 | AA23: 1 | AB23: 0 | AC23: 市场无出单 | AD23: 0 | AE23: 0 | AF23: =V23+L23 -> 1 | AG23: 0 | AH23: 0
A24: 11780 | B24: LYAP-X1640-1R | C24: 46042 | D24: 46044 | E24: 胡煜星 | F24: 胡煜星 | G24: 胡煜星 | H24: 车门系统 | I24: 拓展品 | J24: 0 | K24: 1 | L24: 0 | M24: 1 | N24: =_xlfn.XLOOKUP(A24,[1]月销售数据!$P:$P,[1]月销售数据!$V:$V) -> 0 | O24: 0 | P24: 160 | Q24: 0 | R24: 160 | S24: =_xlfn.XLOOKUP($A24,[1]月销售数据!$P:$P,[1]月销售数据!$AA:$AA) -> 0 | T24: 0 | U24: 0 | V24: 0 | W24: 0 | X24: 0 | Y24: 0 | Z24: 1 | AA24: 市场无出单 | AB24: 1 | AC24: 市场无出单 | AD24: 0 | AE24: 1 | AF24: =V24+L24 -> 0 | AG24: 1 | AH24: 0
A25: 11781 | B25: LYAP-X1791-3L | C25: 46042 | D25: 46062 | E25: 俞东旭 | F25: 俞东旭 | G25: 俞东旭 | H25: 车门系统 | I25: 拓展品 | J25: 0 | K25: 2 | L25: 17 | M25: 9 | N25: =_xlfn.XLOOKUP(A25,[1]月销售数据!$P:$P,[1]月销售数据!$V:$V) -> 6 | O25: 0 | P25: 60 | Q25: 519 | R25: 252.9 | S25: =_xlfn.XLOOKUP($A25,[1]月销售数据!$P:$P,[1]月销售数据!$AA:$AA) -> 165.4 | T25: 3 | U25: 19 | V25: 21 | W25: 17 | X25: 18 | Y25: 0 | Z25: 0.095238095 | AA25: 0.44736842 | AB25: 0.34615385 | AC25: 0.25 | AD25: 3 | AE25: 21 | AF25: =V25+L25 -> 38 | AG25: 26 | AH25: 24
A26: 11792 | B26: LYAP-X1640-1L | C26: 46042 | D26: 46051 | E26: 胡煜星 | F26: 胡煜星 | G26: 胡煜星 | H26: 车门系统 | I26: 拓展品 | J26: 1 | K26: 2 | L26: 3 | M26: 2 | N26: =_xlfn.XLOOKUP(A26,[1]月销售数据!$P:$P,[1]月销售数据!$V:$V) -> 1 | O26: 160 | P26: 292.8 | Q26: 428.7 | R26: 292 | S26: =_xlfn.XLOOKUP($A26,[1]月销售数据!$P:$P,[1]月销售数据!$AA:$AA) -> 148.8 | T26: 0 | U26: 0 | V26: 0 | W26: 0 | X26: 0 | Y26: 1 | Z26: 1 | AA26: 1 | AB26: 1 | AC26: 1 | AD26: 1 | AE26: 2 | AF26: =V26+L26 -> 3 | AG26: 2 | AH26: 1
A27: 11793 | B27: LYAP-X1791-3R | C27: 46042 | D27: 46062 | E27: 俞东旭 | F27: 俞东旭 | G27: 俞东旭 | H27: 车门系统 | I27: 拓展品 | J27: 0 | K27: 2 | L27: 8 | M27: 3 | N27: =_xlfn.XLOOKUP(A27,[1]月销售数据!$P:$P,[1]月销售数据!$V:$V) -> 3 | O27: 0 | P27: 69 | Q27: 249 | R27: 90 | S27: =_xlfn.XLOOKUP($A27,[1]月销售数据!$P:$P,[1]月销售数据!$AA:$AA) -> 90 | T27: 1 | U27: 2 | V27: 1 | W27: 2 | X27: 0 | Y27: 0 | Z27: 0.5 | AA27: 0.88888889 | AB27: 0.6 | AC27: 1 | AD27: 1 | AE27: 4 | AF27: =V27+L27 -> 9 | AG27: 5 | AH27: 3
A28: 11904 | B28: LYAM-X2305-1 | C28: 46042 | D28: 46050 | E28: 俞东旭 | F28: 胡煜星 | G28: 胡煜星 | H28: 车身外扩件 | I28: 原开品 | J28: 1 | K28: 3 | L28: 12 | M28: 4 | N28: =_xlfn.XLOOKUP(A28,[1]月销售数据!$P:$P,[1]月销售数据!$V:$V) -> 5 | O28: 94.5 | P28: 249.75 | Q28: 927.68 | R28: 322.28 | S28: =_xlfn.XLOOKUP($A28,[1]月销售数据!$P:$P,[1]月销售数据!$AA:$AA) -> 403.85 | T28: 0 | U28: 6 | V28: 9 | W28: 4 | X28: 25 | Y28: 1 | Z28: 0.33333333 | AA28: 0.57142857 | AB28: 0.5 | AC28: 0.16666667 | AD28: 1 | AE28: 9 | AF28: =V28+L28 -> 21 | AG28: 8 | AH28: 30
A29: 11756 | B29: LYAP-X1662-2 | C29: 46043 | D29: 46059 | E29: 胡煜星 | F29: 胡煜星 | G29: 胡煜星 | H29: 车门系统 | I29: 拓展品 | J29: 0 | K29: 2 | L29: 0 | M29: 1 | N29: =_xlfn.XLOOKUP(A29,[1]月销售数据!$P:$P,[1]月销售数据!$V:$V) -> 0 | O29: 0 | P29: 596 | Q29: 0 | R29: 398 | S29: =_xlfn.XLOOKUP($A29,[1]月销售数据!$P:$P,[1]月销售数据!$AA:$AA) -> 0 | T29: 0 | U29: 0 | V29: 0 | W29: 0 | X29: 0 | Y29: 0 | Z29: 1 | AA29: 市场无出单 | AB29: 1 | AC29: 市场无出单 | AD29: 0 | AE29: 2 | AF29: =V29+L29 -> 0 | AG29: 1 | AH29: 0
A30: 11757 | B30: LYAP-X1908-BK | C30: 46043 | D30: 46045 | E30: 朱培源 | F30: 朱培源 | G30: 朱培源 | H30: 饰条 | I30: 拓展品 | J30: 3 | K30: 10 | L30: 9 | M30: 4 | N30: =_xlfn.XLOOKUP(A30,[1]月销售数据!$P:$P,[1]月销售数据!$V:$V) -> 3 | O30: 144 | P30: 480 | Q30: 432 | R30: 192 | S30: =_xlfn.XLOOKUP($A30,[1]月销售数据!$P:$P,[1]月销售数据!$AA:$AA) -> 144 | T30: 0 | U30: 0 | V30: 0 | W30: 3 | X30: 2 | Y30: 1 | Z30: 1 | AA30: 1 | AB30: 0.57142857 | AC30: 0.6 | AD30: 3 | AE30: 10 | AF30: =V30+L30 -> 9 | AG30: 7 | AH30: 5
A31: 11758 | B31: LYAP-X1908-C | C31: 46043 | D31: 46044 | E31: 朱培源 | F31: 朱培源 | G31: 朱培源 | H31: 饰条 | I31: 原开品 | J31: 2 | K31: 16 | L31: 11 | M31: 26 | N31: =_xlfn.XLOOKUP(A31,[1]月销售数据!$P:$P,[1]月销售数据!$V:$V) -> 22 | O31: 96 | P31: 768 | Q31: 519 | R31: 1174.9 | S31: =_xlfn.XLOOKUP($A31,[1]月销售数据!$P:$P,[1]月销售数据!$AA:$AA) -> 991.57 | T31: 4 | U31: 11 | V31: 24 | W31: 20 | X31: 20 | Y31: 0.33333333 | Z31: 0.59259259 | AA31: 0.31428571 | AB31: 0.56521739 | AC31: 0.52380952 | AD31: 6 | AE31: 27 | AF31: =V31+L31 -> 35 | AG31: 46 | AH31: 42
A32: 11808 | B32: LYAP-X1910-BK | C32: 46043 | D32: 46069 | E32: 朱培源 | F32: 朱培源 | G32: 朱培源 | H32: 饰条 | I32: 拓展品 | J32: 0 | K32: 1 | L32: 7 | M32: 2 | N32: =_xlfn.XLOOKUP(A32,[1]月销售数据!$P:$P,[1]月销售数据!$V:$V) -> 1 | O32: 0 | P32: 48 | Q32: 336 | R32: 96 | S32: =_xlfn.XLOOKUP($A32,[1]月销售数据!$P:$P,[1]月销售数据!$AA:$AA) -> 48 | T32: 1 | U32: 8 | V32: 11 | W32: 11 | X32: 10 | Y32: 0 | Z32: 0.11111111 | AA32: 0.38888889 | AB32: 0.15384615 | AC32: 0.090909091 | AD32: 1 | AE32: 9 | AF32: =V32+L32 -> 18 | AG32: 13 | AH32: 11
A33: 11809 | B33: LYAP-X1910-C | C33: 46043 | D33: 46043 | E33: 朱培源 | F33: 朱培源 | G33: 朱培源 | H33: 饰条 | I33: 原开品 | J33: 2 | K33: 12 | L33: 16 | M33: 20 | N33: =_xlfn.XLOOKUP(A33,[1]月销售数据!$P:$P,[1]月销售数据!$V:$V) -> 16 | O33: 100 | P33: 596.34 | Q33: 792.46 | R33: 987.8 | S33: =_xlfn.XLOOKUP($A33,[1]月销售数据!$P:$P,[1]月销售数据!$AA:$AA) -> 788.35 | T33: 6 | U33: 12 | V33: 9 | W33: 8 | X33: 9 | Y33: 0.25 | Z33: 0.5 | AA33: 0.64 | AB33: 0.71428571 | AC33: 0.64 | AD33: 8 | AE33: 24 | AF33: =V33+L33 -> 25 | AG33: 28 | AH33: 25
A34: 11823 | B34: LYAP-X1939-1 | C34: 46043 | D34: 46045 | E34: 王偲涵 | F34: 王偲涵 | G34: 王偲涵 | H34: 饰条 | I34: 原开品 | J34: 5 | K34: 9 | L34: 5 | M34: 0 | N34: =_xlfn.XLOOKUP(A34,[1]月销售数据!$P:$P,[1]月销售数据!$V:$V) -> 4 | O34: 225 | P34: 412.5 | Q34: 231 | R34: 0 | S34: =_xlfn.XLOOKUP($A34,[1]月销售数据!$P:$P,[1]月销售数据!$AA:$AA) -> 148 | T34: 0 | U34: 0 | V34: 2 | W34: 10 | X34: 5 | Y34: 1 | Z34: 1 | AA34: 0.71428571 | AB34: 0 | AC34: 0.44444444 | AD34: 5 | AE34: 9 | AF34: =V34+L34 -> 7 | AG34: 10 | AH34: 9
A35: 11814 | B35: LYAP-X2020 | C35: 46043 | D35: 46066 | E35: 朱培源 | F35: 朱培源 | G35: 朱培源 | H35: 饰条 | I35: 原开品 | J35: 0 | K35: 3 | L35: 5 | M35: 6 | N35: =_xlfn.XLOOKUP(A35,[1]月销售数据!$P:$P,[1]月销售数据!$V:$V) -> 2 | O35: 0 | P35: 135 | Q35: 225 | R35: 265.38 | S35: =_xlfn.XLOOKUP($A35,[1]月销售数据!$P:$P,[1]月销售数据!$AA:$AA) -> 79.23 | T35: 3 | U35: 14 | V35: 9 | W35: 10 | X35: 4 | Y35: 0 | Z35: 0.17647059 | AA35: 0.35714286 | AB35: 0.375 | AC35: 0.33333333 | AD35: 3 | AE35: 17 | AF35: =V35+L35 -> 14 | AG35: 16 | AH35: 6
A36: 11815 | B36: LYAP-X2021 | C36: 46043 | D36: 46083 | E36: 朱培源 | F36: 朱培源 | G36: 朱培源 | H36: 饰条 | I36: 原开品 | J36: 0 | K36: 0 | L36: 2 | M36: 1 | N36: =_xlfn.XLOOKUP(A36,[1]月销售数据!$P:$P,[1]月销售数据!$V:$V) -> 1 | O36: 0 | P36: 0 | Q36: 86 | R36: 34.62 | S36: =_xlfn.XLOOKUP($A36,[1]月销售数据!$P:$P,[1]月销售数据!$AA:$AA) -> 34.62 | T36: 2 | U36: 5 | V36: 10 | W36: 14 | X36: 9 | Y36: 0 | Z36: 0 | AA36: 0.16666667 | AB36: 0.066666667 | AC36: 0.1 | AD36: 2 | AE36: 5 | AF36: =V36+L36 -> 12 | AG36: 15 | AH36: 10
A37: 11824 | B37: LYAP-X2032 | C37: 46043 | D37: 46046 | E37: 朱培源 | F37: 朱培源 | G37: 朱培源 | H37: 机盖及附件 | I37: 原开品 | J37: 5 | K37: 4 | L37: 4 | M37: 7 | N37: =_xlfn.XLOOKUP(A37,[1]月销售数据!$P:$P,[1]月销售数据!$V:$V) -> 9 | O37: 675 | P37: 540 | Q37: 547 | R37: 952 | S37: =_xlfn.XLOOKUP($A37,[1]月销售数据!$P:$P,[1]月销售数据!$AA:$AA) -> 1222 | T37: 0 | U37: 0 | V37: 0 | W37: 0 | X37: 0 | Y37: 1 | Z37: 1 | AA37: 1 | AB37: 1 | AC37: 1 | AD37: 5 | AE37: 4 | AF37: =V37+L37 -> 4 | AG37: 7 | AH37: 9
A38: 11855 | B38: LYAP-X2081-1 | C38: 46043 | D38: 46072 | E38: 俞东旭 | F38: 俞东旭 | G38: 俞东旭 | H38: 挡泥板 | I38: 原开品 | J38: 0 | K38: 3 | L38: 2 | M38: 8 | N38: =_xlfn.XLOOKUP(A38,[1]月销售数据!$P:$P,[1]月销售数据!$V:$V) -> 4 | O38: 0 | P38: 237 | Q38: 158 | R38: 635 | S38: =_xlfn.XLOOKUP($A38,[1]月销售数据!$P:$P,[1]月销售数据!$AA:$AA) -> 316 | T38: 0 | U38: 5 | V38: 3 | W38: 1 | X38: 0 | Y38: 0 | Z38: 0.375 | AA38: 0.4 | AB38: 0.88888889 | AC38: 1 | AD38: 0 | AE38: 8 | AF38: =V38+L38 -> 5 | AG38: 9 | AH38: 4
A39: 11856 | B39: LYAP-X2081-1L | C39: 46043 | D39: 46076 | E39: 俞东旭 | F39: 俞东旭 | G39: 俞东旭 | H39: 挡泥板 | I39: 拓展品 | J39: 0 | K39: 1 | L39: 2 | M39: 4 | N39: =_xlfn.XLOOKUP(A39,[1]月销售数据!$P:$P,[1]月销售数据!$V:$V) -> 2 | O39: 0 | P39: 39.09 | Q39: 81.09 | R39: 161.18 | S39: =_xlfn.XLOOKUP($A39,[1]月销售数据!$P:$P,[1]月销售数据!$AA:$AA) -> 82 | T39: 4 | U39: 10 | V39: 12 | W39: 10 | X39: 4 | Y39: 0 | Z39: 0.090909091 | AA39: 0.14285714 | AB39: 0.28571429 | AC39: 0.33333333 | AD39: 4 | AE39: 11 | AF39: =V39+L39 -> 14 | AG39: 14 | AH39: 6
A40: 11857 | B40: LYAP-X2081-1R | C40: 46043 | D40: 46087 | E40: 俞东旭 | F40: 俞东旭 | G40: 俞东旭 | H40: 挡泥板 | I40: 拓展品 | J40: 0 | K40: 0 | L40: 5 | M40: 1 | N40: =_xlfn.XLOOKUP(A40,[1]月销售数据!$P:$P,[1]月销售数据!$V:$V) -> 2 | O40: 0 | P40: 0 | Q40: 184.95 | R40: 38.99 | S40: =_xlfn.XLOOKUP($A40,[1]月销售数据!$P:$P,[1]月销售数据!$AA:$AA) -> 77.98 | T40: 0 | U40: 3 | V40: 12 | W40: 15 | X40: 8 | Y40: 0 | Z40: 0 | AA40: 0.29411765 | AB40: 0.0625 | AC40: 0.2 | AD40: 0 | AE40: 3 | AF40: =V40+L40 -> 17 | AG40: 16 | AH40: 10
A41: 12303 | B41: LYAP-X1789-4L | C41: 46044 | D41: 46046 | E41: 俞东旭 | F41: 俞东旭 | G41: 俞东旭 | H41: 车门系统 | I41: 拓展品 | J41: 5 | K41: 15 | L41: 28 | M41: 23 | N41: =_xlfn.XLOOKUP(A41,[1]月销售数据!$P:$P,[1]月销售数据!$V:$V) -> 11 | O41: 175 | P41: 525 | Q41: 978.25 | R41: 874 | S41: =_xlfn.XLOOKUP($A41,[1]月销售数据!$P:$P,[1]月销售数据!$AA:$AA) -> 420.15 | T41: 0 | U41: 0 | V41: 0 | W41: 0 | X41: 0 | Y41: 1 | Z41: 1 | AA41: 1 | AB41: 1 | AC41: 1 | AD41: 5 | AE41: 15 | AF41: =V41+L41 -> 28 | AG41: 23 | AH41: 11
... A54: 11852 | B54: LYAP-X1659-1 | C54: 46051 | D54: 46064 | E54: 俞东旭 | F54: 俞东旭 | G54: 俞东旭 | H54: 车门系统 | I54: 原开品 | J54: 0 | K54: 4 | L54: 7 | M54: 3 | N54: =_xlfn.XLOOKUP(A54,[1]月销售数据!$P:$P,[1]月销售数据!$V:$V) -> 9 | O54: 0 | P54: 1680 | Q54: 2940 | R54: 1260 | S54: =_xlfn.XLOOKUP($A54,[1]月销售数据!$P:$P,[1]月销售数据!$AA:$AA) -> 3746.08 | T54: 0 | U54: 0 | V54: 0 | W54: 0 | X54: 0 | Y54: 0 | Z54: 1 | AA54: 1 | AB54: 1 | AC54: 1 | AD54: 0 | AE54: 4 | AF54: =V54+L54 -> 7 | AG54: 3 | AH54: 9
A55: 12359 | B55: LYAP-941-1+LYAP-941-2 | C55: 46056 | D55: 46062 | E55: 胡煜星 | F55: 胡煜星 | G55: 胡煜星 | H55: 车门系统 | I55: 组合件 | J55: 未上架 | K55: 4 | L55: 10 | M55: 2 | N55: =_xlfn.XLOOKUP(A55,[1]月销售数据!$P:$P,[1]月销售数据!$V:$V) -> 3 | O55: 未上架 | P55: 1996 | Q55: 4973.05 | R55: 998 | S55: =_xlfn.XLOOKUP($A55,[1]月销售数据!$P:$P,[1]月销售数据!$AA:$AA) -> 1497 | T55: 未上架 | U55: 0 | V55: 0 | W55: 0 | X55: 0 | Y55: 未上架 | Z55: 1 | AA55: 1 | AB55: 1 | AC55: 1 | AD55: #VALUE! | AE55: 4 | AF55: =V55+L55 -> 10 | AG55: 2 | AH55: 3
A56: 11921 | B56: LYAP-X1482-2 | C56: 46056 | D56: 46057 | E56: 王偲涵 | F56: 俞东旭 | G56: 俞东旭 | H56: 车身外扩件 | I56: 拓展品 | J56: 未上架 | K56: 19 | L56: 40 | M56: 47 | N56: =_xlfn.XLOOKUP(A56,[1]月销售数据!$P:$P,[1]月销售数据!$V:$V) -> 22 | O56: 未上架 | P56: 3021 | Q56: 6352.05 | R56: 7589.78 | S56: =_xlfn.XLOOKUP($A56,[1]月销售数据!$P:$P,[1]月销售数据!$AA:$AA) -> 3676.9 | T56: 未上架 | U56: 1 | V56: 8 | W56: 6 | X56: 17 | Y56: 未上架 | Z56: 0.95 | AA56: 0.83333333 | AB56: 0.88679245 | AC56: 0.56410256 | AD56: #VALUE! | AE56: 20 | AF56: =V56+L56 -> 48 | AG56: 53 | AH56: 39
A57: 11922 | B57: LYAP-X1482-3 | C57: 46056 | D57: 46058 | E57: 王偲涵 | F57: 俞东旭 | G57: 俞东旭 | H57: 车身外扩件 | I57: 拓展品 | J57: 未上架 | K57: 56 | L57: 94 | M57: 30 | N57: =_xlfn.XLOOKUP(A57,[1]月销售数据!$P:$P,[1]月销售数据!$V:$V) -> 36 | O57: 未上架 | P57: 8896.05 | Q57: 15954.8 | R57: 5426.11 | S57: =_xlfn.XLOOKUP($A57,[1]月销售数据!$P:$P,[1]月销售数据!$AA:$AA) -> 6539.2 | T57: 未上架 | U57: 11 | V57: 8 | W57: 36 | X57: 45 | Y57: 未上架 | Z57: 0.8358209 | AA57: 0.92156863 | AB57: 0.45454545 | AC57: 0.44444444 | AD57: #VALUE! | AE57: 67 | AF57: =V57+L57 -> 102 | AG57: 66 | AH57: 81
A58: 11923 | B58: LYAP-X1482-4 | C58: 46056 | D58: 46058 | E58: 王偲涵 | F58: 俞东旭 | G58: 俞东旭 | H58: 车身外扩件 | I58: 拓展品 | J58: 未上架 | K58: 16 | L58: 8 | M58: 21 | N58: =_xlfn.XLOOKUP(A58,[1]月销售数据!$P:$P,[1]月销售数据!$V:$V) -> 19 | O58: 未上架 | P58: 2544 | Q58: 1272 | R58: 3339 | S58: =_xlfn.XLOOKUP($A58,[1]月销售数据!$P:$P,[1]月销售数据!$AA:$AA) -> 3021 | T58: 未上架 | U58: 1 | V58: 2 | W58: 4 | X58: 1 | Y58: 未上架 | Z58: 0.94117647 | AA58: 0.8 | AB58: 0.84 | AC58: 0.95 | AD58: #VALUE! | AE58: 17 | AF58: =V58+L58 -> 10 | AG58: 25 | AH58: 20
A59: 11927 | B59: LYAP-X1791-4L | C59: 46056 | D59: 46067 | E59: 俞东旭 | F59: 俞东旭 | G59: 俞东旭 | H59: 车门系统 | I59: 原开品 | J59: 未上架 | K59: 2 | L59: 0 | M59: 5 | N59: =_xlfn.XLOOKUP(A59,[1]月销售数据!$P:$P,[1]月销售数据!$V:$V) -> 6 | O59: 未上架 | P59: 60 | Q59: 0 | R59: 150 | S59: =_xlfn.XLOOKUP($A59,[1]月销售数据!$P:$P,[1]月销售数据!$AA:$AA) -> 183 | T59: 未上架 | U59: 0 | V59: 0 | W59: 0 | X59: 0 | Y59: 未上架 | Z59: 1 | AA59: 市场无出单 | AB59: 1 | AC59: 1 | AD59: #VALUE! | AE59: 2 | AF59: =V59+L59 -> 0 | AG59: 5 | AH59: 6
A60: 11928 | B60: LYAP-X1791-4R | C60: 46056 | D60: 46095 | E60: 俞东旭 | F60: 俞东旭 | G60: 俞东旭 | H60: 车门系统 | I60: 拓展品 | J60: 未上架 | K60: 0 | L60: 2 | M60: 0 | N60: =_xlfn.XLOOKUP(A60,[1]月销售数据!$P:$P,[1]月销售数据!$V:$V) -> 0 | O60: 未上架 | P60: 0 | Q60: 54 | R60: 0 | S60: =_xlfn.XLOOKUP($A60,[1]月销售数据!$P:$P,[1]月销售数据!$AA:$AA) -> 0 | T60: 未上架 | U60: 0 | V60: 0 | W60: 0 | X60: 0 | Y60: 未上架 | Z60: 0 | AA60: 1 | AB60: 0 | AC60: 市场无出单 | AD60: #VALUE! | AE60: 0 | AF60: =V60+L60 -> 2 | AG60: 0 | AH60: 0
A61: 11926 | B61: LYAP-X1787-BK | C61: 46062 | D61: 46063 | E61: 俞东旭 | F61: 俞东旭 | G61: 俞东旭 | H61: 车门系统 | I61: 原开品 | J61: 未上架 | K61: 12 | L61: 22 | M61: 14 | N61: =_xlfn.XLOOKUP(A61,[1]月销售数据!$P:$P,[1]月销售数据!$V:$V) -> 15 | O61: 未上架 | P61: 948 | Q61: 1734.05 | R61: 1106 | S61: =_xlfn.XLOOKUP($A61,[1]月销售数据!$P:$P,[1]月销售数据!$AA:$AA) -> 1185 | T61: 未上架 | U61: 0 | V61: 0 | W61: 0 | X61: 0 | Y61: 未上架 | Z61: 1 | AA61: 1 | AB61: 1 | AC61: 1 | AD61: #VALUE! | AE61: 12 | AF61: =V61+L61 -> 22 | AG61: 14 | AH61: 15
A62: 11998 | B62: LYAP-X1642-BK | C62: 46062 | D62: 46068 | E62: 俞东旭 | F62: 俞东旭 | G62: 俞东旭 | H62: 车门系统 | I62: 拓展品 | J62: 未上架 | K62: 5 | L62: 13 | M62: 6 | N62: =_xlfn.XLOOKUP(A62,[1]月销售数据!$P:$P,[1]月销售数据!$V:$V) -> 8 | O62: 未上架 | P62: 2495 | Q62: 6462.05 | R62: 2994 | S62: =_xlfn.XLOOKUP($A62,[1]月销售数据!$P:$P,[1]月销售数据!$AA:$AA) -> 3996 | T62: 未上架 | U62: 0 | V62: 0 | W62: 0 | X62: 0 | Y62: 未上架 | Z62: 1 | AA62: 1 | AB62: 1 | AC62: 1 | AD62: #VALUE! | AE62: 5 | AF62: =V62+L62 -> 13 | AG62: 6 | AH62: 8
A63: 11929 | B63: LYAP-X1799 | C63: 46062 | D63: 46066 | E63: 俞东旭 | F63: 俞东旭 | G63: 俞东旭 | H63: 车门系统 | I63: 原开品 | J63: 未上架 | K63: 46 | L63: 2 | M63: 5 | N63: =_xlfn.XLOOKUP(A63,[1]月销售数据!$P:$P,[1]月销售数据!$V:$V) -> 4 | O63: 未上架 | P63: 5290 | Q63: 236 | R63: 592 | S63: =_xlfn.XLOOKUP($A63,[1]月销售数据!$P:$P,[1]月销售数据!$AA:$AA) -> 474 | T63: 未上架 | U63: 20 | V63: 4 | W63: 2 | X63: 11 | Y63: 未上架 | Z63: 0.6969697 | AA63: 0.33333333 | AB63: 0.71428571 | AC63: 0.26666667 | AD63: #VALUE! | AE63: 66 | AF63: =V63+L63 -> 6 | AG63: 7 | AH63: 15
A64: 12061 | B64: LYAM-X2575-2 | C64: 46062 | D64: 46068 | E64: 章鹏 | F64: 张潇 | G64: 张潇 | H64: 车门系统 | I64: 拓展品 | J64: 未上架 | K64: 3 | L64: 14 | M64: 17 | N64: =_xlfn.XLOOKUP(A64,[1]月销售数据!$P:$P,[1]月销售数据!$V:$V) -> 18 | O64: 未上架 | P64: 177 | Q64: 699.6 | R64: 850.46 | S64: =_xlfn.XLOOKUP($A64,[1]月销售数据!$P:$P,[1]月销售数据!$AA:$AA) -> 902.43 | T64: 未上架 | U64: 0 | V64: 0 | W64: 0 | X64: 0 | Y64: 未上架 | Z64: 1 | AA64: 1 | AB64: 1 | AC64: 1 | AD64: #VALUE! | AE64: 3 | AF64: =V64+L64 -> 14 | AG64: 17 | AH64: 18
A65: 11990 | B65: LYAM-X2753-1 | C65: 46062 | D65: 46117 | E65: 胡煜星 | F65: 胡煜星 | G65: 胡煜星 | H65: 车身外扩件 | I65: 原开品 | J65: 未上架 | K65: 0 | L65: 0 | M65: 3 | N65: =_xlfn.XLOOKUP(A65,[1]月销售数据!$P:$P,[1]月销售数据!$V:$V) -> 0 | O65: 未上架 | P65: 0 | Q65: 0 | R65: 246 | S65: =_xlfn.XLOOKUP($A65,[1]月销售数据!$P:$P,[1]月销售数据!$AA:$AA) -> 0 | T65: 未上架 | U65: 0 | V65: 0 | W65: 0 | X65: 2 | Y65: 未上架 | Z65: 0 | AA65: 市场无出单 | AB65: 1 | AC65: 0 | AD65: #VALUE! | AE65: 0 | AF65: =V65+L65 -> 0 | AG65: 3 | AH65: 2
A66: 11991 | B66: LYAM-X2753-2 | C66: 46062 | D66: 46093 | E66: 胡煜星 | F66: 胡煜星 | G66: 胡煜星 | H66: 车身外扩件 | I66: 拓展品 | J66: 未上架 | K66: 0 | L66: 2 | M66: 1 | N66: =_xlfn.XLOOKUP(A66,[1]月销售数据!$P:$P,[1]月销售数据!$V:$V) -> 0 | O66: 未上架 | P66: 0 | Q66: 80 | R66: 40 | S66: =_xlfn.XLOOKUP($A66,[1]月销售数据!$P:$P,[1]月销售数据!$AA:$AA) -> 0 | T66: 未上架 | U66: 0 | V66: 0 | W66: 0 | X66: 0 | Y66: 未上架 | Z66: 0 | AA66: 1 | AB66: 1 | AC66: 市场无出单 | AD66: #VALUE! | AE66: 0 | AF66: =V66+L66 -> 2 | AG66: 1 | AH66: 0
A67: 11981 | B67: LYAM-X2266-1 | C67: 46066 | D67: 46071 | E67: 章鹏 | F67: 张潇 | G67: 张潇 | H67: 机盖及附件 | I67: 原开品 | J67: 未上架 | K67: 1 | L67: 3 | M67: 10 | N67: =_xlfn.XLOOKUP(A67,[1]月销售数据!$P:$P,[1]月销售数据!$V:$V) -> 3 | O67: 未上架 | P67: 159 | Q67: 448 | R67: 1555.2 | S67: =_xlfn.XLOOKUP($A67,[1]月销售数据!$P:$P,[1]月销售数据!$AA:$AA) -> 471.2 | T67: 未上架 | U67: 1 | V67: 0 | W67: 1 | X67: 0 | Y67: 未上架 | Z67: 0.5 | AA67: 1 | AB67: 0.90909091 | AC67: 1 | AD67: #VALUE! | AE67: 2 | AF67: =V67+L67 -> 3 | AG67: 11 | AH67: 3
A68: 11890 | B68: LYAM-X2575-4 | C68: 46066 | D68: 46079 | E68: 王偲涵 | F68: 俞东旭 | G68: 俞东旭 | H68: 车门系统 | I68: 拓展品 | J68: 未上架 | K68: 1 | L68: 5 | M68: 2 | N68: =_xlfn.XLOOKUP(A68,[1]月销售数据!$P:$P,[1]月销售数据!$V:$V) -> 2 | O68: 未上架 | P68: 46 | Q68: 220 | R68: 91 | S68: =_xlfn.XLOOKUP($A68,[1]月销售数据!$P:$P,[1]月销售数据!$AA:$AA) -> 86.3 | T68: 未上架 | U68: 2 | V68: 5 | W68: 5 | X68: 8 | Y68: 未上架 | Z68: 0.33333333 | AA68: 0.5 | AB68: 0.28571429 | AC68: 0.2 | AD68: #VALUE! | AE68: 3 | AF68: =V68+L68 -> 10 | AG68: 7 | AH68: 10
A69: 11989 | B69: LYAM-X2732 | C69: 46066 | D69: 46072 | E69: 章鹏 | F69: 张潇 | G69: 张潇 | H69: 挡泥板 | I69: 原开品 | J69: 未上架 | K69: 3 | L69: 8 | M69: 8 | N69: =_xlfn.XLOOKUP(A69,[1]月销售数据!$P:$P,[1]月销售数据!$V:$V) -> 8 | O69: 未上架 | P69: 315 | Q69: 840 | R69: 840 | S69: =_xlfn.XLOOKUP($A69,[1]月销售数据!$P:$P,[1]月销售数据!$AA:$AA) -> 835.8 | T69: 未上架 | U69: 2 | V69: 7 | W69: 1 | X69: 6 | Y69: 未上架 | Z69: 0.6 | AA69: 0.53333333 | AB69: 0.88888889 | AC69: 0.57142857 | AD69: #VALUE! | AE69: 5 | AF69: =V69+L69 -> 15 | AG69: 9 | AH69: 14
A70: 12088 | B70: LYAP-X1920-BK | C70: 46066 | D70: 46068 | E70: 王偲涵 | F70: 朱培源 | G70: 朱培源 | H70: 饰条 | I70: 拓展品 | J70: 未上架 | K70: 2 | L70: 13 | M70: 5 | N70: =_xlfn.XLOOKUP(A70,[1]月销售数据!$P:$P,[1]月销售数据!$V:$V) -> 0 | O70: 未上架 | P70: 166 | Q70: 1079 | R70: 398.14 | S70: =_xlfn.XLOOKUP($A70,[1]月销售数据!$P:$P,[1]月销售数据!$AA:$AA) -> 0 | T70: 未上架 | U70: 11 | V70: 13 | W70: 15 | X70: 24 | Y70: 未上架 | Z70: 0.15384615 | AA70: 0.5 | AB70: 0.25 | AC70: 0 | AD70: #VALUE! | AE70: 13 | AF70: =V70+L70 -> 26 | AG70: 20 | AH70: 24
A71: 12089 | B71: LYAP-X1920-C | C71: 46066 | D71: 46070 | E71: 王偲涵 | F71: 朱培源 | G71: 朱培源 | H71: 饰条 | I71: 拓展品 | J71: 未上架 | K71: 1 | L71: 13 | M71: 18 | N71: =_xlfn.XLOOKUP(A71,[1]月销售数据!$P:$P,[1]月销售数据!$V:$V) -> 9 | O71: 未上架 | P71: 89 | Q71: 1148.1 | R71: 1571.53 | S71: =_xlfn.XLOOKUP($A71,[1]月销售数据!$P:$P,[1]月销售数据!$AA:$AA) -> 783.15 | T71: 未上架 | U71: 1 | V71: 4 | W71: 7 | X71: 5 | Y71: 未上架 | Z71: 0.5 | AA71: 0.76470588 | AB71: 0.72 | AC71: 0.64285714 | AD71: #VALUE! | AE71: 2 | AF71: =V71+L71 -> 17 | AG71: 25 | AH71: 14
A72: 12002 | B72: LYAP-X1920-W | C72: 46066 | D72: 46084 | E72: 王偲涵 | F72: 朱培源 | G72: 朱培源 | H72: 饰条 | I72: 原开品 | J72: 未上架 | K72: 0 | L72: 3 | M72: 2 | N72: =_xlfn.XLOOKUP(A72,[1]月销售数据!$P:$P,[1]月销售数据!$V:$V) -> 2 | O72: 未上架 | P72: 0 | Q72: 240 | R72: 160 | S72: =_xlfn.XLOOKUP($A72,[1]月销售数据!$P:$P,[1]月销售数据!$AA:$AA) -> 145 | T72: 未上架 | U72: 0 | V72: 0 | W72: 0 | X72: 7 | Y72: 未上架 | Z72: 0 | AA72: 1 | AB72: 1 | AC72: 0.22222222 | AD72: #VALUE! | AE72: 0 | AF72: =V72+L72 -> 3 | AG72: 2 | AH72: 9
A73: 11938 | B73: LYAP-X1939-2 | C73: 46066 | D73: 46114 | E73: 王偲涵 | F73: 王偲涵 | G73: 王偲涵 | H73: 饰条 | I73: 拓展品 | J73: 未上架 | K73: 0 | L73: 0 | M73: 3 | N73: =_xlfn.XLOOKUP(A73,[1]月销售数据!$P:$P,[1]月销售数据!$V:$V) -> 1 | O73: 未上架 | P73: 0 | Q73: 0 | R73: 122.98 | S73: =_xlfn.XLOOKUP($A73,[1]月销售数据!$P:$P,[1]月销售数据!$AA:$AA) -> 38.99 | T73: 未上架 | U73: 0 | V73: 0 | W73: 1 | X73: 0 | Y73: 未上架 | Z73: 0 | AA73: 市场无出单 | AB73: 0.75 | AC73: 1 | AD73: #VALUE! | AE73: 0 | AF73: =V73+L73 -> 0 | AG73: 4 | AH73: 1
A74: 12005 | B74: LYAP-X1992 | C74: 46066 | D74: 46077 | E74: 王偲涵 | F74: 张潇 | G74: 张潇 | H74: 饰条 | I74: 原开品 | J74: 未上架 | K74: 1 | L74: 39 | M74: 30 | N74: =_xlfn.XLOOKUP(A74,[1]月销售数据!$P:$P,[1]月销售数据!$V:$V) -> 29 | O74: 未上架 | P74: 70 | Q74: 2730 | R74: 2066.9 | S74: =_xlfn.XLOOKUP($A74,[1]月销售数据!$P:$P,[1]月销售数据!$AA:$AA) -> 1955.1 | T74: 未上架 | U74: 49 | V74: 1 | W74: 26 | X74: 20 | Y74: 未上架 | Z74: 0.02 | AA74: 0.975 | AB74: 0.53571429 | AC74: 0.59183673 | AD74: #VALUE! | AE74: 50 | AF74: =V74+L74 -> 40 | AG74: 56 | AH74: 49
A75: 12006 | B75: LYAP-X1993 | C75: 46066 | D75: 46070 | E75: 王偲涵 | F75: 张潇 | G75: 张潇 | H75: 饰条 | I75: 原开品 | J75: 未上架 | K75: 4 | L75: 37 | M75: 49 | N75: =_xlfn.XLOOKUP(A75,[1]月销售数据!$P:$P,[1]月销售数据!$V:$V) -> 46 | O75: 未上架 | P75: 280 | Q75: 2544.5 | R75: 3138.95 | S75: =_xlfn.XLOOKUP($A75,[1]月销售数据!$P:$P,[1]月销售数据!$AA:$AA) -> 2945.76 | T75: 未上架 | U75: 25 | V75: 0 | W75: 43 | X75: 36 | Y75: 未上架 | Z75: 0.13793103 | AA75: 1 | AB75: 0.5326087 | AC75: 0.56097561 | AD75: #VALUE! | AE75: 29 | AF75: =V75+L75 -> 37 | AG75: 92 | AH75: 82
A76: 12011 | B76: LYAP-X2089 | C76: 46066 | D76: 46071 | E76: 章鹏 | F76: 张潇 | G76: 张潇 | H76: 机盖及附件 | I76: 原开品 | J76: 未上架 | K76: 8 | L76: 17 | M76: 8 | N76: =_xlfn.XLOOKUP(A76,[1]月销售数据!$P:$P,[1]月销售数据!$V:$V) -> 12 | O76: 未上架 | P76: 1080 | Q76: 2288.25 | R76: 1080 | S76: =_xlfn.XLOOKUP($A76,[1]月销售数据!$P:$P,[1]月销售数据!$AA:$AA) -> 1550.97 | T76: 未上架 | U76: 5 | V76: 8 | W76: 7 | X76: 14 | Y76: 未上架 | Z76: 0.61538462 | AA76: 0.68 | AB76: 0.53333333 | AC76: 0.46153846 | AD76: #VALUE! | AE76: 13 | AF76: =V76+L76 -> 25 | AG76: 15 | AH76: 26
A77: 12021 | B77: LYAP-X2135 | C77: 46066 | D77: 46069 | E77: 王偲涵 | F77: 俞东旭 | G77: 俞东旭 | H77: 其他 | I77: 原开品 | J77: 未上架 | K77: 4 | L77: 9 | M77: 3 | N77: =_xlfn.XLOOKUP(A77,[1]月销售数据!$P:$P,[1]月销售数据!$V:$V) -> 1 | O77: 未上架 | P77: 212 | Q77: 477 | R77: 158 | S77: =_xlfn.XLOOKUP($A77,[1]月销售数据!$P:$P,[1]月销售数据!$AA:$AA) -> 50.99 | T77: 未上架 | U77: 8 | V77: 16 | W77: 11 | X77: 13 | Y77: 未上架 | Z77: 0.33333333 | AA77: 0.36 | AB77: 0.21428571 | AC77: 0.071428571 | AD77: #VALUE! | AE77: 12 | AF77: =V77+L77 -> 25 | AG77: 14 | AH77: 14
A78: 12023 | B78: LYAP-X2146 | C78: 46066 | D78: 46113 | E78: 朱培源 | F78: 朱培源 | G78: 朱培源 | H78: 挡泥板 | I78: 原开品 | J78: 未上架 | K78: 0 | L78: 0 | M78: 1 | N78: =_xlfn.XLOOKUP(A78,[1]月销售数据!$P:$P,[1]月销售数据!$V:$V) -> 3 | O78: 未上架 | P78: 0 | Q78: 0 | R78: 53 | S78: =_xlfn.XLOOKUP($A78,[1]月销售数据!$P:$P,[1]月销售数据!$AA:$AA) -> 161.28 | T78: 未上架 | U78: 2 | V78: 8 | W78: 12 | X78: 6 | Y78: 未上架 | Z78: 0 | AA78: 0 | AB78: 0.076923077 | AC78: 0.33333333 | AD78: #VALUE! | AE78: 2 | AF78: =V78+L78 -> 8 | AG78: 13 | AH78: 9
A79: 12058 | B79: LYAM-X2569-1 | C79: 46070 | D79: 46086 | E79: 章鹏 | F79: 章鹏 | G79: 章鹏 | H79: 其他 | I79: 原开品 | J79: 未上架 | K79: 0 | L79: 24 | M79: 27 | N79: =_xlfn.XLOOKUP(A79,[1]月销售数据!$P:$P,[1]月销售数据!$V:$V) -> 16 | O79: 未上架 | P79: 0 | Q79: 479 | R79: 544 | S79: =_xlfn.XLOOKUP($A79,[1]月销售数据!$P:$P,[1]月销售数据!$AA:$AA) -> 329 | T79: 未上架 | U79: 11 | V79: 36 | W79: 14 | X79: 22 | Y79: 未上架 | Z79: 0 | AA79: 0.4 | AB79: 0.65853659 | AC79: 0.42105263 | AD79: #VALUE! | AE79: 11 | AF79: =V79+L79 -> 60 | AG79: 41 | AH79: 38
A80: 12059 | B80: LYAM-X2570-1 | C80: 46070 | D80: 46073 | E80: 章鹏 | F80: 章鹏 | G80: 章鹏 | H80: 其他 | I80: 原开品 | J80: 未上架 | K80: 1 | L80: 16 | M80: 6 | N80: =_xlfn.XLOOKUP(A80,[1]月销售数据!$P:$P,[1]月销售数据!$V:$V) -> 6 | O80: 未上架 | P80: 20 | Q80: 340 | R80: 120 | S80: =_xlfn.XLOOKUP($A80,[1]月销售数据!$P:$P,[1]月销售数据!$AA:$AA) -> 115.95 | T80: 未上架 | U80: 10 | V80: 22 | W80: 21 | X80: 30 | Y80: 未上架 | Z80: 0.090909091 | AA80: 0.42105263 | AB80: 0.22222222 | AC80: 0.16666667 | AD80: #VALUE! | AE80: 11 | AF80: =V80+L80 -> 38 | AG80: 27 | AH80: 36
A81: 12060 | B81: LYAM-X2574-1 | C81: 46070 | D81: 46090 | E81: 章鹏 | F81: 张潇 | G81: 张潇 | H81: 饰条 | I81: 原开品 | J81: 未上架 | K81: 0 | L81: 5 | M81: 2 | N81: =_xlfn.XLOOKUP(A81,[1]月销售数据!$P:$P,[1]月销售数据!$V:$V) -> 21 | O81: 未上架 | P81: 0 | Q81: 100 | R81: 40 | S81: =_xlfn.XLOOKUP($A81,[1]月销售数据!$P:$P,[1]月销售数据!$AA:$AA) -> 411.83 | T81: 未上架 | U81: 26 | V81: 81 | W81: 65 | X81: 82 | Y81: 未上架 | Z81: 0 | AA81: 0.058139535 | AB81: 0.029850746 | AC81: 0.2038835 | AD81: #VALUE! | AE81: 26 | AF81: =V81+L81 -> 86 | AG81: 67 | AH81: 103
A82: 12139 | B82: LYAM-X2695 | C82: 46070 | D82: 46080 | E82: 章鹏 | F82: 张潇 | G82: 张潇 | H82: 机盖及附件 | I82: 原开品 | J82: 未上架 | K82: 1 | L82: 40 | M82: 3 | N82: =_xlfn.XLOOKUP(A82,[1]月销售数据!$P:$P,[1]月销售数据!$V:$V) -> 0 | O82: 未上架 | P82: 19 | Q82: 1069.9 | R82: 107.97 | S82: =_xlfn.XLOOKUP($A82,[1]月销售数据!$P:$P,[1]月销售数据!$AA:$AA) -> 0 | T82: 未上架 | U82: 1 | V82: 2 | W82: 5 | X82: 9 | Y82: 未上架 | Z82: 0.5 | AA82: 0.95238095 | AB82: 0.375 | AC82: 0 | AD82: #VALUE! | AE82: 2 | AF82: =V82+L82 -> 42 | AG82: 8 | AH82: 9
A83: 12087 | B83: LYAP-X1913 | C83: 46073 | D83: 46092 | E83: 王偲涵 | F83: 王偲涵 | G83: 王偲涵 | H83: 饰条 | I83: 原开品 | J83: 未上架 | K83: 0 | L83: 6 | M83: 11 | N83: =_xlfn.XLOOKUP(A83,[1]月销售数据!$P:$P,[1]月销售数据!$V:$V) -> 3 | O83: 未上架 | P83: 0 | Q83: 292.2 | R83: 517 | S83: =_xlfn.XLOOKUP($A83,[1]月销售数据!$P:$P,[1]月销售数据!$AA:$AA) -> 139.59 | T83: 未上架 | U83: 0 | V83: 4 | W83: 2 | X83: 5 | Y83: 未上架 | Z83: 0 | AA83: 0.6 | AB83: 0.84615385 | AC83: 0.375 | AD83: #VALUE! | AE83: 0 | AF83: =V83+L83 -> 10 | AG83: 13 | AH83: 8
A84: 12143 | B84: LYAM-X2706 | C84: 46076 | D84: 46109 | E84: 俞东旭 | F84: 俞东旭 | G84: 俞东旭 | H84: 车门系统 | I84: 原开品 | J84: 未上架 | K84: 0 | L84: 1 | M84: 0 | N84: =_xlfn.XLOOKUP(A84,[1]月销售数据!$P:$P,[1]月销售数据!$V:$V) -> 2 | O84: 未上架 | P84: 0 | Q84: 145 | R84: 0 | S84: =_xlfn.XLOOKUP($A84,[1]月销售数据!$P:$P,[1]月销售数据!$AA:$AA) -> 290 | T84: 未上架 | U84: 0 | V84: 1 | W84: 0 | X84: 0 | Y84: 未上架 | Z84: 0 | AA84: 0.5 | AB84: 0 | AC84: 1 | AD84: #VALUE! | AE84: 0 | AF84: =V84+L84 -> 2 | AG84: 0 | AH84: 2
A85: 12079 | B85: LYAP-X1871 | C85: 46076 | D85: 46085 | E85: 朱培源 | F85: 朱培源 | G85: 朱培源 | H85: 挡泥板 | I85: 原开品 | J85: 未上架 | K85: 0 | L85: 11 | M85: 4 | N85: =_xlfn.XLOOKUP(A85,[1]月销售数据!$P:$P,[1]月销售数据!$V:$V) -> 7 | O85: 未上架 | P85: 0 | Q85: 1460 | R85: 532 | S85: =_xlfn.XLOOKUP($A85,[1]月销售数据!$P:$P,[1]月销售数据!$AA:$AA) -> 912.55 | T85: 未上架 | U85: 5 | V85: 0 | W85: 0 | X85: 18 | Y85: 未上架 | Z85: 0 | AA85: 1 | AB85: 1 | AC85: 0.28 | AD85: #VALUE! | AE85: 5 | AF85: =V85+L85 -> 11 | AG85: 4 | AH85: 25
A86: 12104 | B86: LYAP-X2545-F | C86: 46076 | D86: 46082 | E86: 朱培源 | F86: 朱培源 | G86: 朱培源 | H86: 挡泥板 | I86: 原开品 | J86: 未上架 | K86: 0 | L86: 2 | M86: 1 | N86: =_xlfn.XLOOKUP(A86,[1]月销售数据!$P:$P,[1]月销售数据!$V:$V) -> 0 | O86: 未上架 | P86: 0 | Q86: 170 | R86: 86.5 | S86: =_xlfn.XLOOKUP($A86,[1]月销售数据!$P:$P,[1]月销售数据!$AA:$AA) -> 0 | T86: 未上架 | U86: 0 | V86: 0 | W86: 0 | X86: 0 | Y86: 未上架 | Z86: 0 | AA86: 1 | AB86: 1 | AC86: 市场无出单 | AD86: #VALUE! | AE86: 0 | AF86: =V86+L86 -> 2 | AG86: 1 | AH86: 0
A87: 12105 | B87: LYAP-X2545-FL | C87: 46076 | D87: 46084 | E87: 朱培源 | F87: 朱培源 | G87: 朱培源 | H87: 挡泥板 | I87: 拓展品 | J87: 未上架 | K87: 0 | L87: 6 | M87: 2 | N87: =_xlfn.XLOOKUP(A87,[1]月销售数据!$P:$P,[1]月销售数据!$V:$V) -> 0 | O87: 未上架 | P87: 0 | Q87: 312 | R87: 104 | S87: =_xlfn.XLOOKUP($A87,[1]月销售数据!$P:$P,[1]月销售数据!$AA:$AA) -> 0 | T87: 未上架 | U87: 0 | V87: 0 | W87: 0 | X87: 0 | Y87: 未上架 | Z87: 0 | AA87: 1 | AB87: 1 | AC87: 市场无出单 | AD87: #VALUE! | AE87: 0 | AF87: =V87+L87 -> 6 | AG87: 2 | AH87: 0
A88: 12106 | B88: LYAP-X2545-FR | C88: 46076 | D88: 46096 | E88: 朱培源 | F88: 朱培源 | G88: 朱培源 | H88: 挡泥板 | I88: 拓展品 | J88: 未上架 | K88: 0 | L88: 3 | M88: 3 | N88: =_xlfn.XLOOKUP(A88,[1]月销售数据!$P:$P,[1]月销售数据!$V:$V) -> 6 | O88: 未上架 | P88: 0 | Q88: 156 | R88: 156 | S88: =_xlfn.XLOOKUP($A88,[1]月销售数据!$P:$P,[1]月销售数据!$AA:$AA) -> 312 | T88: 未上架 | U88: 0 | V88: 0 | W88: 0 | X88: 0 | Y88: 未上架 | Z88: 0 | AA88: 1 | AB88: 1 | AC88: 1 | AD88: #VALUE! | AE88: 0 | AF88: =V88+L88 -> 3 | AG88: 3 | AH88: 6
A89: 12240 | B89: LYAP-X2148-1 | C89: 46081 | D89: 46082 | E89: 王偲涵 | F89: 王偲涵 | G89: 王偲涵 | H89: 饰条 | I89: 原开品 | J89: 未上架 | K89: 0 | L89: 11 | M89: 6 | N89: =_xlfn.XLOOKUP(A89,[1]月销售数据!$P:$P,[1]月销售数据!$V:$V) -> 4 | O89: 未上架 | P89: 0 | Q89: 670 | R89: 360 | S89: =_xlfn.XLOOKUP($A89,[1]月销售数据!$P:$P,[1]月销售数据!$AA:$AA) -> 238 | T89: 未上架 | U89: 0 | V89: 4 | W89: 9 | X89: 6 | Y89: 未上架 | Z89: 0 | AA89: 0.73333333 | AB89: 0.4 | AC89: 0.4 | AD89: #VALUE! | AE89: 0 | AF89: =V89+L89 -> 15 | AG89: 15 | AH89: 10
A90: 12225 | B90: LYAP-X2216 | C90: 46081 | D90: 46101 | E90: 章鹏 | F90: 章鹏 | G90: 章鹏 | H90: 其他 | I90: 原开品 | J90: 未上架 | K90: 0 | L90: 4 | M90: 3 | N90: =_xlfn.XLOOKUP(A90,[1]月销售数据!$P:$P,[1]月销售数据!$V:$V) -> 7 | O90: 未上架 | P90: 0 | Q90: 236 | R90: 174.05 | S90: =_xlfn.XLOOKUP($A90,[1]月销售数据!$P:$P,[1]月销售数据!$AA:$AA) -> 413 | T90: 未上架 | U90: 0 | V90: 1 | W90: 0 | X90: 19 | Y90: 未上架 | Z90: 0 | AA90: 0.8 | AB90: 1 | AC90: 0.26923077 | AD90: #VALUE! | AE90: 0 | AF90: =V90+L90 -> 5 | AG90: 3 | AH90: 26

Sheet 三部月度汇总
A1: 销售编码 | B1: 在售SKU | C1: 2026.1月我们销量 | D1: 2026.2月我们销量 | E1: 2026.3月我们销量 | F1: 2026.4月我们销量 | G1: 2026.5月我们销量 | H1: 2026.1月销售额 | I1: 2026.2月销售额 | J1: 2026.3月销售额 | K1: 2026.4月销售额 | L1: 2026.5月销售额 | M1: 2026.1月对手总量 | N1: 2026.2月对手总量 | O1: 2026.3月对手总量 | P1: 2026.4月对手总量 | Q1: 2026.5月对手总量 | R1: 26.1月市占比 | S1: 26.2月市占比 | T1: 26.3月市占比 | U1: 26.4月市占比 | V1: 26.5月市占比
A2: 统计 | B2: 统计 | C2: 3014 | D2: 3353 | E2: 5442 | F2: 4969 | G2: 4852 | H2: 282199.81 | I2: 318187.3 | J2: 534273.46 | K2: 478135.72 | L2: 472911.9 | M2: 1823 | N2: 2061 | O2: 3075 | P2: 3203 | R2: 0.6231135 | S2: 0.61932028 | T2: 0.63895738 | U2: 0.60805188
A3: 243 | B3: LYAP-037S | C3: 19 | D3: 25 | E3: 31 | F3: 28 | G3: 33 | H3: 1722.7 | I3: 2236.75 | J3: 2767.69 | K3: 2500.72 | L3: 2937.89 | M3: 9 | N3: 5 | O3: 11 | P3: 10 | Q3: 7 | R3: 0.67857143 | S3: 0.83333333 | T3: 0.73809524 | U3: 0.73684211 | V3: 0.825
A4: 260 | B4: LYAP-050 | C4: 8 | D4: 13 | E4: 5 | F4: 13 | G4: 11 | H4: 301.01 | I4: 482.31 | J4: 188.7 | K4: 483.98 | L4: 407.61 | M4: 1 | N4: 1 | O4: 0 | P4: 0 | Q4: 0 | R4: 0.88888889 | S4: 0.92857143 | T4: 1 | U4: 1 | V4: 1
A5: 278 | B5: LYAP-064-2+LYAP-064S-1 | C5: 51 | D5: 61 | E5: 70 | F5: 77 | G5: 48 | H5: 1954.5 | I5: 2312.59 | J5: 2532.82 | K5: 2565.06 | L5: 1603.16 | M5: 19 | N5: 9 | O5: 4 | P5: 9 | Q5: 31 | R5: 0.72857143 | S5: 0.87142857 | T5: 0.94594595 | U5: 0.89534884 | V5: 0.60759494
A6: 290 | B6: LYAP-073S | C6: 3 | D6: 6 | E6: 14 | F6: 4 | G6: 2 | H6: 312 | I6: 632 | J6: 1487.25 | K6: 443.56 | L6: 221.18 | M6: 3 | N6: 0 | O6: 1 | P6: 1 | Q6: 14 | R6: 0.5 | S6: 1 | T6: 0.93333333 | U6: 0.8 | V6: 0.125
A7: 338 | B7: LYAP-110 | C7: 3 | D7: 8 | E7: 32 | F7: 8 | G7: 19 | H7: 129.55 | I7: 302.4 | J7: 1254.95 | K7: 319.83 | L7: 776.98 | M7: 2 | N7: 2 | O7: 5 | P7: 4 | Q7: 4 | R7: 0.6 | S7: 0.8 | T7: 0.86486486 | U7: 0.66666667 | V7: 0.82608696
A8: 347 | B8: LYAP-117S | C8: 6 | D8: 8 | E8: 9 | F8: 8 | G8: 2 | H8: 470.04 | I8: 564.08 | J8: 634.59 | K8: 564.08 | L8: 139.61 | M8: 0 | N8: 1 | O8: 0 | P8: 0 | Q8: 7 | R8: 1 | S8: 0.88888889 | T8: 1 | U8: 1 | V8: 0.22222222
A9: 349 | B9: LYAP-126-1 | C9: 8 | D9: 4 | E9: 7 | F9: 8 | G9: 10 | H9: 949.12 | I9: 479.96 | J9: 861.53 | K9: 977.59 | L9: 1219.83 | M9: 1 | N9: 0 | O9: 4 | P9: 4 | Q9: 6 | R9: 0.88888889 | S9: 1 | T9: 0.63636364 | U9: 0.66666667 | V9: 0.625
A10: 350 | B10: LYAP-126-2 | C10: 7 | D10: 7 | E10: 8 | F10: 8 | G10: 5 | H10: 603.4 | I10: 600.7 | J10: 697.6 | K10: 690.4 | L10: 435.5 | M10: 0 | N10: 0 | O10: 0 | P10: 0 | Q10: 0 | R10: 1 | S10: 1 | T10: 1 | U10: 1 | V10: 1
A11: 3102 | B11: LYAP-131 | C11: 4 | D11: 5 | E11: 3 | F11: 3 | G11: 3 | H11: 711.96 | I11: 889.95 | J11: 546.15 | K11: 566.7 | L11: 549.96 | M11: 0 | N11: 0 | O11: 0 | P11: 0 | Q11: 0 | R11: 1 | S11: 1 | T11: 1 | U11: 1 | V11: 1
A12: 359 | B12: LYAP-144-1 | C12: 18 | D12: 10 | E12: 20 | F12: 17 | G12: 11 | H12: 733.82 | I12: 425.75 | J12: 873.6 | K12: 715.55 | L12: 459.48 | M12: 10 | N12: 5 | O12: 10 | P12: 8 | Q12: 11 | R12: 0.64285714 | S12: 0.66666667 | T12: 0.66666667 | U12: 0.68 | V12: 0.5
A13: 2547 | B13: LYAP-168 | C13: 9 | D13: 11 | E13: 13 | F13: 11 | G13: 15 | H13: 422.11 | I13: 473.99 | J13: 582.17 | K13: 506.34 | L13: 692.62 | M13: 6 | N13: 6 | O13: 11 | P13: 7 | Q13: 8 | R13: 0.6 | S13: 0.64705882 | T13: 0.54166667 | U13: 0.61111111 | V13: 0.65217391
A14: 3242 | B14: LYAP-601-1+LYAP-601-2 | C14: 5 | D14: 8 | E14: 18 | F14: 14 | G14: 9 | H14: 183.82 | I14: 297.81 | J14: 685.96 | K14: 533.84 | L14: 346.12 | M14: 1 | N14: 0 | O14: 3 | P14: 0 | Q14: 0 | R14: 0.83333333 | S14: 1 | T14: 0.85714286 | U14: 1 | V14: 1
... A18: 656 | B18: LYAP-232-2 | C18: 67 | D18: 75 | E18: 69 | F18: 56 | G18: 58 | H18: 505.76 | I18: 563.09 | J18: 549.28 | K18: 462.06 | L18: 482.52 | M18: 35 | N18: 26 | O18: 28 | P18: 31 | Q18: 46 | R18: 0.65686275 | S18: 0.74257426 | T18: 0.71134021 | U18: 0.64367816 | V18: 0.55769231
A19: 2476 | B19: #N/A | C19: 6 | D19: 2 | E19: 0 | F19: 0 | G19: 0 | H19: 598.68 | I19: 199.56 | J19: 0 | K19: 0 | L19: 0 | M19: 4 | N19: 2 | O19: 1 | P19: 0 | Q19: #N/A | R19: 0.6 | S19: 0.5 | T19: 0 | U19: 0 | V19: #N/A
A20: 3597 | B20: LYCP-090S-1 | C20: 4 | D20: 4 | E20: 4 | F20: 5 | G20: 4 | H20: 828.92 | I20: 844.46 | J20: 828.92 | K20: 1051.69 | L20: 828.92 | M20: 1 | N20: 7 | O20: 11 | P20: 6 | Q20: 4 | R20: 0.8 | S20: 0.36363636 | T20: 0.26666667 | U20: 0.45454545 | V20: 0.5
A21: 3013 | B21: LYCP-115 | C21: 5 | D21: 9 | E21: 8 | F21: 6 | G21: 7 | H21: 761.34 | I21: 1370.22 | J21: 1224.84 | K21: 958.57 | L21: 1117.86 | M21: 1 | N21: 0 | O21: 2 | P21: 3 | Q21: 0 | R21: 0.83333333 | S21: 1 | T21: 0.8 | U21: 0.66666667 | V21: 1
A22: 3024 | B22: LYCP-116S | C22: 8 | D22: 4 | E22: 12 | F22: 7 | G22: 6 | H22: 736.81 | I22: 408.98 | J22: 1251.34 | K22: 742.38 | L22: 538.58 | M22: 7 | N22: 11 | O22: 4 | P22: 8 | Q22: 4 | R22: 0.53333333 | S22: 0.26666667 | T22: 0.75 | U22: 0.46666667 | V22: 0.6
A23: 3103 | B23: LYCP-119-1 | C23: 3 | D23: 3 | E23: 7 | F23: 7 | G23: 6 | H23: 474.6 | I23: 474.6 | J23: 1051.81 | K23: 1039.11 | L23: 892.61 | M23: 12 | N23: 3 | O23: 4 | P23: 5 | Q23: 3 | R23: 0.2 | S23: 0.5 | T23: 0.63636364 | U23: 0.58333333 | V23: 0.66666667
A24: 3249 | B24: LYCP-121-3 | C24: 6 | D24: 10 | E24: 6 | F24: 4 | G24: 3 | H24: 944.94 | I24: 1574.9 | J24: 944.94 | K24: 629.96 | L24: 472.47 | M24: 3 | N24: 1 | O24: 2 | P24: 7 | Q24: 4 | R24: 0.66666667 | S24: 0.90909091 | T24: 0.75 | U24: 0.36363636 | V24: 0.42857143
A25: 3231 | B25: LYCP-122-2 | C25: 5 | D25: 3 | E25: 8 | F25: 9 | G25: 4 | H25: 483.9 | I25: 290.34 | J25: 774.24 | K25: 870.52 | L25: 387.12 | M25: 3 | N25: 2 | O25: 2 | P25: 6 | Q25: 5 | R25: 0.625 | S25: 0.6 | T25: 0.8 | U25: 0.6 | V25: 0.44444444
A26: 3043 | B26: LYCP-132 | C26: 4 | D26: 2 | E26: 5 | F26: 3 | G26: 0 | H26: 420 | I26: 206.17 | J26: 482.13 | K26: 299.26 | L26: 0 | M26: 13 | N26: 21 | O26: 13 | P26: 21 | Q26: 16 | R26: 0.23529412 | S26: 0.086956522 | T26: 0.27777778 | U26: 0.125 | V26: 0
A27: 3104 | B27: LYCP-133-1 | C27: 2 | D27: 6 | E27: 9 | F27: 3 | G27: 7 | H27: 182.96 | I27: 534 | J27: 801 | K27: 345 | L27: 696.53 | M27: 13 | N27: 12 | O27: 12 | P27: 9 | Q27: 7 | R27: 0.13333333 | S27: 0.33333333 | T27: 0.42857143 | U27: 0.25 | V27: 0.5
A28: 2712 | B28: LYCP-135 | C28: 9 | D28: 14 | E28: 18 | F28: 15 | G28: 11 | H28: 948.4 | I28: 1409.33 | J28: 1837.58 | K28: 1569.95 | L28: 1140.95 | M28: 2 | N28: 1 | O28: 3 | P28: 1 | Q28: 1 | R28: 0.81818182 | S28: 0.93333333 | T28: 0.85714286 | U28: 0.9375 | V28: 0.91666667
A29: 2732 | B29: LYCP-138 | C29: 3 | D29: 4 | E29: 12 | F29: 13 | G29: 16 | H29: 206.22 | I29: 274.96 | J29: 863.77 | K29: 1030.29 | L29: 1316.76 | M29: 14 | N29: 12 | O29: 12 | P29: 7 | Q29: 6 | R29: 0.17647059 | S29: 0.25 | T29: 0.5 | U29: 0.65 | V29: 0.72727273
A30: 1030 | B30: LYAM-346 | C30: 9 | D30: 9 | E30: 12 | F30: 17 | G30: 15 | H30: 646.47 | I30: 645.47 | J30: 858.37 | K30: 1201.07 | L30: 1048.45 | M30: 2 | N30: 0 | O30: 1 | P30: 4 | Q30: 4 | R30: 0.81818182 | S30: 1 | T30: 0.92307692 | U30: 0.80952381 | V30: 0.78947368
A31: 1031 | B31: LYCP-151 | C31: 29 | D31: 25 | E31: 31 | F31: 24 | G31: 11 | H31: 5161.43 | I31: 4597.66 | J31: 5550.26 | K31: 4172.38 | L31: 1902.91 | M31: 9 | N31: 3 | O31: 12 | P31: 6 | Q31: 12 | R31: 0.76315789 | S31: 0.89285714 | T31: 0.72093023 | U31: 0.8 | V31: 0.47826087
... A33: 1144 | B33: LYAP-358 | C33: 10 | D33: 5 | E33: 16 | F33: 3 | G33: 14 | H33: 372.9 | I33: 195.63 | J33: 626.8 | K33: 117.15 | L33: 547.45 | M33: 23 | N33: 38 | O33: 44 | P33: 10 | Q33: 49 | R33: 0.3030303 | S33: 0.11627907 | T33: 0.26666667 | U33: 0.23076923 | V33: 0.22222222
A34: 1145 | B34: #N/A | C34: 0 | D34: 2 | E34: 0 | F34: 0 | G34: 0 | H34: 0 | I34: 83 | J34: 0 | K34: 0 | L34: 0 | M34: 3 | N34: 3 | O34: 6 | P34: 0 | Q34: #N/A | R34: 0 | S34: 0.4 | T34: 0 | U34: 0 | V34: #N/A
A35: 1203 | B35: LYAP-380 | C35: 18 | D35: 25 | E35: 30 | F35: 24 | G35: 16 | H35: 711.42 | I35: 928.75 | J35: 1147.8 | K35: 980.39 | L35: 669.1 | M35: 17 | N35: 23 | O35: 15 | P35: 16 | Q35: 25 | R35: 0.51428571 | S35: 0.52083333 | T35: 0.66666667 | U35: 0.6 | V35: 0.3902439
A36: 1251 | B36: LYAP-385-2+LYAP-385-3 | C36: 27 | D36: 26 | E36: 17 | F36: 11 | G36: 5 | H36: 2415.41 | I36: 2307.02 | J36: 1500.89 | K36: 962.87 | L36: 418.15 | M36: 0 | N36: 3 | O36: 0 | P36: 1 | Q36: 2 | R36: 1 | S36: 0.89655172 | T36: 1 | U36: 0.91666667 | V36: 0.71428571
A37: 1407 | B37: LYCP-158 | C37: 6 | D37: 7 | E37: 16 | F37: 11 | G37: 4 | H37: 1091.12 | I37: 1279.13 | J37: 2900.88 | K37: 1998.79 | L37: 722.08 | M37: 7 | N37: 0 | O37: 3 | P37: 2 | Q37: 7 | R37: 0.46153846 | S37: 1 | T37: 0.84210526 | U37: 0.84615385 | V37: 0.36363636
A38: 1446 | B38: LYAP-450-1 | C38: 9 | D38: 8 | E38: 9 | F38: 9 | G38: 6 | H38: 485.91 | I38: 431.92 | J38: 485.91 | K38: 486.91 | L38: 326.94 | M38: 6 | N38: 2 | O38: 6 | P38: 1 | Q38: 8 | R38: 0.6 | S38: 0.8 | T38: 0.6 | U38: 0.9 | V38: 0.42857143
A39: 1545 | B39: #N/A | C39: 5 | D39: 1 | E39: 0 | F39: 0 | G39: 0 | H39: 192.73 | I39: 37.37 | J39: 0 | K39: 0 | L39: 0 | M39: 0 | N39: 0 | O39: 0 | P39: 0 | Q39: #N/A | R39: 1 | S39: 1 | T39: 0 | U39: 0 | V39: #N/A
A40: 1587 | B40: LYAP-484 | C40: 5 | D40: 6 | E40: 8 | F40: 8 | G40: 2 | H40: 582.95 | I40: 626.31 | J40: 879.13 | K40: 882.93 | L40: 231.98 | M40: 4 | N40: 2 | O40: 10 | P40: 1 | Q40: 3 | R40: 0.55555556 | S40: 0.75 | T40: 0.44444444 | U40: 0.88888889 | V40: 0.4
A41: 1655 | B41: LYAM-486 | C41: 15 | D41: 11 | E41: 46 | F41: 68 | G41: 39 | H41: 1909.53 | I41: 1375.49 | J41: 5643.45 | K41: 7634.77 | L41: 4268.95 | M41: 12 | N41: 16 | O41: 29 | P41: 21 | Q41: 35 | R41: 0.55555556 | S41: 0.40740741 | T41: 0.61333333 | U41: 0.76404494 | V41: 0.52702703
A42: 1657 | B42: LYAM-488 | C42: 9 | D42: 17 | E42: 17 | F42: 22 | G42: 20 | H42: 771.56 | I42: 1391.07 | J42: 1370.53 | K42: 1741.08 | L42: 1521.23 | M42: 12 | N42: 20 | O42: 21 | P42: 15 | Q42: 10 | R42: 0.42857143 | S42: 0.45945946 | T42: 0.44736842 | U42: 0.59459459 | V42: 0.66666667
A43: 1690 | B43: LYAP-508-1 | C43: 7 | D43: 6 | E43: 2 | F43: 5 | G43: 2 | H43: 363.93 | I43: 311.44 | J43: 103.48 | K43: 273.45 | L43: 108.88 | M43: 3 | N43: 4 | O43: 9 | P43: 1 | Q43: 9 | R43: 0.7 | S43: 0.6 | T43: 0.18181818 | U43: 0.83333333 | V43: 0.18181818
A44: 1694 | B44: LYAP-510S | C44: 4 | D44: 14 | E44: 7 | F44: 5 | G44: 10 | H44: 344.52 | I44: 1217.5 | J44: 616 | K44: 447.9 | L44: 899 | M44: 0 | N44: 0 | O44: 0 | P44: 0 | Q44: 0 | R44: 1 | S44: 1 | T44: 1 | U44: 1 | V44: 1
A45: 1696 | B45: LYAP-512S | C45: 37 | D45: 35 | E45: 59 | F45: 44 | G45: 38 | H45: 2219.63 | I45: 2099.65 | J45: 3532.91 | K45: 2618.56 | L45: 2239.05 | M45: 9 | N45: 17 | O45: 35 | P45: 23 | Q45: 17 | R45: 0.80434783 | S45: 0.67307692 | T45: 0.62765957 | U45: 0.65671642 | V45: 0.69090909
A46: 1705 | B46: LYAP-519 | C46: 5 | D46: 13 | E46: 14 | F46: 18 | G46: 13 | H46: 323.7 | I46: 796.85 | J46: 868.79 | K46: 1187.3 | L46: 851.54 | M46: 3 | N46: 0 | O46: 7 | P46: 9 | Q46: 3 | R46: 0.625 | S46: 1 | T46: 0.66666667 | U46: 0.66666667 | V46: 0.8125
A47: 1706 | B47: #N/A | C47: 2 | D47: 1 | E47: 0 | F47: 0 | G47: 0 | H47: 73.36 | I47: 37.5 | J47: 0 | K47: 0 | L47: 0 | M47: 8 | N47: 1 | O47: 6 | P47: 0 | Q47: #N/A | R47: 0.2 | S47: 0.5 | T47: 0 | U47: 0 | V47: #N/A
A48: 1715 | B48: LYAP-529 | C48: 4 | D48: 3 | E48: 16 | F48: 8 | G48: 1 | H48: 215.96 | I48: 161.97 | J48: 879.03 | K48: 449.28 | L48: 56.16 | M48: 3 | N48: 5 | O48: 6 | P48: 2 | Q48: 2 | R48: 0.57142857 | S48: 0.375 | T48: 0.72727273 | U48: 0.8 | V48: 0.33333333
A49: 1727 | B49: LYAP-534 | C49: 7 | D49: 5 | E49: 7 | F49: 5 | G49: 7 | H49: 1120 | I49: 788 | J49: 1120 | K49: 738.18 | L49: 1116.8 | M49: 1 | N49: 2 | O49: 0 | P49: 3 | Q49: 6 | R49: 0.875 | S49: 0.71428571 | T49: 1 | U49: 0.625 | V49: 0.53846154
A50: 1734 | B50: LYCP-114 | C50: 13 | D50: 11 | E50: 16 | F50: 12 | G50: 17 | H50: 1674.27 | I50: 1456.5 | J50: 2133.61 | K50: 1589.44 | L50: 2295 | M50: 13 | N50: 13 | O50: 11 | P50: 3 | Q50: 6 | R50: 0.5 | S50: 0.45833333 | T50: 0.59259259 | U50: 0.8 | V50: 0.73913043
A51: 1748 | B51: LYAP-538 | C51: 2 | D51: 3 | E51: 5 | F51: 1 | G51: 4 | H51: 128 | I51: 201 | J51: 347 | K51: 72 | L51: 275 | M51: 10 | N51: 10 | O51: 21 | P51: 13 | Q51: 19 | R51: 0.16666667 | S51: 0.23076923 | T51: 0.19230769 | U51: 0.071428571 | V51: 0.17391304
A52: 108 | B52: LYAM-117 | C52: 32 | D52: 43 | E52: 42 | F52: 53 | G52: 38 | H52: 1717.12 | I52: 2281.77 | J52: 2237.18 | K52: 2835.95 | L52: 2099.43 | M52: 16 | N52: 15 | O52: 25 | P52: 26 | Q52: 42 | R52: 0.66666667 | S52: 0.74137931 | T52: 0.62686567 | U52: 0.67088608 | V52: 0.475
A53: 109 | B53: LYAM-117-L | C53: 7 | D53: 7 | E53: 13 | F53: 13 | G53: 12 | H53: 300.93 | I53: 300.93 | J53: 569.71 | K53: 602.57 | L53: 563.65 | M53: 1 | N53: 0 | O53: 0 | P53: 2 | Q53: 0 | R53: 0.875 | S53: 1 | T53: 1 | U53: 0.86666667 | V53: 1
A54: 2623 | B54: LYAM-118 | C54: 10 | D54: 9 | E54: 8 | F54: 9 | G54: 5 | H54: 1079.9 | I54: 970.91 | J54: 862.92 | K54: 970.91 | L54: 535.92 | M54: 6 | N54: 3 | O54: 0 | P54: 3 | Q54: 0 | R54: 0.625 | S54: 0.75 | T54: 1 | U54: 0.75 | V54: 1
A55: 111 | B55: LYAM-121 | C55: 8 | D55: 5 | E55: 5 | F55: 8 | G55: 4 | H55: 777.56 | I55: 485.52 | J55: 495.74 | K55: 809.71 | L55: 407.4 | M55: 0 | N55: 0 | O55: 0 | P55: 0 | Q55: 0 | R55: 1 | S55: 1 | T55: 1 | U55: 1 | V55: 1
A56: 2485 | B56: LYAM-159T | C56: 3 | D56: 14 | E56: 15 | F56: 7 | G56: 5 | H56: 510 | I56: 2222.5 | J56: 2372 | K56: 1164.1 | L56: 817.4 | M56: 0 | N56: 0 | O56: 0 | P56: 0 | Q56: 0 | R56: 1 | S56: 1 | T56: 1 | U56: 1 | V56: 1
A57: 2995 | B57: #N/A | C57: 0 | D57: 0 | E57: 0 | F57: 0 | G57: 0 | H57: 0 | I57: 0 | J57: 0 | K57: 0 | L57: 0 | M57: 11 | N57: 23 | O57: 18 | P57: 0 | Q57: #N/A | R57: 0 | S57: 0 | T57: 0 | U57: 0 | V57: #N/A
A58: 395 | B58: LYAM-252 | C58: 11 | D58: 12 | E58: 11 | F58: 12 | G58: 4 | H58: 174.21 | I58: 202.61 | J58: 219.69 | K58: 264.48 | L58: 88.66 | M58: 25 | N58: 35 | O58: 23 | P58: 36 | Q58: 29 | R58: 0.30555556 | S58: 0.25531915 | T58: 0.32352941 | U58: 0.25 | V58: 0.12121212
A59: 545 | B59: LYAM-289 | C59: 40 | D59: 66 | E59: 98 | F59: 62 | G59: 85 | H59: 2231.46 | I59: 3715.45 | J59: 5498.35 | K59: 3478.29 | L59: 4738.28 | M59: 10 | N59: 24 | O59: 15 | P59: 30 | Q59: 3 | R59: 0.8 | S59: 0.73333333 | T59: 0.86725664 | U59: 0.67391304 | V59: 0.96590909
A60: 547 | B60: LYAM-290-2+LYAM-290-3 | C60: 7 | D60: 12 | E60: 9 | F60: 10 | G60: 8 | H60: 198.45 | I60: 368.2 | J60: 301.85 | K60: 350.09 | L60: 280.2 | M60: 20 | N60: 15 | O60: 6 | P60: 6 | Q60: 8 | R60: 0.25925926 | S60: 0.44444444 | T60: 0.6 | U60: 0.625 | V60: 0.5
A61: 839 | B61: LYAM-306T | C61: 7 | D61: 8 | E61: 6 | F61: 6 | G61: 11 | H61: 878.79 | I61: 1001.88 | J61: 749.97 | K61: 744.24 | L61: 1326.88 | M61: 0 | N61: 0 | O61: 0 | P61: 0 | Q61: 0 | R61: 1 | S61: 1 | T61: 1 | U61: 1 | V61: 1
A62: 840 | B62: LYAM-307T | C62: 4 | D62: 12 | E62: 8 | F62: 4 | G62: 11 | H62: 443.64 | I62: 1332.17 | J62: 912.01 | K62: 462.86 | L62: 1296.69 | M62: 0 | N62: 0 | O62: 0 | P62: 0 | Q62: 0 | R62: 1 | S62: 1 | T62: 1 | U62: 1 | V62: 1
A63: 1027 | B63: LYAM-343 | C63: 6 | D63: 14 | E63: 11 | F63: 11 | G63: 7 | H63: 747.98 | I63: 1544.86 | J63: 1209.89 | K63: 1211.39 | L63: 766.8 | M63: 3 | N63: 9 | O63: 3 | P63: 11 | Q63: 3 | R63: 0.66666667 | S63: 0.60869565 | T63: 0.78571429 | U63: 0.5 | V63: 0.7
A64: 1044 | B64: LYAM-347 | C64: 5 | D64: 3 | E64: 6 | F64: 11 | G64: 5 | H64: 680 | I64: 405 | J64: 818.5 | K64: 1505.2 | L64: 680.76 | M64: 1 | N64: 2 | O64: 9 | P64: 1 | Q64: 0 | R64: 0.83333333 | S64: 0.6 | T64: 0.4 | U64: 0.91666667 | V64: 1
A65: 1045 | B65: LYAM-348S | C65: 45 | D65: 42 | E65: 58 | F65: 46 | G65: 44 | H65: 4884.03 | I65: 4746.12 | J65: 6704.84 | K65: 5498.29 | L65: 5259.73 | M65: 11 | N65: 22 | O65: 50 | P65: 47 | Q65: 34 | R65: 0.80357143 | S65: 0.65625 | T65: 0.53703704 | U65: 0.49462366 | V65: 0.56410256
A66: 1159 | B66: LYAM-368 | C66: 3 | D66: 8 | E66: 7 | F66: 13 | G66: 9 | H66: 232.77 | I66: 614.82 | J66: 537.33 | K66: 973.57 | L66: 668.91 | M66: 3 | N66: 11 | O66: 9 | P66: 7 | Q66: 5 | R66: 0.5 | S66: 0.42105263 | T66: 0.4375 | U66: 0.65 | V66: 0.64285714
A67: 1161 | B67: LYAM-370 | C67: 84 | D67: 107 | E67: 109 | F67: 107 | G67: 104 | H67: 4579.29 | I67: 5510.11 | J67: 5612.33 | K67: 5494.87 | L67: 5284.24 | M67: 29 | N67: 38 | O67: 62 | P67: 48 | Q67: 53 | R67: 0.74336283 | S67: 0.73793103 | T67: 0.6374269 | U67: 0.69032258 | V67: 0.66242038
A68: 1167 | B68: LYAM-375 | C68: 6 | D68: 7 | E68: 7 | F68: 10 | G68: 6 | H68: 794.4 | I68: 932.96 | J68: 961.58 | K68: 1350.48 | L68: 802.34 | M68: 0 | N68: 0 | O68: 3 | P68: 3 | Q68: 0 | R68: 1 | S68: 1 | T68: 0.7 | U68: 0.76923077 | V68: 1
A69: 1178 | B69: LYAM-379T-1 | C69: 22 | D69: 14 | E69: 31 | F69: 16 | G69: 27 | H69: 1512.88 | I69: 962.43 | J69: 2136.88 | K69: 1102.92 | L69: 1865.98 | M69: 8 | N69: 1 | O69: 7 | P69: 12 | Q69: 6 | R69: 0.73333333 | S69: 0.93333333 | T69: 0.81578947 | U69: 0.57142857 | V69: 0.81818182
... A288: 4166 | B288: LYAP-689 | C288: 15 | D288: 10 | E288: 9 | F288: 11 | G288: 9 | H288: 1284.24 | I288: 856.7 | J288: 770.53 | K288: 939.87 | L288: 761.48 | M288: 9 | N288: 12 | O288: 16 | P288: 9 | Q288: 6 | R288: 0.625 | S288: 0.45454545 | T288: 0.36 | U288: 0.55 | V288: 0.6
A289: 3630 | B289: #N/A | C289: 11 | D289: 4 | E289: 0 | F289: 0 | G289: 0 | H289: 869 | I289: 315 | J289: 0 | K289: 0 | L289: 0 | M289: 0 | N289: 0 | O289: 0 | P289: 0 | Q289: #N/A | R289: 1 | S289: 1 | T289: 0 | U289: 0 | V289: #N/A
A290: 4091 | B290: LYAP-693S-1 | C290: 6 | D290: 1 | E290: 8 | F290: 5 | G290: 3 | H290: 643.94 | I290: 98.99 | J290: 816.67 | K290: 520.7 | L290: 312.82 | M290: 0 | N290: 0 | O290: 0 | P290: 0 | Q290: 0 | R290: 1 | S290: 1 | T290: 1 | U290: 1 | V290: 1
A291: 3785 | B291: LYAP-693S-2 | C291: 8 | D291: 8 | E291: 5 | F291: 4 | G291: 7 | H291: 854.13 | I291: 751.23 | J291: 520.05 | K291: 437.64 | L291: 765.87 | M291: 5 | N291: 3 | O291: 6 | P291: 8 | Q291: 10 | R291: 0.61538462 | S291: 0.72727273 | T291: 0.45454545 | U291: 0.33333333 | V291: 0.41176471
A292: 3652 | B292: #N/A | C292: 1 | D292: 2 | E292: 0 | F292: 0 | G292: 0 | H292: 131 | I292: 255.45 | J292: 0 | K292: 0 | L292: 0 | M292: 0 | N292: 0 | O292: 0 | P292: 0 | Q292: #N/A | R292: 1 | S292: 1 | T292: 0 | U292: 0 | V292: #N/A
A293: 4094 | B293: LYAP-695 | C293: 3 | D293: 6 | E293: 9 | F293: 8 | G293: 3 | H293: 384 | I293: 768 | J293: 1151 | K293: 1020 | L293: 378.88 | M293: 0 | N293: 0 | O293: 0 | P293: 0 | Q293: 4 | R293: 1 | S293: 1 | T293: 1 | U293: 1 | V293: 0.42857143
A294: 4148 | B294: LYAP-697S | C294: 11 | D294: 16 | E294: 17 | F294: 3 | G294: 7 | H294: 725.89 | I294: 1055.84 | J294: 1185.56 | K294: 217.04 | L294: 509.08 | M294: 8 | N294: 10 | O294: 21 | P294: 18 | Q294: 14 | R294: 0.57894737 | S294: 0.61538462 | T294: 0.44736842 | U294: 0.14285714 | V294: 0.33333333
A295: 3715 | B295: LYAP-700S | C295: 14 | D295: 25 | E295: 36 | F295: 31 | G295: 19 | H295: 534.01 | I295: 947.75 | J295: 1376.24 | K295: 1191.69 | L295: 730.19 | M295: 34 | N295: 18 | O295: 28 | P295: 18 | Q295: 30 | R295: 0.29166667 | S295: 0.58139535 | T295: 0.5625 | U295: 0.63265306 | V295: 0.3877551
A296: 5598 | B296: LYAP-703 | C296: 5 | D296: 4 | E296: 8 | F296: 4 | G296: 6 | H296: 840 | I296: 672 | J296: 1345.2 | K296: 673.2 | L296: 990.67 | M296: 1 | N296: 0 | O296: 1 | P296: 0 | Q296: 5 | R296: 0.83333333 | S296: 1 | T296: 0.88888889 | U296: 1 | V296: 0.54545455
A297: 3876 | B297: LYAP-706-1 | C297: 20 | D297: 36 | E297: 45 | F297: 24 | G297: 12 | H297: 687.8 | I297: 1235.64 | J297: 1599.55 | K297: 874.76 | L297: 435.78 | M297: 18 | N297: 25 | O297: 36 | P297: 19 | Q297: 46 | R297: 0.52631579 | S297: 0.59016393 | T297: 0.55555556 | U297: 0.55813953 | V297: 0.20689655
A298: 4351 | B298: #N/A | C298: 3 | D298: 7 | E298: 0 | F298: 0 | G298: 0 | H298: 154.49 | I298: 335.43 | J298: 0 | K298: 0 | L298: 0 | M298: 0 | N298: 0 | O298: 1 | P298: 0 | Q298: #N/A | R298: 1 | S298: 1 | T298: 0 | U298: 0 | V298: #N/A
A299: 4054 | B299: #N/A | C299: 6 | D299: 6 | E299: 0 | F299: 0 | G299: 0 | H299: 333.66 | I299: 320.85 | J299: 0 | K299: 0 | L299: 0 | M299: 0 | N299: 0 | O299: 0 | P299: 0 | Q299: #N/A | R299: 1 | S299: 1 | T299: 0 | U299: 0 | V299: #N/A
A300: 5008 | B300: LYAP-721 | C300: 8 | D300: 12 | E300: 21 | F300: 31 | G300: 10 | H300: 668.01 | I300: 1003.97 | J300: 1833.1 | K300: 2771.08 | L300: 952 | M300: 36 | N300: 32 | O300: 20 | P300: 62 | Q300: 140 | R300: 0.18181818 | S300: 0.27272727 | T300: 0.51219512 | U300: 0.33333333 | V300: 0.066666667
A301: 4184 | B301: LYAP-722-1 | C301: 39 | D301: 32 | E301: 27 | F301: 29 | G301: 35 | H301: 3041.61 | I301: 2495.68 | J301: 2101.73 | K301: 2258.71 | L301: 2770.47 | M301: 1 | N301: 0 | O301: 3 | P301: 1 | Q301: 17 | R301: 0.975 | S301: 1 | T301: 0.9 | U301: 0.96666667 | V301: 0.67307692
A302: 4721 | B302: LYAP-723S-1 | C302: 9 | D302: 21 | E302: 15 | F302: 11 | G302: 26 | H302: 579.42 | I302: 1347.88 | J302: 968.32 | K302: 719.73 | L302: 1729.72 | M302: 0 | N302: 1 | O302: 5 | P302: 2 | Q302: 1 | R302: 1 | S302: 0.95454545 | T302: 0.75 | U302: 0.84615385 | V302: 0.96296296
A303: 4482 | B303: LYAP-725 | C303: 9 | D303: 6 | E303: 8 | F303: 11 | G303: 16 | H303: 870 | I303: 572.5 | J303: 789.5 | K303: 1072 | L303: 1602.12 | M303: 6 | N303: 5 | O303: 4 | P303: 1 | Q303: 3 | R303: 0.6 | S303: 0.54545455 | T303: 0.66666667 | U303: 0.91666667 | V303: 0.84210526
A304: 4817 | B304: LYAP-726 | C304: 17 | D304: 25 | E304: 18 | F304: 12 | G304: 15 | H304: 841.44 | I304: 1234.97 | J304: 883.62 | K304: 626.72 | L304: 786.48 | M304: 0 | N304: 0 | O304: 0 | P304: 0 | Q304: 4 | R304: 1 | S304: 1 | T304: 1 | U304: 1 | V304: 0.78947368
A305: 3837 | B305: LYAP-727-1 | C305: 9 | D305: 24 | E305: 33 | F305: 25 | G305: 21 | H305: 593.91 | I305: 1583.76 | J305: 2212.17 | K305: 1715.3 | L305: 1514.47 | M305: 3 | N305: 0 | O305: 0 | P305: 0 | Q305: 4 | R305: 0.75 | S305: 1 | T305: 1 | U305: 1 | V305: 0.84
A306: 3924 | B306: LYAP-727-2 | C306: 17 | D306: 17 | E306: 29 | F306: 16 | G306: 19 | H306: 1172.83 | I306: 1172.83 | J306: 2038.71 | K306: 1154.84 | L306: 1386.81 | M306: 2 | N306: 4 | O306: 4 | P306: 7 | Q306: 20 | R306: 0.89473684 | S306: 0.80952381 | T306: 0.87878788 | U306: 0.69565217 | V306: 0.48717949
A307: 3799 | B307: LYAP-728 | C307: 9 | D307: 14 | E307: 25 | F307: 26 | G307: 18 | H307: 801 | I307: 1219.59 | J307: 2175 | K307: 2276 | L307: 1589 | M307: 0 | N307: 0 | O307: 0 | P307: 0 | Q307: 31 | R307: 1 | S307: 1 | T307: 1 | U307: 1 | V307: 0.36734694
A308: 4103 | B308: LYAP-729 | C308: 3 | D308: 6 | E308: 6 | F308: 8 | G308: 6 | H308: 238.5 | I308: 477 | J308: 477 | K308: 638.98 | L308: 485.94 | M308: 2 | N308: 1 | O308: 5 | P308: 1 | Q308: 9 | R308: 0.6 | S308: 0.85714286 | T308: 0.54545455 | U308: 0.88888889 | V308: 0.4
A309: 4105 | B309: LYAP-734-2 | C309: 14 | D309: 23 | E309: 29 | F309: 18 | G309: 18 | H309: 1436.55 | I309: 2365.2 | J309: 2982.65 | K309: 1851.75 | L309: 1847.63 | M309: 0 | N309: 7 | O309: 4 | P309: 8 | Q309: 5 | R309: 1 | S309: 0.76666667 | T309: 0.87878788 | U309: 0.69230769 | V309: 0.7826087
A310: 4072 | B310: LYAP-735 | C310: 7 | D310: 5 | E310: 8 | F310: 7 | G310: 6 | H310: 548.43 | I310: 391.81 | J310: 626.07 | K310: 548.04 | L310: 469.65 | M310: 0 | N310: 0 | O310: 0 | P310: 0 | Q310: 0 | R310: 1 | S310: 1 | T310: 1 | U310: 1 | V310: 1
A311: 3926 | B311: LYAP-736 | C311: 15 | D311: 24 | E311: 45 | F311: 45 | G311: 30 | H311: 576.71 | I311: 920.96 | J311: 1727.91 | K311: 1733.83 | L311: 1182.04 | M311: 14 | N311: 7 | O311: 7 | P311: 21 | Q311: 36 | R311: 0.51724138 | S311: 0.77419355 | T311: 0.86538462 | U311: 0.68181818 | V311: 0.45454545
... A333: 4411 | B333: LYAP-883-2 | C333: 8 | D333: 10 | E333: 10 | F333: 16 | G333: 19 | H333: 524.16 | I333: 635.9 | J333: 635.9 | K333: 1017.44 | L333: 1208.21 | M333: 7 | N333: 8 | O333: 10 | P333: 6 | Q333: 10 | R333: 0.53333333 | S333: 0.55555556 | T333: 0.5 | U333: 0.72727273 | V333: 0.65517241
A334: 4412 | B334: #N/A | C334: 0 | D334: 0 | E334: 0 | F334: 0 | G334: 0 | H334: 0 | I334: 0 | J334: 0 | K334: 0 | L334: 0 | M334: 6 | N334: 2 | O334: 1 | P334: 0 | Q334: #N/A | R334: 0 | S334: 0 | T334: 0 | U334: 0 | V334: #N/A
A335: 4209 | B335: LYAP-884 | C335: 0 | D335: 2 | E335: 3 | F335: 5 | G335: 1 | H335: 0 | I335: 217.49 | J335: 262.5 | K335: 490.99 | L335: 87.5 | M335: 2 | N335: 8 | O335: 11 | P335: 6 | Q335: 3 | R335: 0 | S335: 0.2 | T335: 0.21428571 | U335: 0.45454545 | V335: 0.25
A336: 4669 | B336: LYAP-888 | C336: 7 | D336: 7 | E336: 16 | F336: 15 | G336: 15 | H336: 1092 | I336: 1092 | J336: 2477 | K336: 2345 | L336: 2341.6 | M336: 0 | N336: 0 | O336: 0 | P336: 0 | Q336: 0 | R336: 1 | S336: 1 | T336: 1 | U336: 1 | V336: 1
A337: 4280 | B337: #N/A | C337: 7 | D337: 3 | E337: 0 | F337: 0 | G337: 0 | H337: 359.03 | I337: 153.87 | J337: 0 | K337: 0 | L337: 0 | M337: 5 | N337: 0 | O337: 1 | P337: 0 | Q337: #N/A | R337: 0.58333333 | S337: 1 | T337: 0 | U337: 0 | V337: #N/A
A338: 4282 | B338: LYAP-891S | C338: 3 | D338: 2 | E338: 2 | F338: 3 | G338: 2 | H338: 934.03 | I338: 621.3 | J338: 635.3 | K338: 974.7 | L338: 649.8 | M338: 0 | N338: 0 | O338: 0 | P338: 0 | Q338: 0 | R338: 1 | S338: 1 | T338: 1 | U338: 1 | V338: 1
A339: 5283 | B339: LYAP-906 | C339: 6 | D339: 5 | E339: 5 | F339: 5 | G339: 11 | H339: 1367.94 | I339: 1123.9 | J339: 1112.66 | K339: 1085.55 | L339: 2558.34 | M339: 0 | N339: 2 | O339: 1 | P339: 3 | Q339: 0 | R339: 1 | S339: 0.71428571 | T339: 0.83333333 | U339: 0.625 | V339: 1
A340: 5671 | B340: LYAP-917S-1 | C340: 15 | D340: 9 | E340: 13 | F340: 17 | G340: 18 | H340: 2037 | I340: 1262.96 | J340: 1592.63 | K340: 2054.15 | L340: 2296.82 | M340: 1 | N340: 0 | O340: 1 | P340: 1 | Q340: 1 | R340: 0.9375 | S340: 1 | T340: 0.92857143 | U340: 0.94444444 | V340: 0.94736842
A341: 5672 | B341: LYAP-917S-2 | C341: 6 | D341: 10 | E341: 12 | F341: 11 | G341: 9 | H341: 750.09 | I341: 1282.3 | J341: 1544.82 | K341: 1422.61 | L341: 1111.81 | M341: 0 | N341: 1 | O341: 0 | P341: 1 | Q341: 1 | R341: 1 | S341: 0.90909091 | T341: 1 | U341: 0.91666667 | V341: 0.9
A342: 5589 | B342: LYAP-940S-1 | C342: 6 | D342: 3 | E342: 8 | F342: 3 | G342: 7 | H342: 190.7 | I342: 100.35 | J342: 278.24 | K342: 106.88 | L342: 242.3 | M342: 52 | N342: 72 | O342: 76 | P342: 87 | Q342: 52 | R342: 0.10344828 | S342: 0.04 | T342: 0.095238095 | U342: 0.033333333 | V342: 0.11864407
A343: 5590 | B343: LYAP-940S-2 | C343: 35 | D343: 44 | E343: 44 | F343: 18 | G343: 17 | H343: 851.43 | I343: 1018.46 | J343: 1061.38 | K343: 537.03 | L343: 524.6 | M343: 50 | N343: 47 | O343: 74 | P343: 78 | Q343: 55 | R343: 0.41176471 | S343: 0.48351648 | T343: 0.37288136 | U343: 0.1875 | V343: 0.23611111
...

Sheet 三部维度汇总
A1: 汇总维度 | B1: 维度值 | C1: 数据类别 | D1: 26.01月 | E1: 26.02月 | F1: 26.03月 | G1: 26.04月 | H1: 26.05月 | J1: 汇总维度 | K1: 维度值 | L1: 数据类别 | M1: 26.01月 | N1: 26.02月 | O1: 26.03月 | P1: 26.04月 | Q1: 26.05月
A2: 分类 | B2: 车身外扩件 | C2: 总销量-发货单 | D2: 3294 | E2: 3625 | F2: 4892 | G2: 4418 | H2: 3870 | J2: 分析人 | K2: 俞东旭 | L2: 总销量-发货单 | M2: 1843 | N2: 2041 | O2: 2968 | P2: 2420 | Q2: 2037
A3: 分类 | B3: 机盖及附件 | C3: 总销量-发货单 | D3: 933 | E3: 884 | F3: 1057 | G3: 1038 | H3: 1211 | J3: 分析人 | K3: 朱培源 | L3: 总销量-发货单 | M3: 2512 | N3: 2789 | O3: 3605 | P3: 2997 | Q3: 2996
A4: 分类 | B4: 车门系统 | C4: 总销量-发货单 | D4: 3233 | E4: 3470 | F4: 3909 | G4: 3251 | H4: 2822 | J4: 分析人 | K4: 王偲涵 | L4: 总销量-发货单 | M4: 3804 | N4: 4236 | O4: 5767 | P4: 4766 | Q4: 4212
A5: 分类 | B5: 饰条 | C5: 总销量-发货单 | D5: 1576 | E5: 1835 | F5: 2735 | G5: 2253 | H5: 1900 | J5: 分析人 | K5: 胡煜星 | L5: 总销量-发货单 | M5: 2829 | N5: 2780 | O5: 2994 | P5: 2448 | Q5: 2299
A6: 分类 | B6: 其他 | C6: 总销量-发货单 | D6: 836 | E6: 882 | F6: 1115 | G6: 1046 | H6: 926 | J6: 分析人 | K6: 张潇 | L6: 总销量-发货单 | M6: 3954 | N6: 4419 | O6: 5925 | P6: 5492 | Q6: 4944
A7: 分类 | B7: 挡泥板 | C7: 总销量-发货单 | D7: 3861 | E7: 4266 | F7: 5396 | G7: 4280 | H7: 3779 | J7: 分析人 | K7: 章鹏 | L7: 总销量-发货单 | M7: 2189 | N7: 2579 | O7: 2984 | P7: 2405 | Q7: 1930
A8: 分类 | B8: 软顶 | C8: 总销量-发货单 | D8: 599 | E8: 689 | F8: 984 | G8: 780 | H8: 706 | J8: 分析人 | K8: 无在售 | L8: 总销量-发货单 | M8: 0 | N8: 8 | O8: 2 | P8: 0 | Q8: 1
A9: 分类 | B9: 雨刮罩 | C9: 总销量-发货单 | D9: 1516 | E9: 1806 | F9: 2440 | G9: 1981 | H9: 1866 | J9: 分析人 | K9: 汇总 | L9: 总销量-发货单 | M9: 17131 | N9: 18852 | O9: 24245 | P9: 20528 | Q9: 18419
A10: 分类 | B10: 牌照板支架 | C10: 总销量-发货单 | D10: 563 | E10: 714 | F10: 907 | G10: 800 | H10: 627 | J10: 分析人 | K10: 俞东旭 | L10: 总销售额-发货单 | M10: 213081.46 | N10: 205928 | O10: 348300.6 | P10: 281345.19 | Q10: 224502.54
A11: 分类 | B11: 玻璃 | C11: 总销量-发货单 | D11: 720 | E11: 673 | F11: 808 | G11: 681 | H11: 711 | J11: 分析人 | K11: 朱培源 | L11: 总销售额-发货单 | M11: 220204.56 | N11: 249155.57 | O11: 351154.53 | P11: 284945.93 | Q11: 286721.17
A12: 分类 | B12: 汇总 | C12: 总销量-发货单 | D12: 17131 | E12: 18844 | F12: 24243 | G12: 20528 | H12: 18418 | J12: 分析人 | K12: 王偲涵 | L12: 总销售额-发货单 | M12: 242839.9 | N12: 278466.52 | O12: 378410.19 | P12: 319617.45 | Q12: 292912.6
A13: 分类 | B13: 车身外扩件 | C13: 总销售额-发货单 | D13: 248375.02 | E13: 283277.77 | F13: 391174.26 | G13: 351378.79 | H13: 313875.43 | J13: 分析人 | K13: 胡煜星 | L13: 总销售额-发货单 | M13: 147910.05 | N13: 144732.82 | O13: 180456.78 | P13: 157566.55 | Q13: 153015.59
... A25: 分类 | B25: 机盖及附件 | C25: 售出均价 | D25: 56.587985 | E25: 57.300136 | F25: 62.635052 | G25: 64.033054 | H25: 68.002114 | J25: 分析人 | K25: 汇总 | L25: 售出均价 | M25: 64.640287 | N25: 63.145277 | O25: 68.899944 | P25: 69.587487 | Q25: 70.583996
A26: 分类 | B26: 车门系统 | C26: 售出均价 | D26: 34.992283 | E26: 40.287741 | F26: 58.209857 | G26: 57.447539 | H26: 57.800358
A27: 分类 | B27: 饰条 | C27: 售出均价 | D27: 34.449093 | E27: 36.059188 | F27: 37.697163 | G27: 39.017767 | H27: 39.784363
A28: 分类 | B28: 其他 | C28: 售出均价 | D28: 72.609414 | E28: 68.899875 | F28: 70.027857 | G28: 76.181501 | H28: 82.560335
A29: 分类 | B29: 挡泥板 | C29: 售出均价 | D29: 78.846765 | E29: 65.916261 | F29: 71.981547 | G29: 73.991287 | H29: 71.682789
A30: 分类 | B30: 软顶 | C30: 售出均价 | D30: 171.88815 | E30: 173.56865 | F30: 177.13207 | G30: 175.03567 | H30: 173.77928
A31: 分类 | B31: 雨刮罩 | C31: 售出均价 | D31: 61.867737 | E31: 63.721384 | F31: 62.764193 | G31: 62.762398 | H31: 63.560257
A32: 分类 | B32: 牌照板支架 | C32: 售出均价 | D32: 17.877069 | E32: 16.766092 | F32: 15.751544 | G32: 18.048388 | H32: 19.063317
A33: 分类 | B33: 玻璃 | C33: 售出均价 | D33: 92.796125 | E33: 89.47627 | F33: 91.340136 | G33: 94.435316 | H33: 90.554571
A34: 分类 | B34: 汇总 | C34: 售出均价 | D34: 64.640287 | E34: 63.082401 | F34: 68.887891 | G34: 69.587487 | H34: 70.577567
