Workbook

Sheet 字段说明
A1: Sheet | B1: 字段名(列) | C1: 是否必填 | D1: 说明 | E1: 示例值 | F1: 对应React数据块
A2: 四三数据累计 | B2: 销售编号(0) | C2: 是 | D2: 唯一销售编号，整数 | E2: 12073 | F2: cum43Data[].saleNo
A3: 四三数据累计 | B3: SKU(1) | C3: 是 | D3: 产品SKU编码 | E3: LYAP-X1658 | F3: cum43Data[].SKU
A4: 四三数据累计 | B4: 上架日期(2) | C4: 是 | D4: 实际的上架日期 YYYY-MM-DD | E4: 2026-03-04 | F4: cum43Data[].listDate
A5: 四三数据累计 | B5: 首次出单日期(3) | C5: 是 | D5: 首次出单日期 YYYY-MM-DD | E5: 2026-03-12 | F5: cum43Data[].firstOrderDate
A6: 四三数据累计 | B6: 分析人(4) | C6: 是 | D6: 6人: 俞东旭/张潇/朱培源/王偲涵/章鹏/胡煜星 | E6: 俞东旭 | F6: cum43Data[].analyst
A7: 四三数据累计 | B7: 品类(5) | C7: 是 | D7: 7类: 车门系统/车身外扩件/挡泥板/机盖及附件/牌照板支架/其他/饰条 | E7: 车门系统 | F7: cum43Data[].category
A8: 四三数据累计 | B8: 拓展类型(6) | C8: 是 | D8: 原开品/拓展品/组合件 | E8: 原开品 | F8: cum43Data[].expandType
A9: 四三数据累计 | B9: 销量_本周(18) | C9: 是 | D9: 当前周销量（整数），新周追加列时改C映射 | E9: 231 | F9: cum43Data[].curSalesQty
A10: 四三数据累计 | B10: 对手销量_本周(44) | C10: 是 | D10: 截止上日的对手总销量 | E10: 5 | F10: cum43Data[].curRivalQty
A11: 四三数据累计 | B11: 市占比_本周(56) | C11: 是 | E11: 48.2 | F11: cum43Data[].curMarketShare
A12: 四三数据累计 | B12: 8日出单_本周(80) | C12: 是 | D12: Y=8日内出单, N=8日外出单, 空=未出单 | E12: Y | F12: cum43Data[].cur8dStatus
A13: 四三数据累计 | B13: 市场状态_本周(117) | C13: 是 | D13: 正常/竞争无优势/无市场/站外出单 | E13: 正常 | F13: cum43Data[].curMarketStatus
A14: 四三数据累计 | B14: 运作判断_本周(129) | C14: 否 | D14: 运作状态文字判断 | E14: 无异常 | F14: cum43Data[].curOperation
A15: 四三数据累计 | B15: PLP开启(136) | C15: 否 | D15: 本周是否开启PLP广告 Y/N | E15: N | F15: cum43Data[].plpEnabled
A16: 四三数据累计 | B16: PLG费率(144) | C16: 否 | D16: PLG最高费率 百分比字符串 | E16: 2.0% | F16: cum43Data[].plgFee
A17: PLP明细 | B17: 周期(0) | C17: 是 | D17: 自然周 Mon-Sun 如 5.18-5.24 | E17: 5.18-5.24 | F17: plpDetailData[].period
A18: PLP明细 | B18: 广告系列(1) | C18: 是 | D18: 广告系列名称 | E18: LYAM-X2428-C~俞东旭 | F18: plpDetailData[].campaign
A19: PLP明细 | B19: SKU(2) | C19: 是 | D19: 产品SKU编码 | E19: LYAM-X2428-C | F19: plpDetailData[].SKU
A20: PLP明细 | B20: 曝光量(11) | C20: 是 | D20: 广告曝光次数 | E20: 794 | F20: plpDetailData[].impressions
A21: PLP明细 | B21: 点击量(12) | C21: 是 | D21: 广告点击次数 | E21: 9 | F21: plpDetailData[].clicks
A22: PLP明细 | B22: 售出件数(13) | C22: 是 | D22: 广告售出件数 | E22: 1 | F22: plpDetailData[].salesQty
A23: PLP明细 | B23: 花费(14) | C23: 是 | D23: 广告花费 USD | E23: 5.09 | F23: plpDetailData[].spend
... A31: ⚠️ 百分比规则 | B31: PLP/PLG汇总表 acos/cvr/cpc | C31: - | D31: 已是格式化字符串("11.31%")，React端直接透传 | E31: "11.31%" | F31: plpAnalysts[]
A32: ⚠️ 百分比规则 | B32: 所有市占比字段 | C32: - | E32: 52.6→52.6% | F32: totalShare4w[]
A33: 通用 | B33: 销售额 | C33: - | D33: 所有销售额为USD原值，禁止货币转换
A34: 通用 | B34: 低占比定义 | C34: - | D34: 市占比<75% 且 对手销量>0
A35: 通用 | B35: ACOAS去重 | C35: - | D35: 计算ACOAS时totalRevenue按SKU去重
A36: 通用 | B36: 分析人(6人) | C36: - | D36: 俞东旭/张潇/朱培源/王偲涵/章鹏/胡煜星
A37: 通用 | B37: 品类(7类) | C37: - | D37: 车门系统/车身外扩件/挡泥板/机盖及附件/牌照板支架/其他/饰条
A38: 私区数据 | B38: 追踪间隔 | E38: 3
A39: 私区数据 | B39: 8日出单情况 | D39: N/Y/未出单/本期不分析(减少分析频次) | E39: 未出单
A40: 私区数据 | B40: 7日频次标签 | D40: 正常/异常/本期不分析(减少分析频次) | E40: 异常
A41: 私区数据 | B41: 上架8日内新品频次标签 | D41: 正常/异常/本期不分析(减少分析频次) | E41: 正常
A42: 私区数据 | B42: 市场状态 | D42: 正常/无市场/站外出单/站内无价格优势/竞争无优势 | E42: 站外出单
A43: 私区数据 | B43: 操作判断 | D43: 降价测试-市场无对手/降价测试-市场有低价对手出单/广告-PLG/广告-PLP/链接优化/无调整/8日新品优化 | E43: 广告-PLP

Sheet 四三数据累计
A1: 销售编号 | B1: SKU | C1: 实际上架日期 | D1: 首次出单日期 | E1: 5月分析人 | F1: 品类 | G1: 产品拓展 | H1: 3.5-3.11销量 | I1: 3.12-3.18销量 | J1: 3.19-3.25销量 | K1: 3.26-4.1销量 | L1: 4.2-4.8销量 | M1: 4.9-4.15销量 | N1: 4.16-4.22销量 | O1: 4.23-4.29销量 | P1: 4.30-5.6销量 | Q1: 5.7-5.13销量 | R1: 5.14-5.20销量 | S1: 5.21-5.27销量 | T1: 环比 | U1: 3.5-3.11销售额 | V1: 3.12-3.18销售额 | W1: 3.19-3.25销售额 | X1: 3.26-4.1销售额 | Y1: 4.2-4.8销售额 | Z1: 4.9-4.15销售额 | AA1: 4.16-4.22销售额 | AB1: 4.23-4.29销售额 | AC1: 4.30-5.6销售额 | AD1: 5.7-5.13销售额 | AE1: 5.14-5.20销售额 | AF1: 5.21-5.27销售额 | AG1: 环比 | AH1: 3.11对手销量 | AI1: 3.18对手销量 | AJ1: 3.25对手销量 | AK1: 4.1对手销量 | AL1: 4.8对手销量 | AM1: 4.15对手销量 | AN1: 4.22对手销量 | AO1: 4.29对手销量 | AP1: 5.6对手销量 | AQ1: 5.13对手销量 | AR1: 5.20对手销量 | AS1: 5.27对手销量 | AT1: 3.11市占比 | AU1: 3.18市占比 | AV1: 3.25市占比 | AW1: 4.1市占比 | AX1: 4.8市占比 | AY1: 4.15市占比 | AZ1: 4.22市占比 | BA1: 4.29市占比 | BB1: 5.6市占比 | BC1: 5.13市占比 | BD1: 5.20市占比 | BE1: 5.27市占比 | BF1: 3.11追踪间隔 | BG1: 3.18追踪间隔 | BH1: 3.25追踪间隔 | BI1: 4.1追踪间隔 | BJ1: 4.8追踪间隔 | BK1: 4.15追踪间隔 | BL1: 4.22追踪间隔 | BM1: 4.29追踪间隔 | BN1: 5.6追踪间隔 | BO1: 5.13追踪间隔 | BP1: 5.20追踪间隔 | BQ1: 5.27追踪间隔 | BR1: 3.11 8日出单情况 | BS1: 3.18 8日出单情况 | BT1: 3.25 8日出单情况 | BU1: 4.1 8日出单情况 | BV1: 4.8 8日出单情况 | BW1: 4.15 8日出单情况 | BX1: 4.22 8日出单情况 | BY1: 4.29 8日出单情况 | BZ1: 5.6 8日出单情况 | CA1: 5.13 8日出单情况 | CB1: 5.20 8日出单情况 | CC1: 5.27 8日出单情况 | CD1: 3.11 7日频次标签 | CE1: 3.18 7日频次标签 | CF1: 3.25 7日频次标签 | CG1: 4.1 7日频次标签 | CH1: 4.8 7日频次标签 | CI1: 4.15 7日频次标签 | CJ1: 4.22 7日频次标签 | CK1: 4.29 7日频次标签 | CL1: 5.6 7日频次标签 | CM1: 5.13 7日频次标签 | CN1: 5.20 7日频次标签 | CO1: 5.27 7日频次标签 | CP1: 3.11 上架8日内新品频次标签 | CQ1: 3.18 上架8日内新品频次标签 | CR1: 3.25 上架8日内新品频次标签 | CS1: 4.1 上架8日内新品频次标签 | CT1: 4.8 上架8日内新品频次标签 | CU1: 4.15 上架8日内新品频次标签 | CV1: 4.22 上架8日内新品频次标签 | CW1: 4.29 上架8日内新品频次标签 | CX1: 5.6 上架8日内新品频次标签 | CY1: 5.13上架8日内新品频次标签 | CZ1: 5.20上架8日内新品频次标签 | DA1: 5.27上架8日内新品频次标签 | DB1: 3.4市场状态 | DC1: 3.11市场状态 | DD1: 3.18市场状态 | DE1: 3.25市场状态 | DF1: 4.1市场状态 | DG1: 4.8市场状态 | DH1: 4.15市场状态 | DI1: 4.22市场状态 | DJ1: 4.29市场状态 | DK1: 5.6市场状态 | DL1: 5.13市场状态 | DM1: 5.20市场状态 | DN1: 5.27市场状态 | DO1: 3.5-3.11操作判断 | DP1: 3.12-3.18操作判断 | DQ1: 3.19-3.25操作判断 | DR1: 3.26-4.1操作判断 | DS1: 4.2-4.8操作判断 | DT1: 4.9-4.15操作判断 | DU1: 4.16-4.22操作判断 | DV1: 4.23-4.29操作判断 | DW1: 4.30-5.6操作判断 | DX1: 5.7-5.13操作判断 | DY1: 5.14-5.20操作判断 | DZ1: 5.21-5.27操作判断 | EA1: 4.9-4.15开启PLP | EB1: 4.16-4.22开启PLP | EC1: 4.23-4.29开启PLP | ED1: 4.30-5.6开启PLP | EE1: 5.4-5.10开启PLP | EF1: 5.11-5.17开启PLP | EG1: 5.18-5.24开启PLP | EH1: 5.18-5.24PLP广告花费 | EI1: 5.18-5.24PLP广告销售额 | EJ1: 4.16-4.22PLG最高费率 | EK1: 4.23-4.29PLG最高费率 | EL1: 4.30-5.6PLG最高费率 | EM1: 5.4-5.10PLG最高费率 | EN1: 5.11-5.17PLG最高费率 | EO1: 5.18-5.24PLG最高费率 | EP1: 5.18-5.24PLG广告花费 | EQ1: 5.18-5.24PLG广告销售额
A2: 12073 | B2: LYAP-X1658 | C2: 46085 | D2: =IF(_xlfn.XLOOKUP(A2,[1]分配表!J:J,[1]分配表!M:M)=0,"未出单",_xlfn.XLOOKUP(A2,[1]分配表!J:J,[1]分配表!M:M)) -> 46093 | E2: =_xlfn.XLOOKUP(A2,[1]分配表!A:A,[1]分配表!C:C) -> 朱培源 | F2: =IF(_xlfn.XLOOKUP($A2,[1]分配表!$A:$A,[1]分配表!D:D)=0,"未分类",_xlfn.XLOOKUP($A2,[1]分配表!$A:$A,[1]分配表!D:D)) -> 车门系统 | G2: =_xlfn.XLOOKUP(A2,[1]分配表!J:J,[1]分配表!I:I) -> 原开品 | H2: 0 | I2: 3 | J2: 3 | K2: 4 | L2: 0 | M2: 0 | N2: 1 | O2: 0 | P2: 1 | Q2: 4 | R2: 0 | S2: 1 | T2: =IFERROR(S2-R2,S2) -> 1 | U2: 0 | V2: 1260 | W2: 1260 | X2: 1680 | Y2: 0 | Z2: 0 | AA2: 420 | AB2: 0 | AC2: 420 | AD2: 1680 | AE2: 0 | AF2: 420 | AG2: =IFERROR(AF2-AE2,AF2) -> 420 | AH2: 0 | AI2: 0 | AJ2: 0 | AK2: 0 | AL2: 0 | AM2: 0 | AN2: 0 | AO2: 0 | AP2: 0 | AQ2: 0 | AR2: 0 | AS2: 0 | AT2: 市场无出单 | AU2: 1 | AV2: 1 | AW2: 1 | AX2: 0 | AY2: 0 | AZ2: 1 | BA2: 市场无出单 | BB2: 1 | BC2: 1 | BD2: 1 | BE2: 1 | BF2: 1 | BG2: 8 | BH2: 2 | BI2: 1 | BJ2: 1 | BK2: 9 | BL2: 9 | BM2: 16 | BN2: 23 | BO2: 30 | BP2: 37 | BQ2: 4 | BR2: 未出单 | BS2: Y | BT2: Y | BU2: Y | BV2: Y | BW2: Y | BX2: Y | BY2: Y | BZ2: Y | CA2: Y | CB2: Y | CC2: Y | CD2: 正常 | CE2: 异常 | CF2: 正常 | CG2: 正常 | CH2: 正常 | CI2: 正常 | CJ2: 正常 | CK2: 正常 | CL2: 正常 | CM2: 正常 | CN2: 正常 | CO2: 正常 | CP2: 正常 | CQ2: 正常 | CR2: 正常 | CS2: 正常 | CT2: 正常 | CU2: 正常 | CV2: 正常 | CW2: 正常 | CX2: 正常 | CY2: 正常 | CZ2: 正常 | DA2: 正常 | DB2: 无市场 | DC2: 无市场 | DD2: 正常 | DE2: 正常 | DF2: 正常 | DG2: 正常 | DH2: 无市场 | DI2: 正常 | DJ2: 无市场 | DK2: 正常 | DL2: 正常 | DM2: 正常 | DN2: 正常 | DO2: 广告-PLP | DP2: 无异常 | DQ2: 未分析 | DR2: 无异常 | DS2: 无异常 | DT2: 无异常 | DU2: 无异常 | DV2: 无异常 | DW2: 无异常 | DX2: 无异常 | DY2: 无异常 | DZ2: 无异常 | EA2: N | EB2: N | EC2: N | ED2: N | EE2: N | EF2: N | EG2: N | EH2: 0 | EI2: 0 | EJ2: 0.045 | EK2: 0.02 | EL2: 0.02 | EM2: 0.02 | EN2: 0.02 | EO2: 0.02 | EP2: 20.41 | EQ2: 453.6
A3: 12074 | B3: LYAP-X1658L | C3: 46085 | D3: =IF(_xlfn.XLOOKUP(A3,[1]分配表!J:J,[1]分配表!M:M)=0,"未出单",_xlfn.XLOOKUP(A3,[1]分配表!J:J,[1]分配表!M:M)) -> 46085 | E3: =_xlfn.XLOOKUP(A3,[1]分配表!A:A,[1]分配表!C:C) -> 朱培源 | F3: =IF(_xlfn.XLOOKUP($A3,[1]分配表!$A:$A,[1]分配表!D:D)=0,"未分类",_xlfn.XLOOKUP($A3,[1]分配表!$A:$A,[1]分配表!D:D)) -> 车门系统 | G3: =_xlfn.XLOOKUP(A3,[1]分配表!J:J,[1]分配表!I:I) -> 拓展品 | H3: 8 | I3: 12 | J3: 5 | K3: 6 | L3: 3 | M3: 3 | N3: 9 | O3: 9 | P3: 8 | Q3: 8 | R3: 5 | S3: 0 | T3: =IFERROR(S3-R3,S3) -> -5 | U3: 1760 | V3: 2640 | W3: 1080 | X3: 1320 | Y3: 675 | Z3: 679.1 | AA3: 2147.72 | AB3: 2196.8 | AC3: 2010.88 | AD3: 1983.16 | AE3: 1239.08 | AF3: 0 | AG3: =IFERROR(AF3-AE3,AF3) -> -1239.08 | AH3: 0 | AI3: 1 | AJ3: 0 | AK3: 0 | AL3: 0 | AM3: 0 | AN3: 0 | AO3: 0 | AP3: 0 | AQ3: 0 | AR3: 0 | AS3: 0 | AT3: 1 | AU3: 0.9 | AV3: 1 | AW3: 1 | AX3: 1 | AY3: 1 | AZ3: 1 | BA3: 1 | BB3: 1 | BC3: 1 | BD3: 1 | BE3: 1 | BF3: 5 | BG3: 12 | BH3: 2 | BI3: 1 | BJ3: 7 | BK3: 6 | BL3: 12 | BM3: 19 | BN3: 26 | BO3: 33 | BP3: 40 | BQ3: 47 | BR3: Y | BS3: Y | BT3: Y | BU3: Y | BV3: Y | BW3: Y | BX3: Y | BY3: Y | BZ3: Y | CA3: Y | CB3: Y | CC3: Y | CD3: 正常 | CE3: 异常 | CF3: 正常 | CG3: 正常 | CH3: 正常 | CI3: 正常 | CJ3: 正常 | CK3: 正常 | CL3: 正常 | CM3: 正常 | CN3: 正常 | CO3: 正常 | CP3: 异常 | CQ3: 正常 | CR3: 正常 | CS3: 正常 | CT3: 正常 | CU3: 正常 | CV3: 正常 | CW3: 正常 | CX3: 正常 | CY3: 正常 | CZ3: 正常 | DA3: 正常 | DB3: 无市场 | DC3: 正常 | DD3: 正常 | DE3: 正常 | DF3: 正常 | DG3: 正常 | DH3: 正常 | DI3: 正常 | DJ3: 正常 | DK3: 正常 | DL3: 正常 | DM3: 正常 | DN3: 正常 | DO3: 无调整 | DP3: 无调整 | DQ3: 未分析 | DR3: 无异常 | DS3: 无异常 | DT3: 无异常 | DU3: 无异常 | DV3: 无异常 | DW3: 无异常 | DX3: 无异常 | DY3: 无异常 | DZ3: 无异常 | EA3: N | EB3: N | EC3: N | ED3: N | EE3: N | EF3: N | EG3: N | EH3: 0 | EI3: 0 | EJ3: 0.05 | EK3: 0.02 | EL3: 0.02 | EM3: 0.02 | EN3: 0 | EO3: 0 | EP3: 10.45 | EQ3: 298.55
A4: 12075 | B4: LYAP-X1658R | C4: 46085 | D4: =IF(_xlfn.XLOOKUP(A4,[1]分配表!J:J,[1]分配表!M:M)=0,"未出单",_xlfn.XLOOKUP(A4,[1]分配表!J:J,[1]分配表!M:M)) -> 46085 | E4: =_xlfn.XLOOKUP(A4,[1]分配表!A:A,[1]分配表!C:C) -> 朱培源 | F4: =IF(_xlfn.XLOOKUP($A4,[1]分配表!$A:$A,[1]分配表!D:D)=0,"未分类",_xlfn.XLOOKUP($A4,[1]分配表!$A:$A,[1]分配表!D:D)) -> 车门系统 | G4: =_xlfn.XLOOKUP(A4,[1]分配表!J:J,[1]分配表!I:I) -> 拓展品 | H4: 1 | I4: 2 | J4: 0 | K4: 0 | L4: 0 | M4: 1 | N4: 0 | O4: 0 | P4: 1 | Q4: 1 | R4: 1 | S4: 0 | T4: =IFERROR(S4-R4,S4) -> -1 | U4: 220 | V4: 440 | W4: 0 | X4: 0 | Y4: 0 | Z4: 220 | AA4: 0 | AB4: 0 | AC4: 220 | AD4: 220 | AE4: 220 | AF4: 0 | AG4: =IFERROR(AF4-AE4,AF4) -> -220 | AH4: 0 | AI4: 0 | AJ4: 0 | AK4: 0 | AL4: 0 | AM4: 0 | AN4: 0 | AO4: 0 | AP4: 0 | AQ4: 0 | AR4: 0 | AS4: 0 | AT4: 1 | AU4: 1 | AV4: 市场无出单 | AW4: 0 | AX4: 0 | AY4: 1 | AZ4: 市场无出单 | BA4: 市场无出单 | BB4: 1 | BC4: 1 | BD4: 1 | BE4: 市场无出单 | BF4: 5 | BG4: 12 | BH4: 2 | BI4: 1 | BJ4: 1 | BK4: 9 | BL4: 15 | BM4: 22 | BN4: 29 | BO4: 36 | BP4: 43 | BQ4: 50 | BR4: Y | BS4: Y | BT4: Y | BU4: Y | BV4: Y | BW4: Y | BX4: Y | BY4: Y | BZ4: Y | CA4: Y | CB4: Y | CC4: Y | CD4: 正常 | CE4: 异常 | CF4: 正常 | CG4: 正常 | CH4: 正常 | CI4: 正常 | CJ4: 正常 | CK4: 正常 | CL4: 正常 | CM4: 正常 | CN4: 正常 | CO4: 正常 | CP4: 异常 | CQ4: 正常 | CR4: 正常 | CS4: 正常 | CT4: 正常 | CU4: 正常 | CV4: 正常 | CW4: 正常 | CX4: 正常 | CY4: 正常 | CZ4: 正常 | DA4: 正常 | DB4: 无市场 | DC4: 正常 | DD4: 正常 | DE4: 正常 | DF4: 无市场 | DG4: 无市场 | DH4: 正常 | DI4: 无市场 | DJ4: 无市场 | DK4: 正常 | DL4: 正常 | DM4: 正常 | DN4: 无市场 | DO4: 无调整 | DP4: 无调整 | DQ4: 未分析 | DR4: 无异常 | DS4: 无异常 | DT4: 无异常 | DU4: 无异常 | DV4: 无异常 | DW4: 无异常 | DX4: 无异常 | DY4: 无异常 | DZ4: 无异常 | EA4: N | EB4: N | EC4: N | ED4: N | EE4: N | EF4: N | EG4: N | EH4: 0 | EI4: 0 | EJ4: 0.045 | EK4: 0.02 | EL4: 0.02 | EM4: 0.02 | EN4: 0.02 | EO4: 0.02 | EP4: 0 | EQ4: 0
A5: 12252 | B5: LYAP-X1800-1 | C5: 46085 | D5: =IF(_xlfn.XLOOKUP(A5,[1]分配表!J:J,[1]分配表!M:M)=0,"未出单",_xlfn.XLOOKUP(A5,[1]分配表!J:J,[1]分配表!M:M)) -> 46089 | E5: =_xlfn.XLOOKUP(A5,[1]分配表!A:A,[1]分配表!C:C) -> 胡煜星 | F5: =IF(_xlfn.XLOOKUP($A5,[1]分配表!$A:$A,[1]分配表!D:D)=0,"未分类",_xlfn.XLOOKUP($A5,[1]分配表!$A:$A,[1]分配表!D:D)) -> 车门系统 | G5: =_xlfn.XLOOKUP(A5,[1]分配表!J:J,[1]分配表!I:I) -> 原开品 | H5: 3 | I5: 4 | J5: 2 | K5: 1 | L5: 0 | M5: 0 | N5: 1 | O5: 0 | P5: 1 | Q5: 1 | R5: 1 | S5: 1 | T5: =IFERROR(S5-R5,S5) -> 0 | U5: 122 | V5: 160 | W5: 80 | X5: 40 | Y5: 0 | Z5: 0 | AA5: 40 | AB5: 0 | AC5: 40 | AD5: 40 | AE5: 40 | AF5: 40 | AG5: =IFERROR(AF5-AE5,AF5) -> 0 | AH5: 11 | AI5: 1 | AJ5: 4 | AK5: 10 | AL5: 1 | AM5: 12 | AN5: 12 | AO5: 9 | AP5: 7 | AQ5: 2 | AR5: 0 | AS5: 3 | AT5: 0.21428571 | AU5: 0.8571 | AV5: 0.33333333 | AW5: 0.090909091 | AX5: 0 | AY5: 0 | AZ5: 0.0769 | BA5: 0 | BB5: 0.125 | BC5: 0.3333 | BD5: 1 | BE5: 0 | BF5: 1 | BG5: 1 | BH5: 0 | BI5: 8 | BJ5: 0 | BK5: 5 | BL5: 6 | BM5: 13 | BN5: 0 | BO5: 7 | BP5: 1 | BQ5: 8 | BR5: Y | BS5: Y | BT5: Y | BU5: Y | BV5: Y | BW5: Y | BX5: Y | BY5: Y | BZ5: Y | CA5: Y | CB5: Y | CC5: Y | CD5: 正常 | CE5: 正常 | CF5: 正常 | CG5: 异常 | CH5: 正常 | CI5: 正常 | CJ5: 正常 | CK5: 异常 | CL5: 正常 | CM5: 异常 | CN5: 正常 | CO5: 异常 | CP5: 正常 | CQ5: 正常 | CR5: 正常 | CS5: 正常 | CT5: 正常 | CU5: 正常 | CV5: 正常 | CW5: 正常 | CX5: 正常 | CY5: 正常 | CZ5: 正常 | DA5: 正常 | DB5: 无市场 | DC5: 竞争无优势 | DD5: 正常 | DE5: 竞争无优势 | DF5: 竞争无优势 | DG5: 竞争无优势 | DH5: 竞争无优势 | DI5: 竞争无优势 | DJ5: 竞争无优势 | DK5: 竞争无优势 | DL5: 竞争无优势 | DM5: 正常 | DN5: 竞争无优势 | DO5: 广告-PLP | DP5: 无异常 | DQ5: 无异常 | DR5: 广告-PLG | DS5: 无异常 | DT5: 无异常 | DU5: 无异常 | DV5: 无异常 | DW5: 链接优化 | DX5: 无异常 | DY5: 本期不分析 | DZ5: 无异常 | EA5: Y | EB5: Y | EC5: Y | ED5: N | EE5: Y | EF5: Y | EG5: Y | EH5: 3.01 | EI5: 0 | EJ5: 0.08 | EK5: 0.07 | EL5: 0.05 | EM5: 0.07 | EN5: 0.07 | EO5: 0.05 | EP5: 0 | EQ5: 0
A6: 12165 | B6: LYAP-X1877 | C6: 46085 | D6: =IF(_xlfn.XLOOKUP(A6,[1]分配表!J:J,[1]分配表!M:M)=0,"未出单",_xlfn.XLOOKUP(A6,[1]分配表!J:J,[1]分配表!M:M)) -> 46093 | E6: =_xlfn.XLOOKUP(A6,[1]分配表!A:A,[1]分配表!C:C) -> 朱培源 | F6: =IF(_xlfn.XLOOKUP($A6,[1]分配表!$A:$A,[1]分配表!D:D)=0,"未分类",_xlfn.XLOOKUP($A6,[1]分配表!$A:$A,[1]分配表!D:D)) -> 挡泥板 | G6: =_xlfn.XLOOKUP(A6,[1]分配表!J:J,[1]分配表!I:I) -> 原开品 | H6: 0 | I6: 2 | J6: 0 | K6: 0 | L6: 0 | M6: 1 | N6: 2 | O6: 0 | P6: 1 | Q6: 1 | R6: 0 | S6: 1 | T6: =IFERROR(S6-R6,S6) -> 1 | U6: 0 | V6: 338 | W6: 0 | X6: 0 | Y6: 0 | Z6: 169 | AA6: 338 | AB6: 0 | AC6: 169 | AD6: 169 | AE6: 0 | AF6: 172 | AG6: =IFERROR(AF6-AE6,AF6) -> 172 | AH6: 0 | AI6: 0 | AJ6: 1 | AK6: 0 | AL6: 3 | AM6: 6 | AN6: 3 | AO6: 3 | AP6: 1 | AQ6: 2 | AR6: 1 | AS6: 1 | AT6: 市场无出单 | AU6: 1 | AV6: 0 | AW6: 0 | AX6: 0 | AY6: 0.14285714 | AZ6: 0.4 | BA6: 0 | BB6: 0 | BC6: 0.3333 | BD6: 0.5 | BE6: 0.5 | BF6: 5 | BG6: 1 | BH6: 2 | BI6: 1 | BJ6: 7 | BK6: 6 | BL6: 5 | BM6: 12 | BN6: 19 | BO6: 6 | BP6: 13 | BQ6: 0 | BR6: 未出单 | BS6: Y | BT6: Y | BU6: Y | BV6: Y | BW6: Y | BX6: Y | BY6: Y | BZ6: Y | CA6: Y | CB6: Y | CC6: Y | CD6: 正常 | CE6: 正常 | CF6: 正常 | CG6: 正常 | CH6: 异常 | CI6: 正常 | CJ6: 正常 | CK6: 异常 | CL6: 异常 | CM6: 正常 | CN6: 异常 | CO6: 正常 | CP6: 异常 | CQ6: 正常 | CR6: 正常 | CS6: 正常 | CT6: 正常 | CU6: 正常 | CV6: 正常 | CW6: 正常 | CX6: 正常 | CY6: 正常 | CZ6: 正常 | DA6: 正常 | DB6: 无市场 | DC6: 无市场 | DD6: 正常 | DE6: 竞争无优势 | DF6: 站外出单 | DG6: 竞争无优势 | DH6: 竞争无优势 | DI6: 竞争无优势 | DJ6: 竞争无优势 | DK6: 竞争无优势 | DL6: 竞争无优势 | DM6: 竞争无优势 | DN6: 竞争无优势 | DO6: 无调整 | DP6: 广告-PLG | DQ6: 无异常 | DR6: 无异常 | DS6: 广告-PLG | DT6: 广告-PLG | DU6: 无异常 | DV6: 无异常 | DW6: 广告-PLG | DX6: 广告-PLG | DY6: 无异常 | DZ6: 无调整 | EA6: N | EB6: N | EC6: N | ED6: N | EE6: N | EF6: N | EG6: N | EH6: 0 | EI6: 0 | EJ6: 0.05 | EK6: 0.05 | EL6: 0.02 | EM6: 0.045 | EN6: 0.02 | EO6: 0.02 | EP6: 11.88 | EQ6: 365.26
A7: 12247 | B7: LYAP-X2528 | C7: 46085 | D7: =IF(_xlfn.XLOOKUP(A7,[1]分配表!J:J,[1]分配表!M:M)=0,"未出单",_xlfn.XLOOKUP(A7,[1]分配表!J:J,[1]分配表!M:M)) -> 46089 | E7: =_xlfn.XLOOKUP(A7,[1]分配表!A:A,[1]分配表!C:C) -> 胡煜星 | F7: =IF(_xlfn.XLOOKUP($A7,[1]分配表!$A:$A,[1]分配表!D:D)=0,"未分类",_xlfn.XLOOKUP($A7,[1]分配表!$A:$A,[1]分配表!D:D)) -> 其他 | G7: =_xlfn.XLOOKUP(A7,[1]分配表!J:J,[1]分配表!I:I) -> 原开品 | H7: 5 | I7: 8 | J7: 3 | K7: 6 | L7: 6 | M7: 2 | N7: 7 | O7: 1 | P7: 5 | Q7: 4 | R7: 4 | S7: 5 | T7: =IFERROR(S7-R7,S7) -> 1 | U7: 475 | V7: 632 | W7: 237 | X7: 481 | Y7: 534 | Z7: 178 | AA7: 647.28 | AB7: 111.25 | AC7: 490 | AD7: 392 | AE7: 410.25 | AF7: 503.25 | AG7: =IFERROR(AF7-AE7,AF7) -> 93 | AH7: 0 | AI7: 0 | AJ7: 0 | AK7: 0 | AL7: 0 | AM7: 0 | AN7: 0 | AO7: 0 | AP7: 0 | AQ7: 0 | AR7: 0 | AS7: 0 | AT7: 1 | AU7: 1 | AV7: 1 | AW7: 1 | AX7: 1 | AY7: 1 | AZ7: 1 | BA7: 1 | BB7: 1 | BC7: 1 | BD7: 1 | BE7: 1 | BF7: 1 | BG7: 1 | BH7: 1 | BI7: 3 | BJ7: 9 | BK7: 6 | BL7: 12 | BM7: 4 | BN7: 11 | BO7: 18 | BP7: 25 | BQ7: 32 | BR7: Y | BS7: Y | BT7: Y | BU7: Y | BV7: Y | BW7: Y | BX7: Y | BY7: Y | BZ7: Y | CA7: Y | CB7: Y | CC7: Y | CD7: 正常 | CE7: 正常 | CF7: 正常 | CG7: 正常 | CH7: 正常 | CI7: 正常 | CJ7: 正常 | CK7: 正常 | CL7: 正常 | CM7: 正常 | CN7: 正常 | CO7: 正常 | CP7: 正常 | CQ7: 正常 | CR7: 正常 | CS7: 正常 | CT7: 正常 | CU7: 正常 | CV7: 正常 | CW7: 正常 | CX7: 正常 | CY7: 正常 | CZ7: 正常 | DA7: 正常 | DB7: 无市场 | DC7: 正常 | DD7: 正常 | DE7: 正常 | DF7: 正常 | DG7: 正常 | DH7: 正常 | DI7: 正常 | DJ7: 正常 | DK7: 正常 | DL7: 正常 | DM7: 正常 | DN7: 正常 | DO7: 广告-PLP | DP7: 无异常 | DQ7: 无异常 | DR7: 无异常 | DS7: 无异常 | DT7: 无异常 | DU7: 无异常 | DV7: 无异常 | DW7: 无异常 | DX7: 无异常 | DY7: 无异常 | DZ7: 无异常 | EA7: Y | EB7: Y | EC7: Y | ED7: N | EE7: N | EF7: N | EG7: Y | EH7: 0 | EI7: 0 | EJ7: 0.04 | EK7: 0.03 | EL7: 0 | EM7: 0.03 | EN7: 0 | EO7: 0 | EP7: 9.53 | EQ7: 317.67
A8: 11102 | B8: LYAM-X2254-L | C8: 46085 | D8: =IF(_xlfn.XLOOKUP(A8,[1]分配表!J:J,[1]分配表!M:M)=0,"未出单",_xlfn.XLOOKUP(A8,[1]分配表!J:J,[1]分配表!M:M)) -> 46100 | E8: =_xlfn.XLOOKUP(A8,[1]分配表!A:A,[1]分配表!C:C) -> 张潇 | F8: =IF(_xlfn.XLOOKUP($A8,[1]分配表!$A:$A,[1]分配表!D:D)=0,"未分类",_xlfn.XLOOKUP($A8,[1]分配表!$A:$A,[1]分配表!D:D)) -> 车门系统 | G8: =_xlfn.XLOOKUP(A8,[1]分配表!J:J,[1]分配表!I:I) -> 原开品 | H8: 0 | I8: 0 | J8: 2 | K8: 1 | L8: 3 | M8: 0 | N8: 3 | O8: 4 | P8: 5 | Q8: 5 | R8: 2 | S8: 3 | T8: =IFERROR(S8-R8,S8) -> 1 | U8: 0 | V8: 0 | W8: 64 | X8: 32 | Y8: 96 | Z8: 0 | AA8: 92.19 | AB8: 112.76 | AC8: 140.95 | AD8: 140.95 | AE8: 56.38 | AF8: 83.53 | AG8: =IFERROR(AF8-AE8,AF8) -> 27.15 | AH8: 2 | AI8: 5 | AJ8: 3 | AK8: 2 | AL8: 0 | AM8: 6 | AN8: 5 | AO8: 2 | AP8: 5 | AQ8: 6 | AR8: 5 | AS8: 8 | AT8: 0 | AU8: 0 | AV8: 0.4 | AW8: 0.33333333 | AX8: 1 | AY8: 0 | AZ8: 0.2857 | BA8: 0.5 | BB8: 0.5833 | BC8: 0.3333 | BD8: 0.5 | BE8: 0.2 | BF8: 7 | BG8: 2 | BH8: 2 | BI8: 3 | BJ8: 9 | BK8: 3 | BL8: 5 | BM8: 6 | BN8: 13 | BO8: 4 | BP8: 0 | BQ8: 7 | BR8: 未出单 | BS8: 未出单 | BT8: N | BU8: N | BV8: N | BW8: N | BX8: N | BY8: N | BZ8: N | CA8: N | CB8: N | CC8: N | CD8: 正常 | CE8: 正常 | CF8: 正常 | CG8: 正常 | CH8: 正常 | CI8: 正常 | CJ8: 正常 | CK8: 正常 | CL8: 异常 | CM8: 正常 | CN8: 正常 | CO8: 异常 | CP8: 异常 | CQ8: 正常 | CR8: 正常 | CS8: 正常 | CT8: 正常 | CU8: 正常 | CV8: 正常 | CW8: 正常 | CX8: 正常 | CY8: 正常 | CZ8: 正常 | DA8: 正常 | DB8: 无市场 | DC8: 站内无价格优势 | DD8: 站内无价格优势 | DE8: 竞争无优势 | DF8: 竞争无优势 | DG8: 正常 | DH8: 竞争无优势 | DI8: 竞争无优势 | DJ8: 竞争无优势 | DK8: 竞争无优势 | DL8: 竞争无优势 | DM8: 竞争无优势 | DN8: 竞争无优势 | DO8: 链接优化 | DP8: 广告-PLP | DQ8: 广告-PLG | DR8: 无异常 | DS8: 无异常 | DT8: 无异常 | DU8: 无异常 | DV8: 无异常 | DW8: 无异常 | DX8: 无调整 | DY8: 无异常 | DZ8: 无异常 | EA8: Y | EB8: Y | EC8: Y | ED8: Y | EE8: Y | EF8: Y | EG8: Y | EH8: 5.55 | EI8: 30.73 | EJ8: 0.03 | EK8: 0.03 | EL8: 0 | EM8: 0.03 | EN8: 0 | EO8: 0 | EP8: 0 | EQ8: 0
A9: 12071 | B9: LYAM-X2980-BK | C9: 46085 | D9: =IF(_xlfn.XLOOKUP(A9,[1]分配表!J:J,[1]分配表!M:M)=0,"未出单",_xlfn.XLOOKUP(A9,[1]分配表!J:J,[1]分配表!M:M)) -> 46092 | E9: =_xlfn.XLOOKUP(A9,[1]分配表!A:A,[1]分配表!C:C) -> 胡煜星 | F9: =IF(_xlfn.XLOOKUP($A9,[1]分配表!$A:$A,[1]分配表!D:D)=0,"未分类",_xlfn.XLOOKUP($A9,[1]分配表!$A:$A,[1]分配表!D:D)) -> 车身外扩件 | G9: =_xlfn.XLOOKUP(A9,[1]分配表!J:J,[1]分配表!I:I) -> 拓展品 | H9: 1 | I9: 0 | J9: 0 | K9: 1 | L9: 0 | M9: 3 | N9: 1 | O9: 0 | P9: 0 | Q9: 1 | R9: 1 | S9: 2 | T9: =IFERROR(S9-R9,S9) -> 1 | U9: 299 | V9: 0 | W9: 0 | X9: 299 | Y9: 0 | Z9: 897 | AA9: 299 | AB9: 0 | AC9: 0 | AD9: 284.05 | AE9: 299 | AF9: 598 | AG9: =IFERROR(AF9-AE9,AF9) -> 299 | AH9: 1 | AI9: 0 | AJ9: 0 | AK9: 0 | AL9: 0 | AM9: 0 | AN9: 0 | AO9: 1 | AP9: 0 | AQ9: 1 | AR9: 0 | AS9: 0 | AT9: 0.5 | AU9: 1 | AV9: 市场无出单 | AW9: 1 | AX9: 0 | AY9: 1 | AZ9: 市场无出单 | BA9: 0.5 | BB9: 市场无出单 | BC9: 0.5 | BD9: 1 | BE9: 市场无出单 | BF9: 1 | BG9: 8 | BH9: 1 | BI9: 9 | BJ9: 0 | BK9: 8 | BL9: 14 | BM9: 21 | BN9: 0 | BO9: 7 | BP9: 14 | BQ9: 21 | BR9: Y | BS9: Y | BT9: Y | BU9: Y | BV9: Y | BW9: Y | BX9: Y | BY9: Y | BZ9: Y | CA9: Y | CB9: Y | CC9: Y | CD9: 正常 | CE9: 异常 | CF9: 正常 | CG9: 异常 | CH9: 正常 | CI9: 正常 | CJ9: 正常 | CK9: 异常 | CL9: 正常 | CM9: 异常 | CN9: 正常 | CO9: 正常 | CP9: 正常 | CQ9: 正常 | CR9: 正常 | CS9: 正常 | CT9: 正常 | CU9: 正常 | CV9: 正常 | CW9: 正常 | CX9: 正常 | CY9: 正常 | CZ9: 正常 | DA9: 正常 | DB9: 无市场 | DC9: 竞争无优势 | DD9: 正常 | DE9: 无市场 | DF9: 正常 | DG9: 无市场 | DH9: 正常 | DI9: 无市场 | DJ9: 竞争无优势 | DK9: 无市场 | DL9: 竞争无优势 | DM9: 正常 | DN9: 无市场 | DO9: 8日新品优化 | DP9: 无异常 | DQ9: 无调整 | DR9: 无调整 | DS9: 无异常 | DT9: 无异常 | DU9: 无异常 | DV9: 无异常 | DW9: 广告-PLG | DX9: 无异常 | DY9: 本期不分析 | DZ9: 无异常 | EA9: N | EB9: N | EC9: N | ED9: N | EE9: N | EF9: N | EG9: N | EH9: 0 | EI9: 0 | EJ9: 0 | EK9: 0 | EL9: 0 | EM9: 0.02 | EN9: 0 | EO9: 0 | EP9: 0 | EQ9: 0
A10: 12072 | B10: LYAM-X2980-GR | C10: 46085 | D10: =IF(_xlfn.XLOOKUP(A10,[1]分配表!J:J,[1]分配表!M:M)=0,"未出单",_xlfn.XLOOKUP(A10,[1]分配表!J:J,[1]分配表!M:M)) -> 46112 | E10: =_xlfn.XLOOKUP(A10,[1]分配表!A:A,[1]分配表!C:C) -> 胡煜星 | F10: =IF(_xlfn.XLOOKUP($A10,[1]分配表!$A:$A,[1]分配表!D:D)=0,"未分类",_xlfn.XLOOKUP($A10,[1]分配表!$A:$A,[1]分配表!D:D)) -> 车身外扩件 | G10: =_xlfn.XLOOKUP(A10,[1]分配表!J:J,[1]分配表!I:I) -> 原开品 | H10: 0 | I10: 0 | J10: 0 | K10: 1 | L10: 0 | M10: 1 | N10: 1 | O10: 1 | P10: 0 | Q10: 2 | R10: 0 | S10: 0 | T10: =IFERROR(S10-R10,S10) -> 0 | U10: 0 | V10: 0 | W10: 0 | X10: 299 | Y10: 0 | Z10: 299 | AA10: 299 | AB10: 299 | AC10: 0 | AD10: 598 | AE10: 0 | AF10: 0 | AG10: =IFERROR(AF10-AE10,AF10) -> 0 | AH10: 0 | AI10: 0 | AJ10: 0 | AK10: 0 | AL10: 0 | AM10: 0 | AN10: 0 | AO10: 0 | AP10: 0 | AQ10: 0 | AR10: 0 | AS10: 0 | AT10: 市场无出单 | AU10: 市场无出单 | AV10: 市场无出单 | AW10: 1 | AX10: 0 | AY10: 1 | AZ10: 1 | BA10: 1 | BB10: 市场无出单 | BC10: 1 | BD10: 市场无出单 | BE10: 市场无出单 | BF10: 1 | BG10: 8 | BH10: 不分析 | BI10: 9 | BJ10: 0 | BK10: 8 | BL10: 14 | BM10: 21 | BN10: 28 | BO10: 35 | BP10: 42 | BQ10: 49 | BR10: 未出单 | BS10: 未出单 | BT10: 未出单 | BU10: N | BV10: N | BW10: N | BX10: N | BY10: N | BZ10: N | CA10: N | CB10: N | CC10: N | CD10: 正常 | CE10: 异常 | CF10: 不分析 | CG10: 异常 | CH10: 正常 | CI10: 正常 | CJ10: 正常 | CK10: 正常 | CL10: 正常 | CM10: 正常 | CN10: 正常 | CO10: 正常 | CP10: 正常 | CQ10: 正常 | CR10: 不分析 | CS10: 正常 | CT10: 正常 | CU10: 正常 | CV10: 正常 | CW10: 正常 | CX10: 正常 | CY10: 正常 | CZ10: 正常 | DA10: 正常 | DB10: 无市场 | DC10: 无市场 | DD10: 无市场 | DE10: 无市场 | DF10: 无市场 | DG10: 无市场 | DH10: 无市场 | DI10: 正常 | DJ10: 正常 | DK10: 无市场 | DL10: 正常 | DM10: 无市场 | DN10: 无市场 | DO10: 8日新品优化 | DP10: 无异常 | DQ10: 无调整 | DR10: 无调整 | DS10: 无异常 | DT10: 无异常 | DU10: 无异常 | DV10: 无异常 | DW10: 无异常 | DX10: 无异常 | DY10: 无异常 | DZ10: 无异常 | EA10: N | EB10: N | EC10: N | ED10: N | EE10: N | EF10: N | EG10: N | EH10: 0 | EI10: 0 | EJ10: 0.02 | EK10: 0 | EL10: 0 | EM10: 0 | EN10: 0 | EO10: 0 | EP10: 0 | EQ10: 0
A11: 12248 | B11: LYAP-X2308 | C11: 46085 | D11: =IF(_xlfn.XLOOKUP(A11,[1]分配表!J:J,[1]分配表!M:M)=0,"未出单",_xlfn.XLOOKUP(A11,[1]分配表!J:J,[1]分配表!M:M)) -> 46091 | E11: =_xlfn.XLOOKUP(A11,[1]分配表!A:A,[1]分配表!C:C) -> 胡煜星 | F11: =IF(_xlfn.XLOOKUP($A11,[1]分配表!$A:$A,[1]分配表!D:D)=0,"未分类",_xlfn.XLOOKUP($A11,[1]分配表!$A:$A,[1]分配表!D:D)) -> 其他 | G11: =_xlfn.XLOOKUP(A11,[1]分配表!J:J,[1]分配表!I:I) -> 原开品 | H11: 3 | I11: 1 | J11: 3 | K11: 3 | L11: 5 | M11: 5 | N11: 5 | O11: 3 | P11: 3 | Q11: 2 | R11: 4 | S11: 7 | T11: =IFERROR(S11-R11,S11) -> 3 | U11: 255 | V11: 85 | W11: 255 | X11: 255 | Y11: 425 | Z11: 425 | AA11: 429 | AB11: 258 | AC11: 257 | AD11: 170 | AE11: 341 | AF11: 601 | AG11: =IFERROR(AF11-AE11,AF11) -> 260 | AH11: 1 | AI11: 1 | AJ11: 0 | AK11: 4 | AL11: 1 | AM11: 3 | AN11: 1 | AO11: 4 | AP11: 1 | AQ11: 3 | AR11: 2 | AS11: 5 | AT11: 0.75 | AU11: 0.8 | AV11: 1 | AW11: 0.42857143 | AX11: 0.83333333 | AY11: 0.625 | AZ11: 0.8333 | BA11: 0.5 | BB11: 0.75 | BC11: 0.25 | BD11: 0.6 | BE11: 0.5833 | BF11: 1 | BG11: 7 | BH11: 7 | BI11: 15 | BJ11: 0 | BK11: 8 | BL11: 5 | BM11: 12 | BN11: 0 | BO11: 7 | BP11: 1 | BQ11: 8 | BR11: Y | BS11: Y | BT11: Y | BU11: Y | BV11: Y | BW11: Y | BX11: Y | BY11: Y | BZ11: Y | CA11: Y | CB11: Y | CC11: Y | CD11: 正常 | CE11: 正常 | CF11: 正常 | CG11: 异常 | CH11: 正常 | CI11: 异常 | CJ11: 正常 | CK11: 异常 | CL11: 正常 | CM11: 异常 | CN11: 正常 | CO11: 异常 | CP11: 正常 | CQ11: 正常 | CR11: 正常 | CS11: 正常 | CT11: 正常 | CU11: 正常 | CV11: 正常 | CW11: 正常 | CX11: 正常 | CY11: 正常 | CZ11: 正常 | DA11: 正常 | DB11: 无市场 | DC11: 竞争无优势 | DD11: 正常 | DE11: 正常 | DF11: 竞争无优势 | DG11: 正常 | DH11: 竞争无优势 | DI11: 正常 | DJ11: 竞争无优势 | DK11: 正常 | DL11: 竞争无优势 | DM11: 竞争无优势 | DN11: 竞争无优势 | DO11: 广告-PLP | DP11: 无异常 | DQ11: 无异常 | DR11: 广告-PLP | DS11: 无异常 | DT11: 无异常 | DU11: 广告-PLG | DV11: 无异常 | DW11: 链接优化 | DX11: 无异常 | DY11: 本期不分析 | DZ11: 无异常 | EA11: Y | EB11: Y | EC11: Y | ED11: N | EE11: N | EF11: Y | EG11: Y | EH11: 0 | EI11: 0 | EJ11: 0.04 | EK11: 0.04 | EL11: 0.02 | EM11: 0.04 | EN11: 0.02 | EO11: 0.02 | EP11: 14.43 | EQ11: 450.52
A12: 12246 | B12: LYAP-X2527 | C12: 46085 | D12: =IF(_xlfn.XLOOKUP(A12,[1]分配表!J:J,[1]分配表!M:M)=0,"未出单",_xlfn.XLOOKUP(A12,[1]分配表!J:J,[1]分配表!M:M)) -> 46086 | E12: =_xlfn.XLOOKUP(A12,[1]分配表!A:A,[1]分配表!C:C) -> 胡煜星 | F12: =IF(_xlfn.XLOOKUP($A12,[1]分配表!$A:$A,[1]分配表!D:D)=0,"未分类",_xlfn.XLOOKUP($A12,[1]分配表!$A:$A,[1]分配表!D:D)) -> 其他 | G12: =_xlfn.XLOOKUP(A12,[1]分配表!J:J,[1]分配表!I:I) -> 原开品 | H12: 11 | I12: 8 | J12: 8 | K12: 9 | L12: 15 | M12: 8 | N12: 12 | O12: 10 | P12: 9 | Q12: 9 | R12: 7 | S12: 7 | T12: =IFERROR(S12-R12,S12) -> 0 | U12: 1185 | V12: 686 | W12: 690 | X12: 772 | Y12: 1296 | Z12: 685.75 | AA12: 1033 | AB12: 879 | AC12: 833.5 | AD12: 846 | AE12: 663 | AF12: 627.1 | AG12: =IFERROR(AF12-AE12,AF12) -> -35.9 | AH12: 2 | AI12: 0 | AJ12: 0 | AK12: 0 | AL12: 0 | AM12: 0 | AN12: 0 | AO12: 0 | AP12: 0 | AQ12: 1 | AR12: 1 | AS12: 0 | AT12: 0.84615385 | AU12: 1 | AV12: 1 | AW12: 1 | AX12: 1 | AY12: 1 | AZ12: 1 | BA12: 1 | BB12: 1 | BC12: 0.9231 | BD12: 0.8333 | BE12: 1 | BF12: 1 | BG12: 4 | BH12: 11 | BI12: 1 | BJ12: 7 | BK12: 5 | BL12: 11 | BM12: 4 | BN12: 1 | BO12: 1 | BP12: 8 | BQ12: 0 | BR12: Y | BS12: Y | BT12: Y | BU12: Y | BV12: Y | BW12: Y | BX12: Y | BY12: Y | BZ12: Y | CA12: Y | CB12: Y | CC12: Y | CD12: 正常 | CE12: 正常 | CF12: 异常 | CG12: 正常 | CH12: 正常 | CI12: 正常 | CJ12: 正常 | CK12: 正常 | CL12: 正常 | CM12: 正常 | CN12: 正常 | CO12: 正常 | CP12: 正常 | CQ12: 正常 | CR12: 正常 | CS12: 正常 | CT12: 正常 | CU12: 正常 | CV12: 正常 | CW12: 正常 | CX12: 正常 | CY12: 正常 | CZ12: 正常 | DA12: 正常 | DB12: 无市场 | DC12: 正常 | DD12: 正常 | DE12: 正常 | DF12: 正常 | DG12: 正常 | DH12: 正常 | DI12: 正常 | DJ12: 正常 | DK12: 正常 | DL12: 正常 | DM12: 正常 | DN12: 正常 | DO12: 广告-PLP | DP12: 无异常 | DQ12: 无异常 | DR12: 无异常 | DS12: 无异常 | DT12: 无异常 | DU12: 无异常 | DV12: 无异常 | DW12: 无异常 | DX12: 无异常 | DY12: 无异常 | DZ12: 无异常 | EA12: Y | EB12: Y | EC12: Y | ED12: Y | EE12: Y | EF12: Y | EG12: Y | EH12: 3.93 | EI12: 199.66 | EJ12: 0.02 | EK12: 0 | EL12: 0 | EM12: 0 | EN12: 0 | EO12: 0.02 | EP12: 0 | EQ12: 0
A13: 12205 | B13: LYAP-X1800S-1L | C13: 46086 | D13: =IF(_xlfn.XLOOKUP(A13,[1]分配表!J:J,[1]分配表!M:M)=0,"未出单",_xlfn.XLOOKUP(A13,[1]分配表!J:J,[1]分配表!M:M)) -> 46089 | E13: =_xlfn.XLOOKUP(A13,[1]分配表!A:A,[1]分配表!C:C) -> 胡煜星 | F13: =IF(_xlfn.XLOOKUP($A13,[1]分配表!$A:$A,[1]分配表!D:D)=0,"未分类",_xlfn.XLOOKUP($A13,[1]分配表!$A:$A,[1]分配表!D:D)) -> 车门系统 | G13: =_xlfn.XLOOKUP(A13,[1]分配表!J:J,[1]分配表!I:I) -> 原开品 | H13: 2 | I13: 9 | J13: 0 | K13: 7 | L13: 6 | M13: 1 | N13: 8 | O13: 15 | P13: 10 | Q13: 3 | R13: 3 | S13: 2 | T13: =IFERROR(S13-R13,S13) -> -1 | U13: 44 | V13: 196 | W13: 0 | X13: 152 | Y13: 132 | Z13: 22 | AA13: 176 | AB13: 330 | AC13: 220 | AD13: 66 | AE13: 68 | AF13: 42.68 | AG13: =IFERROR(AF13-AE13,AF13) -> -25.32 | AH13: 29 | AI13: 34 | AJ13: 32 | AK13: 34 | AL13: 23 | AM13: 30 | AN13: 23 | AO13: 21 | AP13: 20 | AQ13: 11 | AR13: 17 | AS13: 9 | AT13: 0.064516129 | AU13: 0.2093 | AV13: 0 | AW13: 0.17073171 | AX13: 0.20689655 | AY13: 0.032258065 | AZ13: 0.2333 | BA13: 0.3824 | BB13: 0.3548 | BC13: 0.3125 | BD13: 0.1053 | BE13: 0.1818 | BF13: 1 | BG13: 1 | BH13: 0 | BI13: 5 | BJ13: 1 | BK13: 5 | BL13: 1 | BM13: 8 | BN13: 0 | BO13: 1 | BP13: 1 | BQ13: 8 | BR13: Y | BS13: Y | BT13: Y | BU13: Y | BV13: Y | BW13: Y | BX13: Y | BY13: Y | BZ13: Y | CA13: Y | CB13: Y | CC13: Y | CD13: 正常 | CE13: 正常 | CF13: 正常 | CG13: 正常 | CH13: 正常 | CI13: 正常 | CJ13: 正常 | CK13: 异常 | CL13: 正常 | CM13: 正常 | CN13: 正常 | CO13: 异常 | CP13: 正常 | CQ13: 正常 | CR13: 正常 | CS13: 正常 | CT13: 正常 | CU13: 正常 | CV13: 正常 | CW13: 正常 | CX13: 正常 | CY13: 正常 | CZ13: 正常 | DA13: 正常 | DB13: 未上架 | DC13: 竞争无优势 | DD13: 竞争无优势 | DE13: 竞争无优势 | DF13: 竞争无优势 | DG13: 竞争无优势 | DH13: 竞争无优势 | DI13: 竞争无优势 | DJ13: 竞争无优势 | DK13: 竞争无优势 | DL13: 竞争无优势 | DM13: 竞争无优势 | DN13: 竞争无优势 | DO13: 未上架 | DP13: 无异常 | DQ13: 无异常 | DR13: 无异常 | DS13: 无异常 | DT13: 无异常 | DU13: 无异常 | DV13: 无异常 | DW13: 链接优化 | DX13: 无异常 | DY13: 无异常 | DZ13: 无异常 | EA13: Y | EB13: Y | EC13: Y | ED13: N | EE13: Y | EF13: Y | EG13: Y | EH13: 1.66 | EI13: 26.15 | EJ13: 0.07 | EK13: 0.07 | EL13: 0.05 | EM13: 0.07 | EN13: 0.07 | EO13: 0.07 | EP13: 2.54 | EQ13: 49.33
A14: 12206 | B14: LYAP-X1800S-1R | C14: 46086 | D14: =IF(_xlfn.XLOOKUP(A14,[1]分配表!J:J,[1]分配表!M:M)=0,"未出单",_xlfn.XLOOKUP(A14,[1]分配表!J:J,[1]分配表!M:M)) -> 46094 | E14: =_xlfn.XLOOKUP(A14,[1]分配表!A:A,[1]分配表!C:C) -> 胡煜星 | F14: =IF(_xlfn.XLOOKUP($A14,[1]分配表!$A:$A,[1]分配表!D:D)=0,"未分类",_xlfn.XLOOKUP($A14,[1]分配表!$A:$A,[1]分配表!D:D)) -> 车门系统 | G14: =_xlfn.XLOOKUP(A14,[1]分配表!J:J,[1]分配表!I:I) -> 原开品 | H14: 0 | I14: 2 | J14: 0 | K14: 0 | L14: 1 | M14: 1 | N14: 0 | O14: 2 | P14: 2 | Q14: 1 | R14: 1 | S14: 4 | T14: =IFERROR(S14-R14,S14) -> 3 | U14: 0 | V14: 44 | W14: 0 | X14: 0 | Y14: 22 | Z14: 22 | AA14: 0 | AB14: 44 | AC14: 44 | AD14: 22 | AE14: 22 | AF14: 88 | AG14: =IFERROR(AF14-AE14,AF14) -> 66 | AH14: 7 | AI14: 6 | AJ14: 8 | AK14: 11 | AL14: 3 | AM14: 5 | AN14: 10 | AO14: 9 | AP14: 6 | AQ14: 4 | AR14: 3 | AS14: 4 | AT14: 0 | AU14: 0.25 | AV14: 0 | AW14: 0 | AX14: 0.25 | AY14: 0.16666667 | AZ14: 0 | BA14: 0.1818 | BB14: 0.25 | BC14: 0.2 | BD14: 0.25 | BE14: 0.4286 | BF14: 1 | BG14: 1 | BH14: 0 | BI14: 8 | BJ14: 0 | BK14: 6 | BL14: 1 | BM14: 8 | BN14: 0 | BO14: 7 | BP14: 1 | BQ14: 8 | BR14: 未出单 | BS14: Y | BT14: Y | BU14: Y | BV14: Y | BW14: Y | BX14: Y | BY14: Y | BZ14: Y | CA14: Y | CB14: Y | CC14: Y | CD14: 正常 | CE14: 正常 | CF14: 正常 | CG14: 异常 | CH14: 正常 | CI14: 正常 | CJ14: 正常 | CK14: 异常 | CL14: 正常 | CM14: 异常 | CN14: 正常 | CO14: 异常 | CP14: 正常 | CQ14: 正常 | CR14: 正常 | CS14: 正常 | CT14: 正常 | CU14: 正常 | CV14: 正常 | CW14: 正常 | CX14: 正常 | CY14: 正常 | CZ14: 正常 | DA14: 正常 | DB14: 未上架 | DC14: 竞争无优势 | DD14: 竞争无优势 | DE14: 竞争无优势 | DF14: 竞争无优势 | DG14: 竞争无优势 | DH14: 竞争无优势 | DI14: 竞争无优势 | DJ14: 竞争无优势 | DK14: 竞争无优势 | DL14: 竞争无优势 | DM14: 竞争无优势 | DN14: 竞争无优势 | DO14: 未上架 | DP14: 无异常 | DQ14: 无异常 | DR14: 广告-PLG | DS14: 无异常 | DT14: 无异常 | DU14: 无异常 | DV14: 无异常 | DW14: 链接优化 | DX14: 无异常 | DY14: 本期不分析 | DZ14: 无异常 | EA14: Y | EB14: Y | EC14: Y | ED14: N | EE14: Y | EF14: Y | EG14: Y | EH14: 0 | EI14: 0 | EJ14: 0.07 | EK14: 0.05 | EL14: 0.04 | EM14: 0.05 | EN14: 0.05 | EO14: 0.06 | EP14: 3.33 | EQ14: 71.46
A15: 11997 | B15: LYAM-X2896 | C15: 46091 | D15: =IF(_xlfn.XLOOKUP(A15,[1]分配表!J:J,[1]分配表!M:M)=0,"未出单",_xlfn.XLOOKUP(A15,[1]分配表!J:J,[1]分配表!M:M)) -> 46105 | E15: =_xlfn.XLOOKUP(A15,[1]分配表!A:A,[1]分配表!C:C) -> 张潇 | F15: =IF(_xlfn.XLOOKUP($A15,[1]分配表!$A:$A,[1]分配表!D:D)=0,"未分类",_xlfn.XLOOKUP($A15,[1]分配表!$A:$A,[1]分配表!D:D)) -> 饰条 | G15: =_xlfn.XLOOKUP(A15,[1]分配表!J:J,[1]分配表!I:I) -> 原开品 | H15: 0 | I15: 0 | J15: 1 | K15: 0 | L15: 2 | M15: 2 | N15: 3 | O15: 0 | P15: 1 | Q15: 1 | R15: 3 | S15: 1 | T15: =IFERROR(S15-R15,S15) -> -2 | U15: 0 | V15: 0 | W15: 139 | X15: 0 | Y15: 278 | Z15: 278 | AA15: 410.05 | AB15: 0 | AC15: 139 | AD15: 132.05 | AE15: 417 | AF15: 139 | AG15: =IFERROR(AF15-AE15,AF15) -> -278 | AH15: 0 | AI15: 1 | AJ15: 0 | AK15: 2 | AL15: 0 | AM15: 1 | AN15: 0 | AO15: 0 | AP15: 0 | AQ15: 0 | AR15: 0 | AS15: 0 | AT15: 市场无出单 | AU15: 0 | AV15: 1 | AW15: 0 | AX15: 1 | AY15: 0.66666667 | AZ15: 1 | BA15: 1 | BB15: 1 | BC15: 市场无出单 | BD15: 1 | BE15: 1 | BF15: 未分析 | BG15: 7 | BH15: 7 | BI15: 15 | BJ15: 1 | BK15: 9 | BL15: 2 | BM15: 9 | BN15: 16 | BO15: 23 | BP15: 30 | BQ15: 37 | BR15: 未出单 | BS15: 未出单 | BT15: N | BU15: N | BV15: N | BW15: N | BX15: N | BY15: N | BZ15: N | CA15: N | CB15: N | CC15: N | CD15: 异常 | CE15: 正常 | CF15: 正常 | CG15: 异常 | CH15: 正常 | CI15: 异常 | CJ15: 正常 | CK15: 正常 | CL15: 正常 | CM15: 正常 | CN15: 正常 | CO15: 正常 | CP15: 异常 | CQ15: 正常 | CR15: 正常 | CS15: 正常 | CT15: 正常 | CU15: 正常 | CV15: 正常 | CW15: 正常 | CX15: 正常 | CY15: 正常 | CZ15: 正常 | DA15: 正常 | DB15: 未上架 | DC15: 无市场 | DD15: 竞争无优势 | DE15: 无市场 | DF15: 正常 | DG15: 正常 | DH15: 竞争无优势 | DI15: 正常 | DJ15: 正常 | DK15: 正常 | DL15: 无市场 | DM15: 正常 | DN15: 正常 | DO15: 未上架 | DP15: 降价测试-市场无对手 | DQ15: 未分析 | DR15: 无调整 | DS15: 无异常 | DT15: 无异常 | DU15: 无调整 | DV15: 无异常 | DW15: 无异常 | DX15: 无异常 | DY15: 无异常 | DZ15: 无异常 | EA15: N | EB15: N | EC15: N | ED15: N | EE15: N | EF15: N | EG15: N | EH15: 0 | EI15: 0 | EJ15: 0.02 | EK15: 0.02 | EL15: 0.02 | EM15: 0.02 | EN15: 0.02 | EO15: 0.02 | EP15: 8.79 | EQ15: 439.94
A16: 12262 | B16: LYAP-X2170 | C16: 46091 | D16: =IF(_xlfn.XLOOKUP(A16,[1]分配表!J:J,[1]分配表!M:M)=0,"未出单",_xlfn.XLOOKUP(A16,[1]分配表!J:J,[1]分配表!M:M)) -> 46094 | E16: =_xlfn.XLOOKUP(A16,[1]分配表!A:A,[1]分配表!C:C) -> 张潇 | F16: =IF(_xlfn.XLOOKUP($A16,[1]分配表!$A:$A,[1]分配表!D:D)=0,"未分类",_xlfn.XLOOKUP($A16,[1]分配表!$A:$A,[1]分配表!D:D)) -> 机盖及附件 | G16: =_xlfn.XLOOKUP(A16,[1]分配表!J:J,[1]分配表!I:I) -> 原开品 | H16: 0 | I16: 1 | J16: 1 | K16: 1 | L16: 2 | M16: 2 | N16: 0 | O16: 0 | P16: 1 | Q16: 0 | R16: 1 | S16: 1 | T16: =IFERROR(S16-R16,S16) -> 0 | U16: 0 | V16: 142 | W16: 142 | X16: 142 | Y16: 284 | Z16: 284 | AA16: 0 | AB16: 0 | AC16: 142 | AD16: 0 | AE16: 142 | AF16: 142 | AG16: =IFERROR(AF16-AE16,AF16) -> 0 | AH16: 0 | AI16: 1 | AJ16: 0 | AK16: 0 | AL16: 1 | AM16: 0 | AN16: 0 | AO16: 0 | AP16: 0 | AQ16: 1 | AR16: 0 | AS16: 1 | AT16: 市场无出单 | AU16: 0.5 | AV16: 1 | AW16: 1 | AX16: 0.66666667 | AY16: 1 | AZ16: 1 | BA16: 市场无出单 | BB16: 市场无出单 | BC16: 0.5 | BD16: 1 | BE16: 0.5 | BF16: 未分析 | BG16: 7 | BH16: 14 | BI16: 3 | BJ16: 9 | BK16: 5 | BL16: 11 | BM16: 18 | BN16: 25 | BO16: 32 | BP16: 39 | BQ16: 46 | BR16: 未出单 | BS16: Y | BT16: Y | BU16: Y | BV16: Y | BW16: Y | BX16: Y | BY16: Y | BZ16: Y | CA16: Y | CB16: Y | CC16: Y | CD16: 异常 | CE16: 正常 | CF16: 异常 | CG16: 正常 | CH16: 异常 | CI16: 正常 | CJ16: 正常 | CK16: 正常 | CL16: 正常 | CM16: 异常 | CN16: 正常 | CO16: 异常 | CP16: 异常 | CQ16: 正常 | CR16: 正常 | CS16: 正常 | CT16: 正常 | CU16: 正常 | CV16: 正常 | CW16: 正常 | CX16: 正常 | CY16: 正常 | CZ16: 正常 | DA16: 正常 | DB16: 未上架 | DC16: 无市场 | DD16: 竞争无优势 | DE16: 正常 | DF16: 正常 | DG16: 竞争无优势 | DH16: 正常 | DI16: 正常 | DJ16: 无市场 | DK16: 站外出单 | DL16: 竞争无优势 | DM16: 正常 | DN16: 竞争无优势 | DO16: 未上架 | DP16: 无调整 | DQ16: 无异常 | DR16: 无异常 | DS16: 无异常 | DT16: 无调整 | DU16: 无异常 | DV16: 无异常 | DW16: 无异常 | DX16: 无异常 | DY16: 本期不分析 | DZ16: 无异常 | EA16: N | EB16: N | EC16: N | ED16: N | EE16: N | EF16: N | EG16: N | EH16: 0 | EI16: 0 | EJ16: 0.02 | EK16: 0.02 | EL16: 0.02 | EM16: 0.02 | EN16: 0.02 | EO16: 0.02 | EP16: 0 | EQ16: 0
A17: 12244 | B17: LYAP-X2190-L | C17: 46091 | D17: =IF(_xlfn.XLOOKUP(A17,[1]分配表!J:J,[1]分配表!M:M)=0,"未出单",_xlfn.XLOOKUP(A17,[1]分配表!J:J,[1]分配表!M:M)) -> 46101 | E17: =_xlfn.XLOOKUP(A17,[1]分配表!A:A,[1]分配表!C:C) -> 张潇 | F17: =IF(_xlfn.XLOOKUP($A17,[1]分配表!$A:$A,[1]分配表!D:D)=0,"未分类",_xlfn.XLOOKUP($A17,[1]分配表!$A:$A,[1]分配表!D:D)) -> 饰条 | G17: =_xlfn.XLOOKUP(A17,[1]分配表!J:J,[1]分配表!I:I) -> 原开品 | H17: 0 | I17: 0 | J17: 1 | K17: 3 | L17: 2 | M17: 0 | N17: 1 | O17: 0 | P17: 0 | Q17: 1 | R17: 0 | S17: 0 | T17: =IFERROR(S17-R17,S17) -> 0 | U17: 0 | V17: 0 | W17: 38 | X17: 114 | Y17: 76 | Z17: 0 | AA17: 38 | AB17: 0 | AC17: 0 | AD17: 38 | AE17: 0 | AF17: 0 | AG17: =IFERROR(AF17-AE17,AF17) -> 0 | AH17: 0 | AI17: 0 | AJ17: 1 | AK17: 0 | AL17: 0 | AM17: 0 | AN17: 1 | AO17: 0 | AP17: 1 | AQ17: 0 | AR17: 1 | AS17: 3 | AT17: 市场无出单 | AU17: 市场无出单 | AV17: 0.5 | AW17: 1 | AX17: 1 | AY17: 0 | AZ17: 0.5 | BA17: 市场无出单 | BB17: 0 | BC17: 市场无出单 | BD17: 0.5 | BE17: 0 | BF17: 未分析 | BG17: 7 | BH17: 7 | BI17: 15 | BJ17: 0 | BK17: 8 | BL17: 0 | BM17: 0 | BN17: 7 | BO17: 2 | BP17: 5 | BQ17: 12 | BR17: 未出单 | BS17: 未出单 | BT17: N | BU17: N | BV17: N | BW17: N | BX17: N | BY17: N | BZ17: N | CA17: N | CB17: N | CC17: N | CD17: 异常 | CE17: 正常 | CF17: 正常 | CG17: 异常 | CH17: 正常 | CI17: 正常 | CJ17: 正常 | CK17: 正常 | CL17: 异常 | CM17: 正常 | CN17: 正常 | CO17: 异常 | CP17: 异常 | CQ17: 正常 | CR17: 正常 | CS17: 正常 | CT17: 正常 | CU17: 正常 | CV17: 正常 | CW17: 正常 | CX17: 正常 | CY17: 正常 | CZ17: 正常 | DA17: 正常 | DB17: 未上架 | DC17: 无市场 | DD17: 无市场 | DE17: 竞争无优势 | DF17: 正常 | DG17: 正常 | DH17: 正常 | DI17: 竞争无优势 | DJ17: 无市场 | DK17: 竞争无优势 | DL17: 无市场 | DM17: 竞争无优势 | DN17: 竞争无优势 | DO17: 未上架 | DP17: 8日新品优化 | DQ17: 未分析 | DR17: 无调整 | DS17: 无异常 | DT17: 无异常 | DU17: 无异常 | DV17: 无异常 | DW17: 无异常 | DX17: 无调整 | DY17: 无异常 | DZ17: 无异常 | EA17: Y | EB17: Y | EC17: Y | ED17: Y | EE17: Y | EF17: Y | EG17: Y | EH17: 0.36 | EI17: 0 | EJ17: 0.02 | EK17: 0 | EL17: 0 | EM17: 0 | EN17: 0.02 | EO17: 0.02 | EP17: 0 | EQ17: 0
A18: 12243 | B18: LYAP-X2190-R | C18: 46091 | D18: =IF(_xlfn.XLOOKUP(A18,[1]分配表!J:J,[1]分配表!M:M)=0,"未出单",_xlfn.XLOOKUP(A18,[1]分配表!J:J,[1]分配表!M:M)) -> 46106 | E18: =_xlfn.XLOOKUP(A18,[1]分配表!A:A,[1]分配表!C:C) -> 张潇 | F18: =IF(_xlfn.XLOOKUP($A18,[1]分配表!$A:$A,[1]分配表!D:D)=0,"未分类",_xlfn.XLOOKUP($A18,[1]分配表!$A:$A,[1]分配表!D:D)) -> 饰条 | G18: =_xlfn.XLOOKUP(A18,[1]分配表!J:J,[1]分配表!I:I) -> 原开品 | H18: 0 | I18: 0 | J18: 1 | K18: 5 | L18: 0 | M18: 0 | N18: 1 | O18: 1 | P18: 1 | Q18: 2 | R18: 1 | S18: 2 | T18: =IFERROR(S18-R18,S18) -> 1 | U18: 0 | V18: 0 | W18: 38 | X18: 190 | Y18: 0 | Z18: 0 | AA18: 38 | AB18: 38 | AC18: 38 | AD18: 76 | AE18: 36.1 | AF18: 74.86 | AG18: =IFERROR(AF18-AE18,AF18) -> 38.76 | AH18: 0 | AI18: 3 | AJ18: 1 | AK18: 0 | AL18: 2 | AM18: 2 | AN18: 1 | AO18: 2 | AP18: 1 | AQ18: 2 | AR18: 1 | AS18: 1 | AT18: 市场无出单 | AU18: 0 | AV18: 0.5 | AW18: 1 | AX18: 0 | AY18: 0 | AZ18: 0.5 | BA18: 0.3333 | BB18: 0.5 | BC18: 0.5 | BD18: 0.5 | BE18: 0.6667 | BF18: 未分析 | BG18: 7 | BH18: 7 | BI18: 15 | BJ18: 0 | BK18: 8 | BL18: 14 | BM18: 0 | BN18: 7 | BO18: 2 | BP18: 0 | BQ18: 7 | BR18: 未出单 | BS18: 未出单 | BT18: N | BU18: N | BV18: N | BW18: N | BX18: N | BY18: N | BZ18: N | CA18: N | CB18: N | CC18: N | CD18: 异常 | CE18: 正常 | CF18: 正常 | CG18: 异常 | CH18: 正常 | CI18: 正常 | CJ18: 异常 | CK18: 正常 | CL18: 异常 | CM18: 正常 | CN18: 正常 | CO18: 异常 | CP18: 异常 | CQ18: 正常 | CR18: 正常 | CS18: 正常 | CT18: 正常 | CU18: 正常 | CV18: 正常 | CW18: 正常 | CX18: 正常 | CY18: 正常 | CZ18: 正常 | DA18: 正常 | DB18: 未上架 | DC18: 无市场 | DD18: 竞争无优势 | DE18: 竞争无优势 | DF18: 正常 | DG18: 竞争无优势 | DH18: 无市场 | DI18: 竞争无优势 | DJ18: 竞争无优势 | DK18: 竞争无优势 | DL18: 竞争无优势 | DM18: 竞争无优势 | DN18: 竞争无优势 | DO18: 未上架 | DP18: 8日新品优化 | DQ18: 未分析 | DR18: 无调整 | DS18: 无异常 | DT18: 无异常 | DU18: 无异常 | DV18: 无调整 | DW18: 无异常 | DX18: 无调整 | DY18: 无异常 | DZ18: 无异常 | EA18: Y | EB18: Y | EC18: Y | ED18: Y | EE18: Y | EF18: Y | EG18: Y | EH18: 1.84 | EI18: 41.15 | EJ18: 0.02 | EK18: 0.02 | EL18: 0 | EM18: 0.02 | EN18: 0.02 | EO18: 0.02 | EP18: 0.77 | EQ18: 38.36
A19: 12304 | B19: LYAP-X1642-GR | C19: 46092 | D19: =IF(_xlfn.XLOOKUP(A19,[1]分配表!J:J,[1]分配表!M:M)=0,"未出单",_xlfn.XLOOKUP(A19,[1]分配表!J:J,[1]分配表!M:M)) -> 46095 | E19: =_xlfn.XLOOKUP(A19,[1]分配表!A:A,[1]分配表!C:C) -> 俞东旭 | F19: =IF(_xlfn.XLOOKUP($A19,[1]分配表!$A:$A,[1]分配表!D:D)=0,"未分类",_xlfn.XLOOKUP($A19,[1]分配表!$A:$A,[1]分配表!D:D)) -> 车门系统 | G19: =_xlfn.XLOOKUP(A19,[1]分配表!J:J,[1]分配表!I:I) -> 原开品 | H19: 0 | I19: 2 | J19: 3 | K19: 2 | L19: 2 | M19: 0 | N19: 0 | O19: 1 | P19: 0 | Q19: 1 | R19: 1 | S19: 1 | T19: =IFERROR(S19-R19,S19) -> 0 | U19: 0 | V19: 998 | W19: 1497 | X19: 998 | Y19: 998 | Z19: 0 | AA19: 0 | AB19: 499 | AC19: 0 | AD19: 474.05 | AE19: 499 | AF19: 499 | AG19: =IFERROR(AF19-AE19,AF19) -> 0 | AH19: 0 | AI19: 0 | AJ19: 0 | AK19: 0 | AL19: 1 | AM19: 1 | AN19: 1 | AO19: 0 | AP19: 1 | AQ19: 1 | AR19: 0 | AS19: 0 | AT19: 市场无出单 | AU19: 1 | AV19: 1 | AW19: 1 | AX19: 0.66666667 | AY19: 0 | AZ19: 0 | BA19: 1 | BB19: 0 | BC19: 0.5 | BD19: 1 | BE19: 1 | BF19: 未上架 | BG19: 6 | BH19: 0 | BI19: 8 | BJ19: 0 | BK19: 8 | BL19: 5 | BM19: 12 | BN19: 19 | BO19: 1 | BP19: 8 | BQ19: 15 | BR19: 未上架 | BS19: Y | BT19: Y | BU19: Y | BV19: Y | BW19: Y | BX19: Y | BY19: Y | BZ19: Y | CA19: Y | CB19: Y | CC19: Y | CD19: 未上架 | CE19: 正常 | CF19: 正常 | CG19: 异常 | CH19: 正常 | CI19: 异常 | CJ19: 正常 | CK19: 正常 | CL19: 异常 | CM19: 正常 | CN19: 正常 | CO19: 正常 | CP19: 未上架 | CQ19: 异常 | CR19: 正常 | CS19: 正常 | CT19: 正常 | CU19: 正常 | CV19: 正常 | CW19: 正常 | CX19: 正常 | CY19: 正常 | CZ19: 正常 | DA19: 正常 | DB19: 未上架 | DC19: 未上架 | DD19: 正常 | DE19: 正常 | DF19: 正常 | DG19: 竞争无优势 | DH19: 竞争无优势 | DI19: 竞争无优势 | DJ19: 正常 | DK19: 竞争无优势 | DL19: 竞争无优势 | DM19: 正常 | DN19: 正常 | DO19: 未上架 | DP19: 未上架 | DQ19: 无调整 | DR19: 链接优化 | DS19: 无异常 | DT19: 无异常 | DU19: 链接优化 | DV19: 无异常 | DW19: 无异常 | DX19: 无调整 | DY19: 无异常 | DZ19: 无异常 | EA19: N | EB19: N | EC19: N | ED19: N | EE19: N | EF19: N | EG19: N | EH19: 0 | EI19: 0 | EJ19: 0.02 | EK19: 0.02 | EL19: 0.02 | EM19: 0.02 | EN19: 0.02 | EO19: 0.02 | EP19: 10.8 | EQ19: 540.17
A20: 12085 | B20: LYAP-X1911-BK | C20: 46092 | D20: =IF(_xlfn.XLOOKUP(A20,[1]分配表!J:J,[1]分配表!M:M)=0,"未出单",_xlfn.XLOOKUP(A20,[1]分配表!J:J,[1]分配表!M:M)) -> 46099 | E20: =_xlfn.XLOOKUP(A20,[1]分配表!A:A,[1]分配表!C:C) -> 张潇 | F20: =IF(_xlfn.XLOOKUP($A20,[1]分配表!$A:$A,[1]分配表!D:D)=0,"未分类",_xlfn.XLOOKUP($A20,[1]分配表!$A:$A,[1]分配表!D:D)) -> 机盖及附件 | G20: =_xlfn.XLOOKUP(A20,[1]分配表!J:J,[1]分配表!I:I) -> 拓展品 | H20: 0 | I20: 1 | J20: 2 | K20: 2 | L20: 2 | M20: 6 | N20: 1 | O20: 1 | P20: 2 | Q20: 2 | R20: 4 | S20: 1 | T20: =IFERROR(S20-R20,S20) -> -3 | U20: 0 | V20: 85 | W20: 170 | X20: 170 | Y20: 170 | Z20: 505.75 | AA20: 85 | AB20: 85 | AC20: 170 | AD20: 170 | AE20: 335.75 | AF20: 85 | AG20: =IFERROR(AF20-AE20,AF20) -> -250.75 | AH20: 0 | AI20: 3 | AJ20: 0 | AK20: 3 | AL20: 4 | AM20: 2 | AN20: 1 | AO20: 3 | AP20: 1 | AQ20: 1 | AR20: 1 | AS20: 2 | AT20: 市场无出单 | AU20: 0 | AV20: 1 | AW20: 0.4 | AX20: 0.33333333 | AY20: 0.75 | AZ20: 0.6667 | BA20: 0 | BB20: 0.6667 | BC20: 0.6667 | BD20: 0.8 | BE20: 0.5 | BF20: 未上架 | BG20: 6 | BH20: 2 | BI20: 10 | BJ20: 0 | BK20: 8 | BL20: 5 | BM20: 12 | BN20: 1 | BO20: 8 | BP20: 0 | BQ20: 7 | BR20: 未上架 | BS20: 未出单 | BT20: Y | BU20: Y | BV20: Y | BW20: Y | BX20: Y | BY20: Y | BZ20: Y | CA20: Y | CB20: Y | CC20: Y | CD20: 未上架 | CE20: 正常 | CF20: 正常 | CG20: 异常 | CH20: 正常 | CI20: 正常 | CJ20: 正常 | CK20: 异常 | CL20: 正常 | CM20: 异常 | CN20: 正常 | CO20: 异常 | CP20: 未上架 | CQ20: 异常 | CR20: 正常 | CS20: 正常 | CT20: 正常 | CU20: 正常 | CV20: 正常 | CW20: 正常 | CX20: 正常 | CY20: 正常 | CZ20: 正常 | DA20: 正常 | DB20: 未上架 | DC20: 未上架 | DD20: 竞争无优势 | DE20: 竞争无优势 | DF20: 竞争无优势 | DG20: 竞争无优势 | DH20: 正常 | DI20: 竞争无优势 | DJ20: 竞争无优势 | DK20: 竞争无优势 | DL20: 竞争无优势 | DM20: 正常 | DN20: 竞争无优势 | DO20: 未上架 | DP20: 未上架 | DQ20: 广告-PLP | DR20: 无调整 | DS20: 无异常 | DT20: 无异常 | DU20: 无异常 | DV20: 无异常 | DW20: 无调整 | DX20: 无异常 | DY20: 本期不分析 | DZ20: 无异常 | EA20: N | EB20: N | EC20: N | ED20: N | EE20: N | EF20: N | EG20: N | EH20: 0 | EI20: 0 | EJ20: 0.02 | EK20: 0.02 | EL20: 0.02 | EM20: 0.02 | EN20: 0.02 | EO20: 0.02 | EP20: 7.21 | EQ20: 360.4
A21: 12086 | B21: LYAP-X1911-C | C21: 46092 | D21: =IF(_xlfn.XLOOKUP(A21,[1]分配表!J:J,[1]分配表!M:M)=0,"未出单",_xlfn.XLOOKUP(A21,[1]分配表!J:J,[1]分配表!M:M)) -> 46100 | E21: =_xlfn.XLOOKUP(A21,[1]分配表!A:A,[1]分配表!C:C) -> 张潇 | F21: =IF(_xlfn.XLOOKUP($A21,[1]分配表!$A:$A,[1]分配表!D:D)=0,"未分类",_xlfn.XLOOKUP($A21,[1]分配表!$A:$A,[1]分配表!D:D)) -> 机盖及附件 | G21: =_xlfn.XLOOKUP(A21,[1]分配表!J:J,[1]分配表!I:I) -> 原开品 | H21: 0 | I21: 0 | J21: 2 | K21: 4 | L21: 2 | M21: 2 | N21: 3 | O21: 8 | P21: 3 | Q21: 2 | R21: 1 | S21: 1 | T21: =IFERROR(S21-R21,S21) -> 0 | U21: 0 | V21: 0 | W21: 150 | X21: 300 | Y21: 146.25 | Z21: 150 | AA21: 225 | AB21: 600 | AC21: 225 | AD21: 150 | AE21: 75 | AF21: 73.99 | AG21: =IFERROR(AF21-AE21,AF21) -> -1.01 | AH21: 0 | AI21: 3 | AJ21: 7 | AK21: 5 | AL21: 5 | AM21: 5 | AN21: 6 | AO21: 4 | AP21: 1 | AQ21: 8 | AR21: 5 | AS21: 8 | AT21: 市场无出单 | AU21: 0 | AV21: 0.22222222 | AW21: 0.44444444 | AX21: 0.28571429 | AY21: 0.28571429 | AZ21: 0.25 | BA21: 0.6364 | BB21: 0.75 | BC21: 0.3333 | BD21: 0.1667 | BE21: 0.1111 | BF21: 未上架 | BG21: 6 | BH21: 2 | BI21: 10 | BJ21: 0 | BK21: 8 | BL21: 2 | BM21: 9 | BN21: 1 | BO21: 8 | BP21: 0 | BQ21: 7 | BR21: 未上架 | BS21: 未出单 | BT21: Y | BU21: Y | BV21: Y | BW21: Y | BX21: Y | BY21: Y | BZ21: Y | CA21: Y | CB21: Y | CC21: Y | CD21: 未上架 | CE21: 正常 | CF21: 正常 | CG21: 异常 | CH21: 正常 | CI21: 异常 | CJ21: 正常 | CK21: 异常 | CL21: 正常 | CM21: 异常 | CN21: 正常 | CO21: 异常 | CP21: 未上架 | CQ21: 异常 | CR21: 正常 | CS21: 正常 | CT21: 正常 | CU21: 正常 | CV21: 正常 | CW21: 正常 | CX21: 正常 | CY21: 正常 | CZ21: 正常 | DA21: 正常 | DB21: 未上架 | DC21: 未上架 | DD21: 竞争无优势 | DE21: 竞争无优势 | DF21: 竞争无优势 | DG21: 竞争无优势 | DH21: 竞争无优势 | DI21: 竞争无优势 | DJ21: 竞争无优势 | DK21: 正常 | DL21: 竞争无优势 | DM21: 竞争无优势 | DN21: 竞争无优势 | DO21: 未上架 | DP21: 未上架 | DQ21: 链接优化 | DR21: 广告-PLP | DS21: 无异常 | DT21: 无异常 | DU21: 链接优化 | DV21: 无异常 | DW21: 无调整 | DX21: 无异常 | DY21: 本期不分析 | DZ21: 无异常 | EA21: N | EB21: N | EC21: N | ED21: N | EE21: N | EF21: N | EG21: Y | EH21: 0 | EI21: 0 | EJ21: 0.02 | EK21: 0.02 | EL21: 0.02 | EM21: 0.02 | EN21: 0.02 | EO21: 0.02 | EP21: 3.17 | EQ21: 158.34
A22: 12258 | B22: LYAP-X1927 | C22: 46092 | D22: =IF(_xlfn.XLOOKUP(A22,[1]分配表!J:J,[1]分配表!M:M)=0,"未出单",_xlfn.XLOOKUP(A22,[1]分配表!J:J,[1]分配表!M:M)) -> 46099 | E22: =_xlfn.XLOOKUP(A22,[1]分配表!A:A,[1]分配表!C:C) -> 张潇 | F22: =IF(_xlfn.XLOOKUP($A22,[1]分配表!$A:$A,[1]分配表!D:D)=0,"未分类",_xlfn.XLOOKUP($A22,[1]分配表!$A:$A,[1]分配表!D:D)) -> 机盖及附件 | G22: =_xlfn.XLOOKUP(A22,[1]分配表!J:J,[1]分配表!I:I) -> 原开品 | H22: 0 | I22: 1 | J22: 7 | K22: 3 | L22: 8 | M22: 8 | N22: 7 | O22: 7 | P22: 13 | Q22: 15 | R22: 2 | S22: 12 | T22: =IFERROR(S22-R22,S22) -> 10 | U22: 0 | V22: 28 | W22: 196 | X22: 84 | Y22: 224 | Z22: 224 | AA22: 196 | AB22: 196 | AC22: 364 | AD22: 420 | AE22: 56 | AF22: 336 | AG22: =IFERROR(AF22-AE22,AF22) -> 280 | AH22: 0 | AI22: 14 | AJ22: 12 | AK22: 12 | AL22: 13 | AM22: 17 | AN22: 16 | AO22: 19 | AP22: 17 | AQ22: 43 | AR22: 23 | AS22: 10 | AT22: 市场无出单 | AU22: 0 | AV22: 0.36842105 | AW22: 0.2 | AX22: 0.38095238 | AY22: 0.32 | AZ22: 0.2727 | BA22: 0.24 | BB22: 0.3462 | BC22: 0.2833 | BD22: 0.2581 | BE22: 0.4444 | BF22: 未上架 | BG22: 6 | BH22: 2 | BI22: 10 | BJ22: 0 | BK22: 8 | BL22: 2 | BM22: 9 | BN22: 0 | BO22: 7 | BP22: 0 | BQ22: 4 | BR22: 未上架 | BS22: Y | BT22: Y | BU22: Y | BV22: Y | BW22: Y | BX22: Y | BY22: Y | BZ22: Y | CA22: Y | CB22: Y | CC22: Y | CD22: 未上架 | CE22: 正常 | CF22: 正常 | CG22: 异常 | CH22: 正常 | CI22: 异常 | CJ22: 正常 | CK22: 异常 | CL22: 正常 | CM22: 异常 | CN22: 正常 | CO22: 正常 | CP22: 未上架 | CQ22: 异常 | CR22: 正常 | CS22: 正常 | CT22: 正常 | CU22: 正常 | CV22: 正常 | CW22: 正常 | CX22: 正常 | CY22: 正常 | CZ22: 正常 | DA22: 正常 | DB22: 未上架 | DC22: 未上架 | DD22: 竞争无优势 | DE22: 竞争无优势 | DF22: 竞争无优势 | DG22: 竞争无优势 | DH22: 竞争无优势 | DI22: 竞争无优势 | DJ22: 竞争无优势 | DK22: 竞争无优势 | DL22: 竞争无优势 | DM22: 竞争无优势 | DN22: 竞争无优势 | DO22: 未上架 | DP22: 未上架 | DQ22: 无调整 | DR22: 无调整 | DS22: 无异常 | DT22: 无异常 | DU22: 无调整 | DV22: 无异常 | DW22: 链接优化 | DX22: 无异常 | DY22: 本期不分析 | DZ22: 无异常 | EA22: N | EB22: N | EC22: N | ED22: N | EE22: N | EF22: Y | EG22: Y | EH22: 9.71 | EI22: 90.87 | EJ22: 0.02 | EK22: 0.02 | EL22: 0.02 | EM22: 0.02 | EN22: 0.02 | EO22: 0.02 | EP22: 0.6 | EQ22: 29.96
A23: 12210 | B23: LYAP-X1934 | C23: 46092 | D23: =IF(_xlfn.XLOOKUP(A23,[1]分配表!J:J,[1]分配表!M:M)=0,"未出单",_xlfn.XLOOKUP(A23,[1]分配表!J:J,[1]分配表!M:M)) -> 46104 | E23: =_xlfn.XLOOKUP(A23,[1]分配表!A:A,[1]分配表!C:C) -> 张潇 | F23: =IF(_xlfn.XLOOKUP($A23,[1]分配表!$A:$A,[1]分配表!D:D)=0,"未分类",_xlfn.XLOOKUP($A23,[1]分配表!$A:$A,[1]分配表!D:D)) -> 饰条 | G23: =_xlfn.XLOOKUP(A23,[1]分配表!J:J,[1]分配表!I:I) -> 原开品 | H23: 0 | I23: 0 | J23: 1 | K23: 3 | L23: 17 | M23: 5 | N23: 4 | O23: 2 | P23: 6 | Q23: 8 | R23: 5 | S23: 9 | T23: =IFERROR(S23-R23,S23) -> 4 | U23: 0 | V23: 0 | W23: 12 | X23: 36 | Y23: 204 | Z23: 60 | AA23: 47.59 | AB23: 23.08 | AC23: 69.04 | AD23: 92.12 | AE23: 57.95 | AF23: 101.13 | AG23: =IFERROR(AF23-AE23,AF23) -> 43.18 | AH23: 0 | AI23: 39 | AJ23: 28 | AK23: 40 | AL23: 23 | AM23: 24 | AN23: 25 | AO23: 26 | AP23: 20 | AQ23: 16 | AR23: 32 | AS23: 36 | AT23: 市场无出单 | AU23: 0 | AV23: 0.034482759 | AW23: 0.069767442 | AX23: 0.425 | AY23: 0.17241379 | AZ23: 0.1667 | BA23: 0.0714 | BB23: 0.1667 | BC23: 0.3043 | BD23: 0.2 | BE23: 0.0526 | BF23: 未上架 | BG23: 6 | BH23: 2 | BI23: 10 | BJ23: 0 | BK23: 3 | BL23: 5 | BM23: 12 | BN23: 0 | BO23: 7 | BP23: 0 | BQ23: 4 | BR23: 未上架 | BS23: 未出单 | BT23: N | BU23: N | BV23: N | BW23: N | BX23: N | BY23: N | BZ23: N | CA23: N | CB23: N | CC23: N | CD23: 未上架 | CE23: 正常 | CF23: 正常 | CG23: 异常 | CH23: 正常 | CI23: 正常 | CJ23: 正常 | CK23: 异常 | CL23: 正常 | CM23: 异常 | CN23: 正常 | CO23: 正常 | CP23: 未上架 | CQ23: 异常 | CR23: 正常 | CS23: 正常 | CT23: 正常 | CU23: 正常 | CV23: 正常 | CW23: 正常 | CX23: 正常 | CY23: 正常 | CZ23: 正常 | DA23: 正常 | DB23: 未上架 | DC23: 未上架 | DD23: 竞争无优势 | DE23: 竞争无优势 | DF23: 竞争无优势 | DG23: 竞争无优势 | DH23: 竞争无优势 | DI23: 竞争无优势 | DJ23: 竞争无优势 | DK23: 竞争无优势 | DL23: 竞争无优势 | DM23: 竞争无优势 | DN23: 竞争无优势 | DO23: 未上架 | DP23: 未上架 | DQ23: 广告-PLP | DR23: 无调整 | DS23: 无异常 | DT23: 无异常 | DU23: 无异常 | DV23: 无异常 | DW23: 链接优化 | DX23: 无异常 | DY23: 本期不分析 | DZ23: 无异常 | EA23: Y | EB23: Y | EC23: Y | ED23: Y | EE23: Y | EF23: Y | EG23: Y | EH23: 6.06 | EI23: 24.76 | EJ23: 0.02 | EK23: 0 | EL23: 0 | EM23: 0.02 | EN23: 0.05 | EO23: 0.05 | EP23: 0 | EQ23: 0
A24: 12250 | B24: LYAP-X2148-1L | C24: 46092 | D24: =IF(_xlfn.XLOOKUP(A24,[1]分配表!J:J,[1]分配表!M:M)=0,"未出单",_xlfn.XLOOKUP(A24,[1]分配表!J:J,[1]分配表!M:M)) -> 46096 | E24: =_xlfn.XLOOKUP(A24,[1]分配表!A:A,[1]分配表!C:C) -> 王偲涵 | F24: =IF(_xlfn.XLOOKUP($A24,[1]分配表!$A:$A,[1]分配表!D:D)=0,"未分类",_xlfn.XLOOKUP($A24,[1]分配表!$A:$A,[1]分配表!D:D)) -> 饰条 | G24: =_xlfn.XLOOKUP(A24,[1]分配表!J:J,[1]分配表!I:I) -> 拓展品 | H24: 0 | I24: 1 | J24: 0 | K24: 1 | L24: 1 | M24: 0 | N24: 0 | O24: 0 | P24: 2 | Q24: 0 | R24: 1 | S24: 2 | T24: =IFERROR(S24-R24,S24) -> 1 | U24: 0 | V24: 39 | W24: 0 | X24: 39 | Y24: 39 | Z24: 0 | AA24: 0 | AB24: 0 | AC24: 78 | AD24: 0 | AE24: 34 | AF24: 68 | AG24: =IFERROR(AF24-AE24,AF24) -> 34 | AH24: 0 | AI24: 1 | AJ24: 2 | AK24: 0 | AL24: 1 | AM24: 0 | AN24: 0 | AO24: 0 | AP24: 2 | AQ24: 1 | AR24: 0 | AS24: 0 | AT24: 市场无出单 | AU24: 0.5 | AV24: 0 | AW24: 1 | AX24: 0.5 | AY24: 0 | AZ24: 市场无出单 | BA24: 市场无出单 | BB24: 0.5 | BC24: 0 | BD24: 1 | BE24: 1 | BF24: 未上架 | BG24: 7 | BH24: 14 | BI24: 22 | BJ24: 28 | BK24: 7 | BL24: 5 | BM24: 0 | BN24: 0 | BO24: 7 | BP24: 2 | BQ24: 9 | BR24: 未上架 | BS24: Y | BT24: Y | BU24: Y | BV24: Y | BW24: Y | BX24: Y | BY24: Y | BZ24: Y | CA24: Y | CB24: Y | CC24: Y | CD24: 未上架 | CE24: 正常 | CF24: 异常 | CG24: 异常 | CH24: 异常 | CI24: 正常 | CJ24: 正常 | CK24: 正常 | CL24: 正常 | CM24: 异常 | CN24: 正常 | CO24: 正常 | CP24: 未上架 | CQ24: 异常 | CR24: 正常 | CS24: 正常 | CT24: 正常 | CU24: 正常 | CV24: 正常 | CW24: 正常 | CX24: 正常 | CY24: 正常 | CZ24: 正常 | DA24: 正常 | DB24: 未上架 | DC24: 未上架 | DD24: 竞争无优势 | DE24: 竞争无优势 | DF24: 无市场 | DG24: 竞争无优势 | DH24: 无市场 | DI24: 无市场 | DJ24: 站外出单 | DK24: 竞争无优势 | DL24: 竞争无优势 | DM24: 正常 | DN24: 正常 | DO24: 未上架 | DP24: 未上架 | DQ24: 未分析 | DR24: 广告-PLP | DS24: 广告-PLP | DT24: 广告-PLP | DU24: 无异常 | DV24: 无异常 | DW24: 无异常 | DX24: 无异常 | DY24: 本期不分析 | DZ24: 无异常 | EA24: Y | EB24: Y | EC24: Y | ED24: Y | EE24: Y | EF24: Y | EG24: Y | EH24: 0 | EI24: 0 | EJ24: 0.02 | EK24: 0 | EL24: 0 | EM24: 0 | EN24: 0.02 | EO24: 0.02 | EP24: 0 | EQ24: 0
A25: 12251 | B25: LYAP-X2148-1R | C25: 46092 | D25: =IF(_xlfn.XLOOKUP(A25,[1]分配表!J:J,[1]分配表!M:M)=0,"未出单",_xlfn.XLOOKUP(A25,[1]分配表!J:J,[1]分配表!M:M)) -> 46112 | E25: =_xlfn.XLOOKUP(A25,[1]分配表!A:A,[1]分配表!C:C) -> 王偲涵 | F25: =IF(_xlfn.XLOOKUP($A25,[1]分配表!$A:$A,[1]分配表!D:D)=0,"未分类",_xlfn.XLOOKUP($A25,[1]分配表!$A:$A,[1]分配表!D:D)) -> 饰条 | G25: =_xlfn.XLOOKUP(A25,[1]分配表!J:J,[1]分配表!I:I) -> 拓展品 | H25: 0 | I25: 0 | J25: 0 | K25: 1 | L25: 0 | M25: 2 | N25: 0 | O25: 0 | P25: 0 | Q25: 0 | R25: 1 | S25: 0 | T25: =IFERROR(S25-R25,S25) -> -1 | U25: 0 | V25: 0 | W25: 0 | X25: 39 | Y25: 0 | Z25: 78 | AA25: 0 | AB25: 0 | AC25: 0 | AD25: 0 | AE25: 34 | AF25: 0 | AG25: =IFERROR(AF25-AE25,AF25) -> -34 | AH25: 0 | AI25: 1 | AJ25: 1 | AK25: 2 | AL25: 0 | AM25: 1 | AN25: 0 | AO25: 0 | AP25: 0 | AQ25: 0 | AR25: 1 | AS25: 1 | AT25: 市场无出单 | AU25: 0 | AV25: 0 | AW25: 0.33333333 | AX25: 0 | AY25: 0.66666667 | AZ25: 1 | BA25: 市场无出单 | BB25: 市场无出单 | BC25: 市场无出单 | BD25: 0.5 | BE25: 0 | BF25: 未上架 | BG25: 7 | BH25: 14 | BI25: 22 | BJ25: 28 | BK25: 7 | BL25: 5 | BM25: 4 | BN25: 0 | BO25: 7 | BP25: 2 | BQ25: 1 | BR25: 未上架 | BS25: 未出单 | BT25: 未出单 | BU25: N | BV25: N | BW25: N | BX25: N | BY25: N | BZ25: N | CA25: N | CB25: N | CC25: N | CD25: 未上架 | CE25: 正常 | CF25: 异常 | CG25: 异常 | CH25: 异常 | CI25: 正常 | CJ25: 正常 | CK25: 正常 | CL25: 正常 | CM25: 正常 | CN25: 正常 | CO25: 正常 | CP25: 未上架 | CQ25: 异常 | CR25: 正常 | CS25: 正常 | CT25: 正常 | CU25: 正常 | CV25: 正常 | CW25: 正常 | CX25: 正常 | CY25: 正常 | CZ25: 正常 | DA25: 正常 | DB25: 未上架 | DC25: 未上架 | DD25: 竞争无优势 | DE25: 竞争无优势 | DF25: 竞争无优势 | DG25: 无市场 | DH25: 无市场 | DI25: 正常 | DJ25: 站外出单 | DK25: 无市场 | DL25: 无市场 | DM25: 竞争无优势 | DN25: 竞争无优势 | DO25: 未上架 | DP25: 未上架 | DQ25: 未分析 | DR25: 广告-PLP | DS25: 广告-PLP | DT25: 广告-PLP | DU25: 无异常 | DV25: 无异常 | DW25: 无异常 | DX25: 无异常 | DY25: 无异常 | DZ25: 无异常 | EA25: Y | EB25: Y | EC25: Y | ED25: Y | EE25: Y | EF25: Y | EG25: Y | EH25: 1.3 | EI25: 0 | EJ25: 0.02 | EK25: 0.02 | EL25: 0.02 | EM25: 0.02 | EN25: 0.02 | EO25: 0.02 | EP25: 0.72 | EQ25: 36.21
A26: 12332 | B26: LYAP-X2289 | C26: 46092 | D26: =IF(_xlfn.XLOOKUP(A26,[1]分配表!J:J,[1]分配表!M:M)=0,"未出单",_xlfn.XLOOKUP(A26,[1]分配表!J:J,[1]分配表!M:M)) -> 46095 | E26: =_xlfn.XLOOKUP(A26,[1]分配表!A:A,[1]分配表!C:C) -> 张潇 | F26: =IF(_xlfn.XLOOKUP($A26,[1]分配表!$A:$A,[1]分配表!D:D)=0,"未分类",_xlfn.XLOOKUP($A26,[1]分配表!$A:$A,[1]分配表!D:D)) -> 饰条 | G26: =_xlfn.XLOOKUP(A26,[1]分配表!J:J,[1]分配表!I:I) -> 原开品 | H26: 0 | I26: 3 | J26: 6 | K26: 5 | L26: 5 | M26: 5 | N26: 5 | O26: 3 | P26: 2 | Q26: 4 | R26: 4 | S26: 4 | T26: =IFERROR(S26-R26,S26) -> 0 | U26: 0 | V26: 327 | W26: 654 | X26: 545 | Y26: 570 | Z26: 570 | AA26: 570 | AB26: 342 | AC26: 228 | AD26: 456 | AE26: 456 | AF26: 456 | AG26: =IFERROR(AF26-AE26,AF26) -> 0 | AH26: 0 | AI26: 2 | AJ26: 1 | AK26: 0 | AL26: 0 | AM26: 1 | AN26: 2 | AO26: 1 | AP26: 3 | AQ26: 0 | AR26: 1 | AS26: 1 | AT26: 市场无出单 | AU26: 0.3333 | AV26: 0.85714286 | AW26: 1 | AX26: 1 | AY26: 0.83333333 | AZ26: 0.7143 | BA26: 0.8 | BB26: 0.5 | BC26: 1 | BD26: 0.8 | BE26: 0.8 | BF26: 未上架 | BG26: 7 | BH26: 14 | BI26: 22 | BJ26: 0 | BK26: 8 | BL26: 14 | BM26: 2 | BN26: 9 | BO26: 2 | BP26: 9 | BQ26: 16 | BR26: 未上架 | BS26: Y | BT26: Y | BU26: Y | BV26: Y | BW26: Y | BX26: Y | BY26: Y | BZ26: Y | CA26: Y | CB26: Y | CC26: Y | CD26: 未上架 | CE26: 正常 | CF26: 异常 | CG26: 异常 | CH26: 正常 | CI26: 正常 | CJ26: 异常 | CK26: 正常 | CL26: 异常 | CM26: 正常 | CN26: 正常 | CO26: 正常 | CP26: 未上架 | CQ26: 异常 | CR26: 正常 | CS26: 正常 | CT26: 正常 | CU26: 正常 | CV26: 正常 | CW26: 正常 | CX26: 正常 | CY26: 正常 | CZ26: 正常 | DA26: 正常 | DB26: 未上架 | DC26: 未上架 | DD26: 站内无价格优势 | DE26: 正常 | DF26: 正常 | DG26: 正常 | DH26: 正常 | DI26: 正常 | DJ26: 正常 | DK26: 竞争无优势 | DL26: 正常 | DM26: 正常 | DN26: 正常 | DO26: 未上架 | DP26: 未上架 | DQ26: 未分析 | DR26: 无调整 | DS26: 无异常 | DT26: 无异常 | DU26: 无异常 | DV26: 无调整 | DW26: 无异常 | DX26: 广告-PLP | DY26: 无异常 | DZ26: 无异常 | EA26: Y | EB26: Y | EC26: Y | ED26: Y | EE26: Y | EF26: Y | EG26: Y | EH26: 4.48 | EI26: 124.97 | EJ26: 0.02 | EK26: 0.02 | EL26: 0 | EM26: 0.02 | EN26: 0.02 | EO26: 0.02 | EP26: 2.43 | EQ26: 121.55
A27: 12227 | B27: LYAP-X2418 | C27: 46092 | D27: =IF(_xlfn.XLOOKUP(A27,[1]分配表!J:J,[1]分配表!M:M)=0,"未出单",_xlfn.XLOOKUP(A27,[1]分配表!J:J,[1]分配表!M:M)) -> 46097 | E27: =_xlfn.XLOOKUP(A27,[1]分配表!A:A,[1]分配表!C:C) -> 章鹏 | F27: =IF(_xlfn.XLOOKUP($A27,[1]分配表!$A:$A,[1]分配表!D:D)=0,"未分类",_xlfn.XLOOKUP($A27,[1]分配表!$A:$A,[1]分配表!D:D)) -> 其他 | G27: =_xlfn.XLOOKUP(A27,[1]分配表!J:J,[1]分配表!I:I) -> 原开品 | H27: 0 | I27: 2 | J27: 4 | K27: 2 | L27: 3 | M27: 1 | N27: 4 | O27: 3 | P27: 5 | Q27: 4 | R27: 3 | S27: 5 | T27: =IFERROR(S27-R27,S27) -> 2 | U27: 0 | V27: 138 | W27: 276 | X27: 138 | Y27: 207 | Z27: 69 | AA27: 276 | AB27: 197 | AC27: 345 | AD27: 262.55 | AE27: 221.97 | AF27: 362.55 | AG27: =IFERROR(AF27-AE27,AF27) -> 140.58 | AH27: 0 | AI27: 4 | AJ27: 0 | AK27: 0 | AL27: 1 | AM27: 1 | AN27: 3 | AO27: 1 | AP27: 0 | AQ27: 1 | AR27: 2 | AS27: 0 | AT27: 市场无出单 | AU27: 0.3333 | AV27: 1 | AW27: 1 | AX27: 0.75 | AY27: 0.5 | AZ27: 0.5 | BA27: 0.6667 | BB27: 1 | BC27: 0.8333 | BD27: 0.5 | BE27: 1 | BF27: 未上架 | BG27: 6 | BH27: 2 | BI27: 10 | BJ27: 5 | BK27: 13 | BL27: 19 | BM27: 6 | BN27: 13 | BO27: 20 | BP27: 5 | BQ27: 12 | BR27: 未上架 | BS27: Y | BT27: Y | BU27: Y | BV27: Y | BW27: Y | BX27: Y | BY27: Y | BZ27: Y | CA27: Y | CB27: Y | CC27: Y | CD27: 未上架 | CE27: 正常 | CF27: 正常 | CG27: 异常 | CH27: 正常 | CI27: 正常 | CJ27: 异常 | CK27: 正常 | CL27: 正常 | CM27: 正常 | CN27: 正常 | CO27: 正常 | CP27: 未上架 | CQ27: 异常 | CR27: 正常 | CS27: 正常 | CT27: 正常 | CU27: 正常 | CV27: 正常 | CW27: 正常 | CX27: 正常 | CY27: 正常 | CZ27: 正常 | DA27: 正常 | DB27: 未上架 | DC27: 未上架 | DD27: 竞争无优势 | DE27: 正常 | DF27: 正常 | DG27: 正常 | DH27: 正常 | DI27: 竞争无优势 | DJ27: 竞争无优势 | DK27: 正常 | DL27: 正常 | DM27: 竞争无优势 | DN27: 正常 | DO27: 未上架 | DP27: 未上架 | DQ27: 无调整 | DR27: 链接优化 | DS27: 无异常 | DT27: 无异常 | DU27: 无异常 | DV27: 无调整 | DW27: 无异常 | DX27: 无异常 | DY27: 无异常 | DZ27: 无异常 | EA27: N | EB27: N | EC27: N | ED27: N | EE27: N | EF27: N | EG27: N | EH27: 0 | EI27: 0 | EJ27: 0.02 | EK27: 0.02 | EL27: 0.02 | EM27: 0.02 | EN27: 0.02 | EO27: 0.02 | EP27: 9.5 | EQ27: 475.91
A28: 12309 | B28: MD-002-FL | C28: 46092 | D28: =IF(_xlfn.XLOOKUP(A28,[1]分配表!J:J,[1]分配表!M:M)=0,"未出单",_xlfn.XLOOKUP(A28,[1]分配表!J:J,[1]分配表!M:M)) -> 46101 | E28: =_xlfn.XLOOKUP(A28,[1]分配表!A:A,[1]分配表!C:C) -> 俞东旭 | F28: =IF(_xlfn.XLOOKUP($A28,[1]分配表!$A:$A,[1]分配表!D:D)=0,"未分类",_xlfn.XLOOKUP($A28,[1]分配表!$A:$A,[1]分配表!D:D)) -> 车门系统 | G28: =_xlfn.XLOOKUP(A28,[1]分配表!J:J,[1]分配表!I:I) -> 原开品 | H28: 0 | I28: 0 | J28: 2 | K28: 2 | L28: 1 | M28: 0 | N28: 0 | O28: 1 | P28: 0 | Q28: 0 | R28: 0 | S28: 2 | T28: =IFERROR(S28-R28,S28) -> 2 | U28: 0 | V28: 0 | W28: 960 | X28: 960 | Y28: 480 | Z28: 0 | AA28: 0 | AB28: 480 | AC28: 0 | AD28: 0 | AE28: 0 | AF28: 957 | AG28: =IFERROR(AF28-AE28,AF28) -> 957 | AH28: 0 | AI28: 3 | AJ28: 2 | AK28: 0 | AL28: 1 | AM28: 1 | AN28: 1 | AO28: 1 | AP28: 1 | AQ28: 1 | AR28: 1 | AS28: 4 | AT28: 市场无出单 | AU28: 0 | AV28: 0.5 | AW28: 1 | AX28: 0.5 | AY28: 0 | AZ28: 0 | BA28: 0.5 | BB28: 0 | BC28: 0 | BD28: 0 | BE28: 0.2 | BF28: 未上架 | BG28: 6 | BH28: 0 | BI28: 8 | BJ28: 0 | BK28: 8 | BL28: 14 | BM28: 0 | BN28: 1 | BO28: 1 | BP28: 8 | BQ28: 15 | BR28: 未上架 | BS28: 未出单 | BT28: N | BU28: N | BV28: N | BW28: N | BX28: N | BY28: N | BZ28: N | CA28: N | CB28: N | CC28: N | CD28: 未上架 | CE28: 正常 | CF28: 正常 | CG28: 异常 | CH28: 正常 | CI28: 正常 | CJ28: 异常 | CK28: 正常 | CL28: 正常 | CM28: 正常 | CN28: 异常 | CO28: 异常 | CP28: 未上架 | CQ28: 异常 | CR28: 正常 | CS28: 正常 | CT28: 正常 | CU28: 正常 | CV28: 正常 | CW28: 正常 | CX28: 正常 | CY28: 正常 | CZ28: 正常 | DA28: 正常 | DB28: 未上架 | DC28: 未上架 | DD28: 竞争无优势 | DE28: 竞争无优势 | DF28: 正常 | DG28: 竞争无优势 | DH28: 无市场 | DI28: 竞争无优势 | DJ28: 竞争无优势 | DK28: 竞争无优势 | DL28: 竞争无优势 | DM28: 竞争无优势 | DN28: 竞争无优势 | DO28: 未上架 | DP28: 未上架 | DQ28: 无调整 | DR28: 无调整 | DS28: 无异常 | DT28: 无异常 | DU28: 无异常 | DV28: 无调整 | DW28: 无异常 | DX28: 无异常 | DY28: 无异常 | DZ28: 无调整 | EA28: N | EB28: N | EC28: N | ED28: N | EE28: N | EF28: N | EG28: N | EH28: 0 | EI28: 0 | EJ28: 0.02 | EK28: 0.02 | EL28: 0.02 | EM28: 0.02 | EN28: 0.02 | EO28: 0.02 | EP28: 10.37 | EQ28: 518.4
A29: 12310 | B29: MD-002-FR | C29: 46092 | D29: =IF(_xlfn.XLOOKUP(A29,[1]分配表!J:J,[1]分配表!M:M)=0,"未出单",_xlfn.XLOOKUP(A29,[1]分配表!J:J,[1]分配表!M:M)) -> 46096 | E29: =_xlfn.XLOOKUP(A29,[1]分配表!A:A,[1]分配表!C:C) -> 俞东旭 | F29: =IF(_xlfn.XLOOKUP($A29,[1]分配表!$A:$A,[1]分配表!D:D)=0,"未分类",_xlfn.XLOOKUP($A29,[1]分配表!$A:$A,[1]分配表!D:D)) -> 车门系统 | G29: =_xlfn.XLOOKUP(A29,[1]分配表!J:J,[1]分配表!I:I) -> 原开品 | H29: 0 | I29: 2 | J29: 0 | K29: 3 | L29: 1 | M29: 2 | N29: 1 | O29: 2 | P29: 1 | Q29: 0 | R29: 0 | S29: 0 | T29: =IFERROR(S29-R29,S29) -> 0 | U29: 0 | V29: 960 | W29: 0 | X29: 1440 | Y29: 480 | Z29: 960 | AA29: 485 | AB29: 969 | AC29: 483 | AD29: 0 | AE29: 0 | AF29: 0 | AG29: =IFERROR(AF29-AE29,AF29) -> 0 | AH29: 0 | AI29: 1 | AJ29: 1 | AK29: 2 | AL29: 0 | AM29: 2 | AN29: 0 | AO29: 0 | AP29: 4 | AQ29: 4 | AR29: 0 | AS29: 1 | AT29: 市场无出单 | AU29: 0.6667 | AV29: 0 | AW29: 0.6 | AX29: 1 | AY29: 0.5 | AZ29: 1 | BA29: 1 | BB29: 0.3333 | BC29: 0 | BD29: 市场无出单 | BE29: 0 | BF29: 未上架 | BG29: 6 | BH29: 0 | BI29: 5 | BJ29: 11 | BK29: 1 | BL29: 2 | BM29: 9 | BN29: 16 | BO29: 1 | BP29: 8 | BQ29: 15 | BR29: 未上架 | BS29: Y | BT29: Y | BU29: Y | BV29: Y | BW29: Y | BX29: Y | BY29: Y | BZ29: Y | CA29: Y | CB29: Y | CC29: Y | CD29: 未上架 | CE29: 正常 | CF29: 正常 | CG29: 正常 | CH29: 异常 | CI29: 正常 | CJ29: 正常 | CK29: 正常 | CL29: 异常 | CM29: 正常 | CN29: 正常 | CO29: 异常 | CP29: 未上架 | CQ29: 异常 | CR29: 正常 | CS29: 正常 | CT29: 正常 | CU29: 正常 | CV29: 正常 | CW29: 正常 | CX29: 正常 | CY29: 正常 | CZ29: 正常 | DA29: 正常 | DB29: 未上架 | DC29: 未上架 | DD29: 竞争无优势 | DE29: 竞争无优势 | DF29: 正常 | DG29: 正常 | DH29: 正常 | DI29: 正常 | DJ29: 正常 | DK29: 竞争无优势 | DL29: 竞争无优势 | DM29: 无市场 | DN29: 竞争无优势 | DO29: 未上架 | DP29: 未上架 | DQ29: 无调整 | DR29: 无异常 | DS29: 无异常 | DT29: 链接优化 | DU29: 无异常 | DV29: 无异常 | DW29: 无异常 | DX29: 无调整 | DY29: 无异常 | DZ29: 无异常 | EA29: N | EB29: N | EC29: N | ED29: N | EE29: N | EF29: N | EG29: N | EH29: 0 | EI29: 0 | EJ29: 0.025 | EK29: 0.02 | EL29: 0.02 | EM29: 0.02 | EN29: 0.025 | EO29: 0.025 | EP29: 0 | EQ29: 0
A30: 12311 | B30: MD-002-RL | C30: 46092 | D30: =IF(_xlfn.XLOOKUP(A30,[1]分配表!J:J,[1]分配表!M:M)=0,"未出单",_xlfn.XLOOKUP(A30,[1]分配表!J:J,[1]分配表!M:M)) -> 46102 | E30: =_xlfn.XLOOKUP(A30,[1]分配表!A:A,[1]分配表!C:C) -> 俞东旭 | F30: =IF(_xlfn.XLOOKUP($A30,[1]分配表!$A:$A,[1]分配表!D:D)=0,"未分类",_xlfn.XLOOKUP($A30,[1]分配表!$A:$A,[1]分配表!D:D)) -> 车门系统 | G30: =_xlfn.XLOOKUP(A30,[1]分配表!J:J,[1]分配表!I:I) -> 原开品 | H30: 0 | I30: 0 | J30: 1 | K30: 0 | L30: 1 | M30: 1 | N30: 0 | O30: 0 | P30: 0 | Q30: 0 | R30: 1 | S30: 1 | T30: =IFERROR(S30-R30,S30) -> 0 | U30: 0 | V30: 0 | W30: 480 | X30: 0 | Y30: 480 | Z30: 480 | AA30: 0 | AB30: 0 | AC30: 0 | AD30: 0 | AE30: 480 | AF30: 480 | AG30: =IFERROR(AF30-AE30,AF30) -> 0 | AH30: 0 | AI30: 1 | AJ30: 3 | AK30: 1 | AL30: 0 | AM30: 2 | AN30: 2 | AO30: 1 | AP30: 2 | AQ30: 2 | AR30: 2 | AS30: 2 | AT30: 市场无出单 | AU30: 0 | AV30: 0.25 | AW30: 0 | AX30: 1 | AY30: 0.33333333 | AZ30: 0.3333 | BA30: 0 | BB30: 0 | BC30: 0 | BD30: 0 | BE30: 0.5 | BF30: 未上架 | BG30: 6 | BH30: 0 | BI30: 8 | BJ30: 0 | BK30: 6 | BL30: 12 | BM30: 0 | BN30: 1 | BO30: 0 | BP30: 7 | BQ30: 14 | BR30: 未上架 | BS30: 未出单 | BT30: N | BU30: N | BV30: N | BW30: N | BX30: N | BY30: N | BZ30: N | CA30: N | CB30: N | CC30: N | CD30: 未上架 | CE30: 正常 | CF30: 正常 | CG30: 异常 | CH30: 正常 | CI30: 正常 | CJ30: 异常 | CK30: 正常 | CL30: 正常 | CM30: 正常 | CN30: 异常 | CO30: 异常 | CP30: 未上架 | CQ30: 异常 | CR30: 正常 | CS30: 正常 | CT30: 正常 | CU30: 正常 | CV30: 正常 | CW30: 正常 | CX30: 正常 | CY30: 正常 | CZ30: 正常 | DA30: 正常 | DB30: 未上架 | DC30: 未上架 | DD30: 竞争无优势 | DE30: 竞争无优势 | DF30: 竞争无优势 | DG30: 正常 | DH30: 竞争无优势 | DI30: 竞争无优势 | DJ30: 竞争无优势 | DK30: 竞争无优势 | DL30: 竞争无优势 | DM30: 竞争无优势 | DN30: 竞争无优势 | DO30: 未上架 | DP30: 未上架 | DQ30: 无调整 | DR30: 无调整 | DS30: 无异常 | DT30: 无异常 | DU30: 无异常 | DV30: 无调整 | DW30: 无异常 | DX30: 无异常 | DY30: 无异常 | DZ30: 无调整 | EA30: N | EB30: N | EC30: N | ED30: N | EE30: N | EF30: N | EG30: N | EH30: 0 | EI30: 0 | EJ30: 0.02 | EK30: 0.02 | EL30: 0.02 | EM30: 0.02 | EN30: 0.02 | EO30: 0.02 | EP30: 20.89 | EQ30: 1044.6
A31: 12312 | B31: MD-002-RR | C31: 46092 | D31: =IF(_xlfn.XLOOKUP(A31,[1]分配表!J:J,[1]分配表!M:M)=0,"未出单",_xlfn.XLOOKUP(A31,[1]分配表!J:J,[1]分配表!M:M)) -> 46096 | E31: =_xlfn.XLOOKUP(A31,[1]分配表!A:A,[1]分配表!C:C) -> 俞东旭 | F31: =IF(_xlfn.XLOOKUP($A31,[1]分配表!$A:$A,[1]分配表!D:D)=0,"未分类",_xlfn.XLOOKUP($A31,[1]分配表!$A:$A,[1]分配表!D:D)) -> 车门系统 | G31: =_xlfn.XLOOKUP(A31,[1]分配表!J:J,[1]分配表!I:I) -> 原开品 | H31: 0 | I31: 2 | J31: 0 | K31: 3 | L31: 0 | M31: 0 | N31: 0 | O31: 2 | P31: 1 | Q31: 0 | R31: 0 | S31: 0 | T31: =IFERROR(S31-R31,S31) -> 0 | U31: 0 | V31: 960 | W31: 0 | X31: 1440 | Y31: 0 | Z31: 0 | AA31: 0 | AB31: 956 | AC31: 478 | AD31: 0 | AE31: 0 | AF31: 0 | AG31: =IFERROR(AF31-AE31,AF31) -> 0 | AH31: 0 | AI31: 3 | AJ31: 3 | AK31: 0 | AL31: 1 | AM31: 4 | AN31: 2 | AO31: 2 | AP31: 4 | AQ31: 4 | AR31: 3 | AS31: 0 | AT31: 市场无出单 | AU31: 0.4 | AV31: 0 | AW31: 1 | AX31: 0 | AY31: 0 | AZ31: 0 | BA31: 0.3333 | BB31: 0.3333 | BC31: 0 | BD31: 0 | BE31: 市场无出单 | BF31: 未上架 | BG31: 6 | BH31: 0 | BI31: 5 | BJ31: 11 | BK31: 1 | BL31: 5 | BM31: 4 | BN31: 1 | BO31: 0 | BP31: 7 | BQ31: 14 | BR31: 未上架 | BS31: Y | BT31: Y | BU31: Y | BV31: Y | BW31: Y | BX31: Y | BY31: Y | BZ31: Y | CA31: Y | CB31: Y | CC31: Y | CD31: 未上架 | CE31: 正常 | CF31: 正常 | CG31: 正常 | CH31: 异常 | CI31: 正常 | CJ31: 正常 | CK31: 正常 | CL31: 正常 | CM31: 正常 | CN31: 异常 | CO31: 正常 | CP31: 未上架 | CQ31: 异常 | CR31: 正常 | CS31: 正常 | CT31: 正常 | CU31: 正常 | CV31: 正常 | CW31: 正常 | CX31: 正常 | CY31: 正常 | CZ31: 正常 | DA31: 正常 | DB31: 未上架 | DC31: 未上架 | DD31: 站内无价格优势 | DE31: 竞争无优势 | DF31: 竞争无优势 | DG31: 竞争无优势 | DH31: 竞争无优势 | DI31: 竞争无优势 | DJ31: 竞争无优势 | DK31: 竞争无优势 | DL31: 竞争无优势 | DM31: 竞争无优势 | DN31: 无市场 | DO31: 未上架 | DP31: 未上架 | DQ31: 无调整 | DR31: 无异常 | DS31: 无异常 | DT31: 广告-PLP | DU31: 无异常 | DV31: 无异常 | DW31: 无异常 | DX31: 无异常 | DY31: 无异常 | DZ31: 广告-PLP | EA31: Y | EB31: Y | EC31: Y | ED31: Y | EE31: Y | EF31: Y | EG31: Y | EH31: 3.21 | EI31: 0 | EJ31: 0.025 | EK31: 0 | EL31: 0 | EM31: 0 | EN31: 0.025 | EO31: 0.025 | EP31: 0 | EQ31: 0
A32: 12441 | B32: LYAM-X2862 | C32: 46093 | D32: =IF(_xlfn.XLOOKUP(A32,[1]分配表!J:J,[1]分配表!M:M)=0,"未出单",_xlfn.XLOOKUP(A32,[1]分配表!J:J,[1]分配表!M:M)) -> 46100 | E32: =_xlfn.XLOOKUP(A32,[1]分配表!A:A,[1]分配表!C:C) -> 张潇 | F32: =IF(_xlfn.XLOOKUP($A32,[1]分配表!$A:$A,[1]分配表!D:D)=0,"未分类",_xlfn.XLOOKUP($A32,[1]分配表!$A:$A,[1]分配表!D:D)) -> 机盖及附件 | G32: =_xlfn.XLOOKUP(A32,[1]分配表!J:J,[1]分配表!I:I) -> 原开品 | H32: 0 | I32: 0 | J32: 3 | K32: 2 | L32: 1 | M32: 4 | N32: 0 | O32: 1 | P32: 2 | Q32: 0 | R32: 0 | S32: 1 | T32: =IFERROR(S32-R32,S32) -> 1 | U32: 0 | V32: 0 | W32: 417 | X32: 278 | Y32: 143 | Z32: 556 | AA32: 0 | AB32: 139 | AC32: 278 | AD32: 0 | AE32: 0 | AF32: 135 | AG32: =IFERROR(AF32-AE32,AF32) -> 135 | AH32: 0 | AI32: 1 | AJ32: 1 | AK32: 1 | AL32: 2 | AM32: 0 | AN32: 0 | AO32: 0 | AP32: 1 | AQ32: 0 | AR32: 1 | AS32: 2 | AT32: 市场无出单 | AU32: 0 | AV32: 0.75 | AW32: 0.66666667 | AX32: 0.33333333 | AY32: 1 | AZ32: 1 | BA32: 1 | BB32: 0.5 | BC32: 1 | BD32: 0 | BE32: 0.3333 | BF32: 未上架 | BG32: 5 | BH32: 0 | BI32: 8 | BJ32: 0 | BK32: 6 | BL32: 12 | BM32: 19 | BN32: 26 | BO32: 2 | BP32: 0 | BQ32: 7 | BR32: 未上架 | BS32: 未出单 | BT32: Y | BU32: Y | BV32: Y | BW32: Y | BX32: Y | BY32: Y | BZ32: Y | CA32: Y | CB32: Y | CC32: Y | CD32: 未上架 | CE32: 正常 | CF32: 正常 | CG32: 异常 | CH32: 正常 | CI32: 正常 | CJ32: 正常 | CK32: 正常 | CL32: 异常 | CM32: 正常 | CN32: 正常 | CO32: 异常 | CP32: 未上架 | CQ32: 异常 | CR32: 正常 | CS32: 正常 | CT32: 正常 | CU32: 正常 | CV32: 正常 | CW32: 正常 | CX32: 正常 | CY32: 正常 | CZ32: 正常 | DA32: 正常 | DB32: 未上架 | DC32: 未上架 | DD32: 竞争无优势 | DE32: 竞争无优势 | DF32: 竞争无优势 | DG32: 竞争无优势 | DH32: 竞争无优势 | DI32: 正常 | DJ32: 正常 | DK32: 竞争无优势 | DL32: 正常 | DM32: 竞争无优势 | DN32: 竞争无优势 | DO32: 未上架 | DP32: 未上架 | DQ32: 无调整 | DR32: 降价测试-市场无对手 | DS32: 无异常 | DT32: 无异常 | DU32: 无异常 | DV32: 无异常 | DW32: 无异常 | DX32: 无调整 | DY32: 无异常 | DZ32: 无异常 | EA32: Y | EB32: Y | EC32: Y | ED32: Y | EE32: Y | EF32: Y | EG32: Y | EH32: 0 | EI32: 0 | EJ32: 0.02 | EK32: 0 | EL32: 0 | EM32: 0 | EN32: 0.02 | EO32: 0.02 | EP32: 0 | EQ32: 0
A33: 12271 | B33: LYAP-X1651-1L | C33: 46097 | D33: =IF(_xlfn.XLOOKUP(A33,[1]分配表!J:J,[1]分配表!M:M)=0,"未出单",_xlfn.XLOOKUP(A33,[1]分配表!J:J,[1]分配表!M:M)) -> 46098 | E33: =_xlfn.XLOOKUP(A33,[1]分配表!A:A,[1]分配表!C:C) -> 俞东旭 | F33: =IF(_xlfn.XLOOKUP($A33,[1]分配表!$A:$A,[1]分配表!D:D)=0,"未分类",_xlfn.XLOOKUP($A33,[1]分配表!$A:$A,[1]分配表!D:D)) -> 车门系统 | G33: =_xlfn.XLOOKUP(A33,[1]分配表!J:J,[1]分配表!I:I) -> 原开品 | H33: 0 | I33: 5 | J33: 41 | K33: 26 | L33: 10 | M33: 20 | N33: 1 | O33: 0 | P33: 0 | Q33: 0 | R33: 3 | S33: 1 | T33: =IFERROR(S33-R33,S33) -> -2 | U33: 0 | V33: 1100 | W33: 9460 | X33: 7215 | Y33: 3000 | Z33: 6000 | AA33: 300 | AB33: 0 | AC33: 0 | AD33: 0 | AE33: 900 | AF33: 300 | AG33: =IFERROR(AF33-AE33,AF33) -> -600 | AH33: 0 | AI33: 1 | AJ33: 1 | AK33: 0 | AL33: 0 | AM33: 0 | AN33: 1 | AO33: 1 | AP33: 0 | AQ33: 1 | AR33: 0 | AS33: 2 | AT33: 市场无出单 | AU33: 0 | AV33: 0.97619048 | AW33: 1 | AX33: 1 | AY33: 1 | AZ33: 0.9091 | BA33: 0 | BB33: 市场无出单 | BC33: 0 | BD33: 1 | BE33: 0.3333 | BF33: 未上架 | BG33: 2 | BH33: 9 | BI33: 3 | BJ33: 9 | BK33: 2 | BL33: 8 | BM33: 15 | BN33: 0 | BO33: 7 | BP33: 14 | BQ33: 21 | BR33: 未上架 | BS33: Y | BT33: Y | BU33: Y | BV33: Y | BW33: Y | BX33: Y | BY33: Y | BZ33: Y | CA33: Y | CB33: Y | CC33: Y | CD33: 未上架 | CE33: 正常 | CF33: 异常 | CG33: 正常 | CH33: 异常 | CI33: 正常 | CJ33: 正常 | CK33: 异常 | CL33: 正常 | CM33: 异常 | CN33: 正常 | CO33: 异常 | CP33: 未上架 | CQ33: 正常 | CR33: 正常 | CS33: 正常 | CT33: 正常 | CU33: 正常 | CV33: 正常 | CW33: 正常 | CX33: 正常 | CY33: 正常 | CZ33: 正常 | DA33: 正常 | DB33: 未上架 | DC33: 未上架 | DD33: 竞争无优势 | DE33: 正常 | DF33: 正常 | DG33: 正常 | DH33: 正常 | DI33: 正常 | DJ33: 竞争无优势 | DK33: 无市场 | DL33: 竞争无优势 | DM33: 正常 | DN33: 竞争无优势 | DO33: 未上架 | DP33: 未上架 | DQ33: 无异常 | DR33: 无异常 | DS33: 无异常 | DT33: 无调整 | DU33: 无异常 | DV33: 无异常 | DW33: 无调整 | DX33: 无异常 | DY33: 本期不分析 | DZ33: 无异常 | EA33: N | EB33: N | EC33: N | ED33: N | EE33: N | EF33: N | EG33: N | EH33: 0 | EI33: 0 | EJ33: 0.02 | EK33: 0.02 | EL33: 0.02 | EM33: 0.02 | EN33: 0.02 | EO33: 0.02 | EP33: 6.53 | EQ33: 326.25
A34: 12270 | B34: LYAP-X1651-1R | C34: 46097 | D34: =IF(_xlfn.XLOOKUP(A34,[1]分配表!J:J,[1]分配表!M:M)=0,"未出单",_xlfn.XLOOKUP(A34,[1]分配表!J:J,[1]分配表!M:M)) -> 46100 | E34: =_xlfn.XLOOKUP(A34,[1]分配表!A:A,[1]分配表!C:C) -> 俞东旭 | F34: =IF(_xlfn.XLOOKUP($A34,[1]分配表!$A:$A,[1]分配表!D:D)=0,"未分类",_xlfn.XLOOKUP($A34,[1]分配表!$A:$A,[1]分配表!D:D)) -> 车门系统 | G34: =_xlfn.XLOOKUP(A34,[1]分配表!J:J,[1]分配表!I:I) -> 原开品 | H34: 0 | I34: 0 | J34: 7 | K34: 8 | L34: 1 | M34: 2 | N34: 0 | O34: 0 | P34: 1 | Q34: 0 | R34: 0 | S34: 0 | T34: =IFERROR(S34-R34,S34) -> 0 | U34: 0 | V34: 0 | W34: 1660 | X34: 2080 | Y34: 270 | Z34: 540 | AA34: 0 | AB34: 0 | AC34: 270 | AD34: 0 | AE34: 0 | AF34: 0 | AG34: =IFERROR(AF34-AE34,AF34) -> 0 | AH34: 0 | AI34: 1 | AJ34: 0 | AK34: 0 | AL34: 0 | AM34: 0 | AN34: 0 | AO34: 0 | AP34: 0 | AQ34: 0 | AR34: 0 | AS34: 0 | AT34: 市场无出单 | AU34: 0 | AV34: 1 | AW34: 1 | AX34: 1 | AY34: 1 | AZ34: 1 | BA34: 市场无出单 | BB34: 1 | BC34: 市场无出单 | BD34: 市场无出单 | BE34: 市场无出单 | BF34: 未上架 | BG34: 2 | BH34: 9 | BI34: 1 | BJ34: 7 | BK34: 5 | BL34: 11 | BM34: 18 | BN34: 25 | BO34: 32 | BP34: 39 | BQ34: 0 | BR34: 未上架 | BS34: 未出单 | BT34: Y | BU34: Y | BV34: Y | BW34: Y | BX34: Y | BY34: Y | BZ34: Y | CA34: Y | CB34: Y | CC34: Y | CD34: 未上架 | CE34: 正常 | CF34: 异常 | CG34: 正常 | CH34: 正常 | CI34: 正常 | CJ34: 正常 | CK34: 正常 | CL34: 正常 | CM34: 正常 | CN34: 正常 | CO34: 正常 | CP34: 未上架 | CQ34: 正常 | CR34: 正常 | CS34: 正常 | CT34: 正常 | CU34: 正常 | CV34: 正常 | CW34: 正常 | CX34: 正常 | CY34: 正常 | CZ34: 正常 | DA34: 正常 | DB34: 未上架 | DC34: 未上架 | DD34: 竞争无优势 | DE34: 正常 | DF34: 正常 | DG34: 正常 | DH34: 正常 | DI34: 正常 | DJ34: 站外出单 | DK34: 正常 | DL34: 站外出单 | DM34: 站外出单 | DN34: 站外出单 | DO34: 未上架 | DP34: 未上架 | DQ34: 无异常 | DR34: 无异常 | DS34: 无异常 | DT34: 无异常 | DU34: 无异常 | DV34: 无异常 | DW34: 无异常 | DX34: 无异常 | DY34: 无异常 | DZ34: 无异常 | EA34: N | EB34: N | EC34: N | ED34: N | EE34: N | EF34: N | EG34: N | EH34: 0 | EI34: 0 | EJ34: 0.02 | EK34: 0.02 | EL34: 0.02 | EM34: 0.02 | EN34: 0.02 | EO34: 0.02 | EP34: 0 | EQ34: 0
A35: 12318 | B35: LYAP-X1676 | C35: 46097 | D35: =IF(_xlfn.XLOOKUP(A35,[1]分配表!J:J,[1]分配表!M:M)=0,"未出单",_xlfn.XLOOKUP(A35,[1]分配表!J:J,[1]分配表!M:M)) -> 46103 | E35: =_xlfn.XLOOKUP(A35,[1]分配表!A:A,[1]分配表!C:C) -> 胡煜星 | F35: =IF(_xlfn.XLOOKUP($A35,[1]分配表!$A:$A,[1]分配表!D:D)=0,"未分类",_xlfn.XLOOKUP($A35,[1]分配表!$A:$A,[1]分配表!D:D)) -> 车门系统 | G35: =_xlfn.XLOOKUP(A35,[1]分配表!J:J,[1]分配表!I:I) -> 原开品 | H35: 0 | I35: 0 | J35: 1 | K35: 1 | L35: 0 | M35: 0 | N35: 0 | O35: 0 | P35: 1 | Q35: 0 | R35: 0 | S35: 0 | T35: =IFERROR(S35-R35,S35) -> 0 | U35: 0 | V35: 0 | W35: 420 | X35: 460 | Y35: 0 | Z35: 0 | AA35: 0 | AB35: 0 | AC35: 460 | AD35: 0 | AE35: 0 | AF35: 0 | AG35: =IFERROR(AF35-AE35,AF35) -> 0 | AH35: 0 | AI35: 0 | AJ35: 0 | AK35: 0 | AL35: 0 | AM35: 0 | AN35: 0 | AO35: 0 | AP35: 0 | AQ35: 0 | AR35: 0 | AS35: 0 | AT35: 市场无出单 | AU35: 市场无出单 | AV35: 1 | AW35: 1 | AX35: 0 | AY35: 0 | AZ35: 市场无出单 | BA35: 市场无出单 | BB35: 1 | BC35: 市场无出单 | BD35: 市场无出单 | BE35: 市场无出单 | BF35: 未上架 | BG35: 1 | BH35: 8 | BI35: 1 | BJ35: 7 | BK35: 5 | BL35: 6 | BM35: 13 | BN35: 20 | BO35: 4 | BP35: 5 | BQ35: 12 | BR35: 未上架 | BS35: 未出单 | BT35: Y | BU35: Y | BV35: Y | BW35: Y | BX35: Y | BY35: Y | BZ35: Y | CA35: Y | CB35: Y | CC35: Y | CD35: 未上架 | CE35: 正常 | CF35: 异常 | CG35: 正常 | CH35: 正常 | CI35: 正常 | CJ35: 正常 | CK35: 正常 | CL35: 正常 | CM35: 正常 | CN35: 正常 | CO35: 正常 | CP35: 未上架 | CQ35: 正常 | CR35: 正常 | CS35: 正常 | CT35: 正常 | CU35: 正常 | CV35: 正常 | CW35: 正常 | CX35: 正常 | CY35: 正常 | CZ35: 正常 | DA35: 正常 | DB35: 未上架 | DC35: 未上架 | DD35: 无市场 | DE35: 正常 | DF35: 正常 | DG35: 无市场 | DH35: 无市场 | DI35: 无市场 | DJ35: 无市场 | DK35: 正常 | DL35: 无市场 | DM35: 无市场 | DN35: 无市场 | DQ35: 无异常 | DR35: 无异常 | DS35: 无异常 | DT35: 无异常 | DU35: 无异常 | DV35: 无异常 | DW35: 无异常 | DX35: 无异常 | DY35: 无异常 | DZ35: 无异常 | EA35: Y | EB35: Y | EC35: Y | ED35: Y | EE35: Y | EF35: Y | EG35: Y | EH35: 2.82 | EI35: 0 | EJ35: 0.02 | EK35: 0 | EL35: 0 | EM35: 0 | EN35: 0 | EO35: 0 | EP35: 0 | EQ35: 0
A36: 12320 | B36: LYAP-X2417 | C36: 46097 | D36: =IF(_xlfn.XLOOKUP(A36,[1]分配表!J:J,[1]分配表!M:M)=0,"未出单",_xlfn.XLOOKUP(A36,[1]分配表!J:J,[1]分配表!M:M)) -> 46131 | E36: =_xlfn.XLOOKUP(A36,[1]分配表!A:A,[1]分配表!C:C) -> 朱培源 | F36: =IF(_xlfn.XLOOKUP($A36,[1]分配表!$A:$A,[1]分配表!D:D)=0,"未分类",_xlfn.XLOOKUP($A36,[1]分配表!$A:$A,[1]分配表!D:D)) -> 挡泥板 | G36: =_xlfn.XLOOKUP(A36,[1]分配表!J:J,[1]分配表!I:I) -> 原开品 | H36: 0 | I36: 0 | J36: 0 | K36: 0 | L36: 0 | M36: 0 | N36: 1 | O36: 0 | P36: 1 | Q36: 0 | R36: 1 | S36: 1 | T36: =IFERROR(S36-R36,S36) -> 0 | U36: 0 | V36: 0 | W36: 0 | X36: 0 | Y36: 0 | Z36: 0 | AA36: 75 | AB36: 0 | AC36: 75 | AD36: 0 | AE36: 75 | AF36: 75 | AG36: =IFERROR(AF36-AE36,AF36) -> 0 | AH36: 0 | AI36: 1 | AJ36: 0 | AK36: 1 | AL36: 0 | AM36: 0 | AN36: 0 | AO36: 0 | AP36: 1 | AQ36: 0 | AR36: 0 | AS36: 0 | AT36: 市场无出单 | AU36: 0 | AV36: 市场无出单 | AW36: 0 | AX36: 0 | AY36: 0 | AZ36: 1 | BA36: 市场无出单 | BB36: 0.5 | BC36: 市场无出单 | BD36: 1 | BE36: 1 | BF36: 未上架 | BG36: 2 | BH36: 2 | BI36: 1 | BJ36: 5 | BK36: 6 | BL36: 2 | BM36: 9 | BN36: 16 | BO36: 4 | BP36: 11 | BQ36: 18 | BR36: 未上架 | BS36: 未出单 | BT36: 未出单 | BU36: 未出单 | BV36: 未出单 | BW36: 未出单 | BX36: N | BY36: N | BZ36: N | CA36: N | CB36: N | CC36: N | CD36: 未上架 | CE36: 正常 | CF36: 正常 | CG36: 正常 | CH36: 正常 | CI36: 正常 | CJ36: 正常 | CK36: 正常 | CL36: 异常 | CM36: 正常 | CN36: 正常 | CO36: 正常 | CP36: 未上架 | CQ36: 正常 | CR36: 正常 | CS36: 正常 | CT36: 正常 | CU36: 正常 | CV36: 正常 | CW36: 正常 | CX36: 正常 | CY36: 正常 | CZ36: 正常 | DA36: 正常 | DB36: 未上架 | DC36: 未上架 | DD36: 竞争无优势 | DE36: 竞争无优势 | DF36: 竞争无优势 | DG36: 无市场 | DH36: 无市场 | DI36: 正常 | DJ36: 无市场 | DK36: 竞争无优势 | DL36: 无市场 | DM36: 正常 | DN36: 正常 | DO36: 未上架 | DP36: 未上架 | DQ36: 无异常 | DR36: 未分析 | DS36: 无调整 | DT36: 无调整 | DU36: 无调整 | DV36: 无异常 | DW36: 无异常 | DX36: 无调整 | DY36: 无异常 | DZ36: 无异常 | EA36: N | EB36: N | EC36: N | ED36: N | EE36: N | EF36: N | EG36: N | EH36: 0 | EI36: 0 | EJ36: 0.04 | EK36: 0.02 | EL36: 0.02 | EM36: 0.02 | EN36: 0.02 | EO36: 0.02 | EP36: 6.53 | EQ36: 163.13
A37: 12305 | B37: MD-001-FL | C37: 46097 | D37: =IF(_xlfn.XLOOKUP(A37,[1]分配表!J:J,[1]分配表!M:M)=0,"未出单",_xlfn.XLOOKUP(A37,[1]分配表!J:J,[1]分配表!M:M)) -> 46100 | E37: =_xlfn.XLOOKUP(A37,[1]分配表!A:A,[1]分配表!C:C) -> 俞东旭 | F37: =IF(_xlfn.XLOOKUP($A37,[1]分配表!$A:$A,[1]分配表!D:D)=0,"未分类",_xlfn.XLOOKUP($A37,[1]分配表!$A:$A,[1]分配表!D:D)) -> 车门系统 | G37: =_xlfn.XLOOKUP(A37,[1]分配表!J:J,[1]分配表!I:I) -> 原开品 | H37: 0 | I37: 0 | J37: 5 | K37: 2 | L37: 3 | M37: 3 | N37: 3 | O37: 1 | P37: 3 | Q37: 0 | R37: 0 | S37: 0 | T37: =IFERROR(S37-R37,S37) -> 0 | U37: 0 | V37: 0 | W37: 2750 | X37: 1100 | Y37: 1755 | Z37: 1755 | AA37: 1760 | AB37: 590 | AC37: 1770 | AD37: 0 | AE37: 0 | AF37: 0 | AG37: =IFERROR(AF37-AE37,AF37) -> 0 | AH37: 0 | AI37: 0 | AJ37: 1 | AK37: 0 | AL37: 0 | AM37: 0 | AN37: 1 | AO37: 2 | AP37: 3 | AQ37: 1 | AR37: 4 | AS37: 4 | AT37: 市场无出单 | AU37: 市场无出单 | AV37: 0.83333333 | AW37: 1 | AX37: 1 | AY37: 1 | AZ37: 0.8 | BA37: 0.5 | BB37: 0.4 | BC37: 0.5 | BD37: 0 | BE37: 0 | BF37: 未上架 | BG37: 1 | BH37: 8 | BI37: 7 | BJ37: 13 | BK37: 1 | BL37: 1 | BM37: 8 | BN37: 0 | BO37: 7 | BP37: 14 | BQ37: #N/A | BR37: 未上架 | BS37: 未出单 | BT37: Y | BU37: Y | BV37: Y | BW37: Y | BX37: Y | BY37: Y | BZ37: Y | CA37: Y | CB37: Y | CC37: 本期不分析 | CD37: 未上架 | CE37: 正常 | CF37: 异常 | CG37: 正常 | CH37: 异常 | CI37: 正常 | CJ37: 正常 | CK37: 异常 | CL37: 正常 | CM37: 异常 | CN37: 异常 | CO37: 本期不分析 | CP37: 未上架 | CQ37: 正常 | CR37: 正常 | CS37: 正常 | CT37: 正常 | CU37: 正常 | CV37: 正常 | CW37: 正常 | CX37: 正常 | CY37: 正常 | CZ37: 正常 | DA37: 本期不分析 | DB37: 未上架 | DC37: 未上架 | DD37: 无市场 | DE37: 竞争无优势 | DF37: 正常 | DG37: 正常 | DH37: 正常 | DI37: 正常 | DJ37: 竞争无优势 | DK37: 竞争无优势 | DL37: 竞争无优势 | DM37: 竞争无优势 | DN37: 本期不分析 | DQ37: 无异常 | DR37: 无异常 | DS37: 无异常 | DT37: 无调整 | DU37: 无异常 | DV37: 无异常 | DW37: 无调整 | DX37: 无异常 | DY37: 本期不分析 | DZ37: 无调整 | EA37: Y | EB37: N | EC37: Y | ED37: N | EE37: N | EF37: N | EG37: Y | EH37: 0 | EI37: 0 | EJ37: 0.02 | EK37: 0.02 | EL37: 0.02 | EM37: 0.02 | EN37: 0.02 | EO37: 0.02 | EP37: 0 | EQ37: 0
A38: 12321 | B38: LYAP-X1788-GR | C38: 46097 | D38: =IF(_xlfn.XLOOKUP(A38,[1]分配表!J:J,[1]分配表!M:M)=0,"未出单",_xlfn.XLOOKUP(A38,[1]分配表!J:J,[1]分配表!M:M)) -> 46120 | E38: =_xlfn.XLOOKUP(A38,[1]分配表!A:A,[1]分配表!C:C) -> 俞东旭 | F38: =IF(_xlfn.XLOOKUP($A38,[1]分配表!$A:$A,[1]分配表!D:D)=0,"未分类",_xlfn.XLOOKUP($A38,[1]分配表!$A:$A,[1]分配表!D:D)) -> 车门系统 | G38: =_xlfn.XLOOKUP(A38,[1]分配表!J:J,[1]分配表!I:I) -> 原开品 | H38: 0 | I38: 0 | J38: 0 | K38: 0 | L38: 1 | M38: 1 | N38: 5 | O38: 3 | P38: 4 | Q38: 6 | R38: 2 | S38: 8 | T38: =IFERROR(S38-R38,S38) -> 6 | U38: 0 | V38: 0 | W38: 0 | X38: 0 | Y38: 35.9 | Z38: 35.9 | AA38: 179.5 | AB38: 107.7 | AC38: 143.6 | AD38: 215.4 | AE38: 71.8 | AF38: 287.2 | AG38: =IFERROR(AF38-AE38,AF38) -> 215.4 | AH38: 0 | AI38: 1 | AJ38: 4 | AK38: 10 | AL38: 7 | AM38: 10 | AN38: 6 | AO38: 2 | AP38: 3 | AQ38: 3 | AR38: 5 | AS38: 7 | AT38: 市场无出单 | AU38: 0 | AV38: 0 | AW38: 0 | AX38: 0.125 | AY38: 0.090909091 | AZ38: 0.5 | BA38: 0.5 | BB38: 0.5 | BC38: 0.6667 | BD38: 0.4444 | BE38: 0.4615 | BF38: 未上架 | BG38: 1 | BH38: 8 | BI38: 1 | BJ38: 1 | BK38: 2 | BL38: 2 | BM38: 1 | BN38: 1 | BO38: 2 | BP38: 9 | BQ38: 16 | BR38: 未上架 | BS38: 未出单 | BT38: 未出单 | BU38: 未出单 | BV38: 未出单 | BW38: N | BX38: N | BY38: N | BZ38: N | CA38: N | CB38: N | CC38: N | CD38: 未上架 | CE38: 正常 | CF38: 异常 | CG38: 正常 | CH38: 正常 | CI38: 正常 | CJ38: 正常 | CK38: 正常 | CL38: 正常 | CM38: 正常 | CN38: 异常 | CO38: 异常 | CP38: 未上架 | CQ38: 正常 | CR38: 正常 | CS38: 正常 | CT38: 正常 | CU38: 正常 | CV38: 正常 | CW38: 正常 | CX38: 正常 | CY38: 正常 | CZ38: 正常 | DA38: 正常 | DB38: 未上架 | DC38: 未上架 | DD38: 站内无价格优势 | DE38: 竞争无优势 | DF38: 竞争无优势 | DG38: 竞争无优势 | DH38: 竞争无优势 | DI38: 竞争无优势 | DJ38: 竞争无优势 | DK38: 竞争无优势 | DL38: 竞争无优势 | DM38: 竞争无优势 | DN38: 竞争无优势 | DO38: 未上架 | DP38: 未上架 | DQ38: 无异常 | DR38: 广告-PLG | DS38: 无异常 | DT38: 链接优化 | DU38: 无异常 | DV38: 无异常 | DW38: 无异常 | DX38: 无异常 | DY38: 无异常 | DZ38: 无调整 | EA38: N | EB38: N | EC38: N | ED38: N | EE38: N | EF38: N | EG38: N | EH38: 0 | EI38: 0 | EJ38: 0.04 | EK38: 0.04 | EL38: 0.04 | EM38: 0.04 | EN38: 0.04 | EO38: 0.04 | EP38: 6.17 | EQ38: 154.36
A39: 12272 | B39: LYAP-X1808 | C39: 46097 | D39: =IF(_xlfn.XLOOKUP(A39,[1]分配表!J:J,[1]分配表!M:M)=0,"未出单",_xlfn.XLOOKUP(A39,[1]分配表!J:J,[1]分配表!M:M)) -> 46099 | E39: =_xlfn.XLOOKUP(A39,[1]分配表!A:A,[1]分配表!C:C) -> 胡煜星 | F39: =IF(_xlfn.XLOOKUP($A39,[1]分配表!$A:$A,[1]分配表!D:D)=0,"未分类",_xlfn.XLOOKUP($A39,[1]分配表!$A:$A,[1]分配表!D:D)) -> 车门系统 | G39: =_xlfn.XLOOKUP(A39,[1]分配表!J:J,[1]分配表!I:I) -> 原开品 | H39: 0 | I39: 1 | J39: 1 | K39: 6 | L39: 5 | M39: 4 | N39: 3 | O39: 9 | P39: 5 | Q39: 3 | R39: 14 | S39: 2 | T39: =IFERROR(S39-R39,S39) -> -12 | U39: 0 | V39: 68 | W39: 68 | X39: 408 | Y39: 336.6 | Z39: 272 | AA39: 204 | AB39: 608.6 | AC39: 340 | AD39: 204 | AE39: 1015 | AF39: 145 | AG39: =IFERROR(AF39-AE39,AF39) -> -870 | AH39: 0 | AI39: 0 | AJ39: 0 | AK39: 0 | AL39: 0 | AM39: 0 | AN39: 0 | AO39: 0 | AP39: 0 | AQ39: 0 | AR39: 0 | AS39: 0 | AT39: 市场无出单 | AU39: 市场无出单 | AV39: 1 | AW39: 1 | AX39: 1 | AY39: 1 | AZ39: 1 | BA39: 1 | BB39: 1 | BC39: 1 | BD39: 1 | BE39: 1 | BF39: 未上架 | BG39: 1 | BH39: 8 | BI39: 1 | BJ39: 7 | BK39: 1 | BL39: 7 | BM39: 14 | BN39: 21 | BO39: 0 | BP39: 7 | BQ39: 4 | BR39: 未上架 | BS39: Y | BT39: Y | BU39: Y | BV39: Y | BW39: Y | BX39: Y | BY39: Y | BZ39: Y | CA39: Y | CB39: Y | CC39: Y | CD39: 未上架 | CE39: 正常 | CF39: 异常 | CG39: 正常 | CH39: 正常 | CI39: 正常 | CJ39: 正常 | CK39: 正常 | CL39: 正常 | CM39: 正常 | CN39: 正常 | CO39: 正常 | CP39: 未上架 | CQ39: 正常 | CR39: 正常 | CS39: 正常 | CT39: 正常 | CU39: 正常 | CV39: 正常 | CW39: 正常 | CX39: 正常 | CY39: 正常 | CZ39: 正常 | DA39: 正常 | DB39: 未上架 | DC39: 未上架 | DD39: 无市场 | DE39: 正常 | DF39: 正常 | DG39: 正常 | DH39: 正常 | DI39: 正常 | DJ39: 正常 | DK39: 正常 | DL39: 正常 | DM39: 正常 | DN39: 正常 | DQ39: 无异常 | DR39: 无异常 | DS39: 无异常 | DT39: 无异常 | DU39: 无异常 | DV39: 无异常 | DW39: 无异常 | DX39: 无异常 | DY39: 无异常 | DZ39: 无异常 | EA39: N | EB39: N | EC39: N | ED39: N | EE39: N | EF39: N | EG39: N | EH39: 0 | EI39: 0 | EJ39: 0.03 | EK39: 0 | EL39: 0 | EM39: 0 | EN39: 0 | EO39: 0 | EP39: 6.26 | EQ39: 313.34
A40: 12292 | B40: LYAP-X1879 | C40: 46097 | D40: =IF(_xlfn.XLOOKUP(A40,[1]分配表!J:J,[1]分配表!M:M)=0,"未出单",_xlfn.XLOOKUP(A40,[1]分配表!J:J,[1]分配表!M:M)) -> 46100 | E40: =_xlfn.XLOOKUP(A40,[1]分配表!A:A,[1]分配表!C:C) -> 朱培源 | F40: =IF(_xlfn.XLOOKUP($A40,[1]分配表!$A:$A,[1]分配表!D:D)=0,"未分类",_xlfn.XLOOKUP($A40,[1]分配表!$A:$A,[1]分配表!D:D)) -> 挡泥板 | G40: =_xlfn.XLOOKUP(A40,[1]分配表!J:J,[1]分配表!I:I) -> 原开品 | H40: 0 | I40: 0 | J40: 1 | K40: 3 | L40: 3 | M40: 1 | N40: 0 | O40: 0 | P40: 1 | Q40: 1 | R40: 0 | S40: 1 | T40: =IFERROR(S40-R40,S40) -> 1 | U40: 0 | V40: 0 | W40: 95 | X40: 285 | Y40: 267 | Z40: 89 | AA40: 0 | AB40: 0 | AC40: 95 | AD40: 89 | AE40: 0 | AF40: 89 | AG40: =IFERROR(AF40-AE40,AF40) -> 89 | AH40: 0 | AI40: 0 | AJ40: 0 | AK40: 0 | AL40: 0 | AM40: 0 | AN40: 0 | AO40: 0 | AP40: 0 | AQ40: 0 | AR40: 0 | AS40: 0 | AT40: 市场无出单 | AU40: 市场无出单 | AV40: 1 | AW40: 1 | AX40: 1 | AY40: 1 | AZ40: 市场无出单 | BA40: 市场无出单 | BB40: 1 | BC40: 1 | BD40: 市场无出单 | BE40: 1 | BF40: 未上架 | BG40: 2 | BH40: 2 | BI40: 1 | BJ40: 7 | BK40: 15 | BL40: 1 | BM40: 8 | BN40: 13 | BO40: 5 | BP40: 12 | BQ40: 19 | BR40: 未上架 | BS40: 未出单 | BT40: Y | BU40: Y | BV40: Y | BW40: Y | BX40: Y | BY40: Y | BZ40: Y | CA40: Y | CB40: Y | CC40: Y | CD40: 未上架 | CE40: 正常 | CF40: 正常 | CG40: 正常 | CH40: 正常 | CI40: 异常 | CJ40: 正常 | CK40: 正常 | CL40: 正常 | CM40: 正常 | CN40: 正常 | CO40: 正常 | CP40: 未上架 | CQ40: 正常 | CR40: 正常 | CS40: 正常 | CT40: 正常 | CU40: 正常 | CV40: 正常 | CW40: 正常 | CX40: 正常 | CY40: 正常 | CZ40: 正常 | DA40: 正常 | DB40: 未上架 | DC40: 未上架 | DD40: 无市场 | DE40: 正常 | DF40: 正常 | DG40: 正常 | DH40: 正常 | DI40: 无市场 | DJ40: 站外出单 | DK40: 正常 | DL40: 正常 | DM40: 无市场 | DN40: 正常 | DQ40: 无异常 | DR40: 无异常 | DS40: 无异常 | DT40: 无异常 | DU40: 无调整 | DV40: 无异常 | DW40: 无异常 | DX40: 无异常 | DY40: 无异常 | DZ40: 无异常 | EA40: Y | EB40: Y | EC40: Y | ED40: Y | EE40: Y | EF40: Y | EG40: Y | EH40: 9.85 | EI40: 0 | EJ40: 0.02 | EK40: 0.02 | EL40: 0.02 | EM40: 0.02 | EN40: 0.02 | EO40: 0.02 | EP40: 1.9 | EQ40: 95.23
A41: 12333 | B41: LYAP-X2429 | C41: 46097 | D41: =IF(_xlfn.XLOOKUP(A41,[1]分配表!J:J,[1]分配表!M:M)=0,"未出单",_xlfn.XLOOKUP(A41,[1]分配表!J:J,[1]分配表!M:M)) -> 46116 | E41: =_xlfn.XLOOKUP(A41,[1]分配表!A:A,[1]分配表!C:C) -> 朱培源 | F41: =IF(_xlfn.XLOOKUP($A41,[1]分配表!$A:$A,[1]分配表!D:D)=0,"未分类",_xlfn.XLOOKUP($A41,[1]分配表!$A:$A,[1]分配表!D:D)) -> 车门系统 | G41: =_xlfn.XLOOKUP(A41,[1]分配表!J:J,[1]分配表!I:I) -> 原开品 | H41: 0 | I41: 0 | J41: 0 | K41: 0 | L41: 1 | M41: 1 | N41: 1 | O41: 1 | P41: 0 | Q41: 2 | R41: 1 | S41: 1 | T41: =IFERROR(S41-R41,S41) -> 0 | U41: 0 | V41: 0 | W41: 0 | X41: 0 | Y41: 68.4 | Z41: 72 | AA41: 72 | AB41: 50 | AC41: 0 | AD41: 144 | AE41: 60 | AF41: 72 | AG41: =IFERROR(AF41-AE41,AF41) -> 12 | AH41: 0 | AI41: 0 | AJ41: 2 | AK41: 0 | AL41: 1 | AM41: 0 | AN41: 0 | AO41: 0 | AP41: 0 | AQ41: 1 | AR41: 0 | AS41: 0 | AT41: 市场无出单 | AU41: 市场无出单 | AV41: 0 | AW41: 0 | AX41: 0.5 | AY41: 1 | AZ41: 市场无出单 | BA41: 1 | BB41: 1 | BC41: 0.5 | BD41: 1 | BE41: 1 | BF41: 未上架 | BG41: 2 | BH41: 2 | BI41: 1 | BJ41: 5 | BK41: 13 | BL41: 1 | BM41: 8 | BN41: 15 | BO41: 22 | BP41: 29 | BQ41: 36 | BR41: 未上架 | BS41: 未出单 | BT41: 未出单 | BU41: 未出单 | BV41: N | BW41: N | BX41: N | BY41: N | BZ41: N | CA41: N | CB41: N | CC41: N | CD41: 未上架 | CE41: 正常 | CF41: 正常 | CG41: 正常 | CH41: 正常 | CI41: 异常 | CJ41: 正常 | CK41: 正常 | CL41: 正常 | CM41: 异常 | CN41: 正常 | CO41: 正常 | CP41: 未上架 | CQ41: 正常 | CR41: 正常 | CS41: 正常 | CT41: 正常 | CU41: 正常 | CV41: 正常 | CW41: 正常 | CX41: 正常 | CY41: 正常 | CZ41: 正常 | DA41: 正常 | DB41: 未上架 | DC41: 未上架 | DD41: 无市场 | DE41: 竞争无优势 | DF41: 站外出单 | DG41: 竞争无优势 | DH41: 正常 | DI41: 站外出单 | DJ41: 正常 | DK41: 正常 | DL41: 竞争无优势 | DM41: 正常 | DN41: 正常 | DQ41: 无异常 | DR41: 未分析 | DS41: 无异常 | DT41: 无异常 | DU41: 无调整 | DV41: 无异常 | DW41: 无异常 | DX41: 无异常 | DY41: 本期不分析 | DZ41: 无异常 | EA41: N | EB41: N | EC41: N | ED41: N | EE41: N | EF41: N | EG41: N | EH41: 0 | EI41: 0 | EJ41: 0.04 | EK41: 0.04 | EL41: 0.02 | EM41: 0.04 | EN41: 0.02 | EO41: 0.02 | EP41: 4.18 | EQ41: 143.28
A42: 12334 | B42: LYAP-X2523 | C42: 46097 | D42: =IF(_xlfn.XLOOKUP(A42,[1]分配表!J:J,[1]分配表!M:M)=0,"未出单",_xlfn.XLOOKUP(A42,[1]分配表!J:J,[1]分配表!M:M)) -> 46105 | E42: =_xlfn.XLOOKUP(A42,[1]分配表!A:A,[1]分配表!C:C) -> 朱培源 | F42: =IF(_xlfn.XLOOKUP($A42,[1]分配表!$A:$A,[1]分配表!D:D)=0,"未分类",_xlfn.XLOOKUP($A42,[1]分配表!$A:$A,[1]分配表!D:D)) -> 车门系统 | G42: =_xlfn.XLOOKUP(A42,[1]分配表!J:J,[1]分配表!I:I) -> 原开品 | H42: 0 | I42: 0 | J42: 1 | K42: 0 | L42: 1 | M42: 3 | N42: 4 | O42: 2 | P42: 4 | Q42: 4 | R42: 0 | S42: 3 | T42: =IFERROR(S42-R42,S42) -> 3 | U42: 0 | V42: 0 | W42: 225 | X42: 0 | Y42: 98 | Z42: 294 | AA42: 392 | AB42: 196 | AC42: 396 | AD42: 356 | AE42: 0 | AF42: 266 | AG42: =IFERROR(AF42-AE42,AF42) -> 266 | AH42: 0 | AI42: 0 | AJ42: 0 | AK42: 0 | AL42: 0 | AM42: 0 | AN42: 0 | AO42: 0 | AP42: 0 | AQ42: 0 | AR42: 0 | AS42: 0 | AT42: 市场无出单 | AU42: 市场无出单 | AV42: 1 | AW42: 0 | AX42: 1 | AY42: 1 | AZ42: 1 | BA42: 1 | BB42: 1 | BC42: 1 | BD42: 1 | BE42: 市场无出单 | BF42: 未上架 | BG42: 1 | BH42: 2 | BI42: 1 | BJ42: 7 | BK42: 15 | BL42: 1 | BM42: 8 | BN42: 15 | BO42: 22 | BP42: 29 | BQ42: 2 | BR42: 未上架 | BS42: 未出单 | BT42: Y | BU42: Y | BV42: Y | BW42: Y | BX42: Y | BY42: Y | BZ42: Y | CA42: Y | CB42: Y | CC42: Y | CD42: 未上架 | CE42: 正常 | CF42: 正常 | CG42: 正常 | CH42: 正常 | CI42: 异常 | CJ42: 正常 | CK42: 正常 | CL42: 正常 | CM42: 正常 | CN42: 正常 | CO42: 正常 | CP42: 未上架 | CQ42: 正常 | CR42: 正常 | CS42: 正常 | CT42: 正常 | CU42: 正常 | CV42: 正常 | CW42: 正常 | CX42: 正常 | CY42: 正常 | CZ42: 正常 | DA42: 正常 | DB42: 未上架 | DC42: 未上架 | DD42: 无市场 | DE42: 无市场 | DF42: 正常 | DG42: 正常 | DH42: 正常 | DI42: 正常 | DJ42: 正常 | DK42: 正常 | DL42: 正常 | DM42: 正常 | DN42: 站外出单 | DQ42: 无异常 | DR42: 无异常 | DS42: 无异常 | DT42: 无异常 | DU42: 无调整 | DV42: 无异常 | DW42: 无异常 | DX42: 无异常 | DY42: 无异常 | DZ42: 无异常 | EA42: N | EB42: N | EC42: N | ED42: N | EE42: N | EF42: N | EG42: N | EH42: 0 | EI42: 0 | EJ42: 0.04 | EK42: 0.04 | EL42: 0 | EM42: 0.04 | EN42: 0 | EO42: 0 | EP42: 0 | EQ42: 0
A43: 12368 | B43: LYAP-X2530 | C43: 46097 | D43: =IF(_xlfn.XLOOKUP(A43,[1]分配表!J:J,[1]分配表!M:M)=0,"未出单",_xlfn.XLOOKUP(A43,[1]分配表!J:J,[1]分配表!M:M)) -> 46104 | E43: =_xlfn.XLOOKUP(A43,[1]分配表!A:A,[1]分配表!C:C) -> 胡煜星 | F43: =IF(_xlfn.XLOOKUP($A43,[1]分配表!$A:$A,[1]分配表!D:D)=0,"未分类",_xlfn.XLOOKUP($A43,[1]分配表!$A:$A,[1]分配表!D:D)) -> 其他 | G43: =_xlfn.XLOOKUP(A43,[1]分配表!J:J,[1]分配表!I:I) -> 原开品 | H43: 0 | I43: 0 | J43: 1 | K43: 3 | L43: 4 | M43: 3 | N43: 2 | O43: 2 | P43: 1 | Q43: 5 | R43: 2 | S43: 0 | T43: =IFERROR(S43-R43,S43) -> -2 | U43: 0 | V43: 0 | W43: 95 | X43: 285 | Y43: 380 | Z43: 285 | AA43: 190 | AB43: 190 | AC43: 95 | AD43: 479.75 | AE43: 203.77 | AF43: 0 | AG43: =IFERROR(AF43-AE43,AF43) -> -203.77 | AH43: 0 | AI43: 0 | AJ43: 0 | AK43: 0 | AL43: 0 | AM43: 0 | AN43: 0 | AO43: 0 | AP43: 0 | AQ43: 0 | AR43: 0 | AS43: 0 | AT43: 市场无出单 | AU43: 市场无出单 | AV43: 1 | AW43: 1 | AX43: 1 | AY43: 1 | AZ43: 1 | BA43: 1 | BB43: 1 | BC43: 1 | BD43: 1 | BE43: 1 | BF43: 未上架 | BG43: 1 | BH43: 5 | BI43: 13 | BJ43: 0 | BK43: 8 | BL43: 5 | BM43: 12 | BN43: 1 | BO43: 0 | BP43: 7 | BQ43: 14 | BR43: 未上架 | BS43: 未出单 | BT43: Y | BU43: Y | BV43: Y | BW43: Y | BX43: Y | BY43: Y | BZ43: Y | CA43: Y | CB43: Y | CC43: Y | CD43: 未上架 | CE43: 正常 | CF43: 正常 | CG43: 异常 | CH43: 正常 | CI43: 异常 | CJ43: 正常 | CK43: 正常 | CL43: 正常 | CM43: 正常 | CN43: 正常 | CO43: 正常 | CP43: 未上架 | CQ43: 正常 | CR43: 正常 | CS43: 正常 | CT43: 正常 | CU43: 正常 | CV43: 正常 | CW43: 正常 | CX43: 正常 | CY43: 正常 | CZ43: 正常 | DA43: 正常 | DB43: 未上架 | DC43: 未上架 | DD43: 无市场 | DE43: 正常 | DF43: 正常 | DG43: 正常 | DH43: 正常 | DI43: 正常 | DJ43: 正常 | DK43: 正常 | DL43: 正常 | DM43: 正常 | DN43: 正常 | DQ43: 无异常 | DR43: 无调整 | DS43: 无异常 | DT43: 无异常 | DU43: 无调整 | DV43: 无异常 | DW43: 无异常 | DX43: 无异常 | DY43: 无异常 | DZ43: 无异常 | EA43: N | EB43: N | EC43: Y | ED43: Y | EE43: Y | EF43: Y | EG43: Y | EH43: 7.52 | EI43: 0 | EJ43: 0.02 | EK43: 0 | EL43: 0 | EM43: 0 | EN43: 0 | EO43: 0 | EP43: 0 | EQ43: 0
A44: 12306 | B44: MD-001-FR | C44: 46097 | D44: =IF(_xlfn.XLOOKUP(A44,[1]分配表!J:J,[1]分配表!M:M)=0,"未出单",_xlfn.XLOOKUP(A44,[1]分配表!J:J,[1]分配表!M:M)) -> 46099 | E44: =_xlfn.XLOOKUP(A44,[1]分配表!A:A,[1]分配表!C:C) -> 俞东旭 | F44: =IF(_xlfn.XLOOKUP($A44,[1]分配表!$A:$A,[1]分配表!D:D)=0,"未分类",_xlfn.XLOOKUP($A44,[1]分配表!$A:$A,[1]分配表!D:D)) -> 车门系统 | G44: =_xlfn.XLOOKUP(A44,[1]分配表!J:J,[1]分配表!I:I) -> 原开品 | H44: 0 | I44: 2 | J44: 3 | K44: 2 | L44: 4 | M44: 3 | N44: 1 | O44: 1 | P44: 3 | Q44: 1 | R44: 0 | S44: 3 | T44: =IFERROR(S44-R44,S44) -> 3 | U44: 0 | V44: 1100 | W44: 1650 | X44: 1130 | Y44: 2336 | Z44: 1764 | AA44: 595 | AB44: 598 | AC44: 1794 | AD44: 598 | AE44: 0 | AF44: 1789 | AG44: =IFERROR(AF44-AE44,AF44) -> 1789 | AH44: 0 | AI44: 0 | AJ44: 0 | AK44: 0 | AL44: 1 | AM44: 3 | AN44: 1 | AO44: 4 | AP44: 1 | AQ44: 3 | AR44: 0 | AS44: 2 | AT44: 市场无出单 | AU44: 市场无出单 | AV44: 1 | AW44: 1 | AX44: 0.8 | AY44: 0.5 | AZ44: 0.5 | BA44: 0.2 | BB44: 0.5 | BC44: 0.5 | BD44: 市场无出单 | BE44: 0.5 | BF44: 未上架 | BG44: 1 | BH44: 8 | BI44: 16 | BJ44: 0 | BK44: 2 | BL44: 1 | BM44: 5 | BN44: 12 | BO44: 1 | BP44: 8 | BQ44: 15 | BR44: 未上架 | BS44: Y | BT44: Y | BU44: Y | BV44: Y | BW44: Y | BX44: Y | BY44: Y | BZ44: Y | CA44: Y | CB44: Y | CC44: Y | CD44: 未上架 | CE44: 正常 | CF44: 异常 | CG44: 异常 | CH44: 正常 | CI44: 正常 | CJ44: 正常 | CK44: 正常 | CL44: 异常 | CM44: 正常 | CN44: 正常 | CO44: 异常 | CP44: 未上架 | CQ44: 正常 | CR44: 正常 | CS44: 正常 | CT44: 正常 | CU44: 正常 | CV44: 正常 | CW44: 正常 | CX44: 正常 | CY44: 正常 | CZ44: 正常 | DA44: 正常 | DB44: 未上架 | DC44: 未上架 | DD44: 无市场 | DE44: 正常 | DF44: 正常 | DG44: 正常 | DH44: 正常 | DI44: 竞争无优势 | DJ44: 竞争无优势 | DK44: 竞争无优势 | DL44: 竞争无优势 | DM44: 无市场 | DN44: 竞争无优势 | DQ44: 无异常 | DR44: 链接优化 | DS44: 无异常 | DT44: 无异常 | DU44: 无异常 | DV44: 无异常 | DW44: 无异常 | DX44: 无调整 | DY44: 无异常 | DZ44: 无异常 | EA44: Y | EB44: N | EC44: Y | ED44: N | EE44: N | EF44: N | EG44: Y | EH44: 0 | EI44: 0 | EJ44: 0.02 | EK44: 0.02 | EL44: 0.02 | EM44: 0.02 | EN44: 0.02 | EO44: 0.02 | EP44: 23.92 | EQ44: 1196
A45: 12307 | B45: MD-001-RL | C45: 46097 | D45: =IF(_xlfn.XLOOKUP(A45,[1]分配表!J:J,[1]分配表!M:M)=0,"未出单",_xlfn.XLOOKUP(A45,[1]分配表!J:J,[1]分配表!M:M)) -> 46103 | E45: =_xlfn.XLOOKUP(A45,[1]分配表!A:A,[1]分配表!C:C) -> 俞东旭 | F45: =IF(_xlfn.XLOOKUP($A45,[1]分配表!$A:$A,[1]分配表!D:D)=0,"未分类",_xlfn.XLOOKUP($A45,[1]分配表!$A:$A,[1]分配表!D:D)) -> 车门系统 | G45: =_xlfn.XLOOKUP(A45,[1]分配表!J:J,[1]分配表!I:I) -> 原开品 | H45: 0 | I45: 0 | J45: 1 | K45: 4 | L45: 1 | M45: 1 | N45: 1 | O45: 3 | P45: 0 | Q45: 2 | R45: 0 | S45: 1 | T45: =IFERROR(S45-R45,S45) -> 1 | U45: 0 | V45: 0 | W45: 550 | X45: 2200 | Y45: 580 | Z45: 580 | AA45: 580 | AB45: 1740 | AC45: 0 | AD45: 1160 | AE45: 0 | AF45: 580 | AG45: =IFERROR(AF45-AE45,AF45) -> 580 | AH45: 0 | AI45: 0 | AJ45: 2 | AK45: 0 | AL45: 0 | AM45: 3 | AN45: 1 | AO45: 0 | AP45: 2 | AQ45: 0 | AR45: 1 | AS45: 5 | AT45: 市场无出单 | AU45: 市场无出单 | AV45: 0.33333333 | AW45: 1 | AX45: 1 | AY45: 0.25 | AZ45: 0.6667 | BA45: 1 | BB45: 0 | BC45: 1 | BD45: 0.5 | BE45: 0.1667 | BF45: 未上架 | BG45: 1 | BH45: 8 | BI45: 1 | BJ45: 7 | BK45: 5 | BL45: 0 | BM45: 7 | BN45: 1 | BO45: 5 | BP45: 12 | BQ45: 2 | BR45: 未上架 | BS45: 未出单 | BT45: Y | BU45: Y | BV45: Y | BW45: Y | BX45: Y | BY45: Y | BZ45: Y | CA45: Y | CB45: Y | CC45: Y | CD45: 未上架 | CE45: 正常 | CF45: 异常 | CG45: 正常 | CH45: 正常 | CI45: 正常 | CJ45: 正常 | CK45: 正常 | CL45: 正常 | CM45: 正常 | CN45: 异常 | CO45: 正常 | CP45: 未上架 | CQ45: 正常 | CR45: 正常 | CS45: 正常 | CT45: 正常 | CU45: 正常 | CV45: 正常 | CW45: 正常 | CX45: 正常 | CY45: 正常 | CZ45: 正常 | DA45: 正常 | DB45: 未上架 | DC45: 未上架 | DD45: 无市场 | DE45: 竞争无优势 | DF45: 竞争无优势 | DG45: 正常 | DH45: 竞争无优势 | DI45: 竞争无优势 | DJ45: 正常 | DK45: 竞争无优势 | DL45: 正常 | DM45: 竞争无优势 | DN45: 竞争无优势 | DQ45: 无异常 | DR45: 无异常 | DS45: 无异常 | DT45: 无异常 | DU45: 无异常 | DV45: 无异常 | DW45: 无异常 | DX45: 无异常 | DY45: 无异常 | DZ45: 无调整 | EA45: Y | EB45: N | EC45: Y | ED45: N | EE45: N | EF45: N | EG45: Y | EH45: 0 | EI45: 0 | EJ45: 0.02 | EK45: 0.02 | EL45: 0.02 | EM45: 0.02 | EN45: 0.02 | EO45: 0.02 | EP45: 11.6 | EQ45: 580
A46: 12308 | B46: MD-001-RR | C46: 46097 | D46: =IF(_xlfn.XLOOKUP(A46,[1]分配表!J:J,[1]分配表!M:M)=0,"未出单",_xlfn.XLOOKUP(A46,[1]分配表!J:J,[1]分配表!M:M)) -> 46099 | E46: =_xlfn.XLOOKUP(A46,[1]分配表!A:A,[1]分配表!C:C) -> 俞东旭 | F46: =IF(_xlfn.XLOOKUP($A46,[1]分配表!$A:$A,[1]分配表!D:D)=0,"未分类",_xlfn.XLOOKUP($A46,[1]分配表!$A:$A,[1]分配表!D:D)) -> 车门系统 | G46: =_xlfn.XLOOKUP(A46,[1]分配表!J:J,[1]分配表!I:I) -> 原开品 | H46: 0 | I46: 3 | J46: 4 | K46: 4 | L46: 3 | M46: 4 | N46: 4 | O46: 1 | P46: 0 | Q46: 0 | R46: 0 | S46: 3 | T46: =IFERROR(S46-R46,S46) -> 3 | U46: 0 | V46: 1650 | W46: 2200 | X46: 2200 | Y46: 1749 | Z46: 2332 | AA46: 2342 | AB46: 588 | AC46: 0 | AD46: 0 | AE46: 0 | AF46: 1779 | AG46: =IFERROR(AF46-AE46,AF46) -> 1779 | AH46: 0 | AI46: 0 | AJ46: 0 | AK46: 4 | AL46: 1 | AM46: 3 | AN46: 3 | AO46: 1 | AP46: 1 | AQ46: 2 | AR46: 3 | AS46: 2 | AT46: 市场无出单 | AU46: 市场无出单 | AV46: 1 | AW46: 0.5 | AX46: 0.75 | AY46: 0.57142857 | AZ46: 0.5 | BA46: 0.75 | BB46: 0 | BC46: 0 | BD46: 0 | BE46: 0.6 | BF46: 未上架 | BG46: 1 | BH46: 8 | BI46: 16 | BJ46: 0 | BK46: 8 | BL46: 1 | BM46: 1 | BN46: 8 | BO46: 1 | BP46: 8 | BQ46: 15 | BR46: 未上架 | BS46: Y | BT46: Y | BU46: Y | BV46: Y | BW46: Y | BX46: Y | BY46: Y | BZ46: Y | CA46: Y | CB46: Y | CC46: Y | CD46: 未上架 | CE46: 正常 | CF46: 异常 | CG46: 异常 | CH46: 正常 | CI46: 异常 | CJ46: 正常 | CK46: 正常 | CL46: 异常 | CM46: 正常 | CN46: 异常 | CO46: 异常 | CP46: 未上架 | CQ46: 正常 | CR46: 正常 | CS46: 正常 | CT46: 正常 | CU46: 正常 | CV46: 正常 | CW46: 正常 | CX46: 正常 | CY46: 正常 | CZ46: 正常 | DA46: 正常 | DB46: 未上架 | DC46: 未上架 | DD46: 无市场 | DE46: 正常 | DF46: 正常 | DG46: 正常 | DH46: 正常 | DI46: 竞争无优势 | DJ46: 正常 | DK46: 竞争无优势 | DL46: 竞争无优势 | DM46: 竞争无优势 | DN46: 竞争无优势 | DQ46: 无异常 | DR46: 无调整 | DS46: 无异常 | DT46: 无异常 | DU46: 链接优化 | DV46: 无异常 | DW46: 无异常 | DX46: 无调整 | DY46: 无异常 | DZ46: 无调整 | EA46: Y | EB46: N | EC46: Y | ED46: N | EE46: N | EF46: N | EG46: Y | EH46: 0 | EI46: 0 | EJ46: 0.02 | EK46: 0.02 | EL46: 0.02 | EM46: 0.02 | EN46: 0.02 | EO46: 0.02 | EP46: 36.29 | EQ46: 1814.58
A47: 12293 | B47: LYAP-X2144-1 | C47: 46099 | D47: =IF(_xlfn.XLOOKUP(A47,[1]分配表!J:J,[1]分配表!M:M)=0,"未出单",_xlfn.XLOOKUP(A47,[1]分配表!J:J,[1]分配表!M:M)) -> 46104 | E47: =_xlfn.XLOOKUP(A47,[1]分配表!A:A,[1]分配表!C:C) -> 朱培源 | F47: =IF(_xlfn.XLOOKUP($A47,[1]分配表!$A:$A,[1]分配表!D:D)=0,"未分类",_xlfn.XLOOKUP($A47,[1]分配表!$A:$A,[1]分配表!D:D)) -> 车门系统 | G47: =_xlfn.XLOOKUP(A47,[1]分配表!J:J,[1]分配表!I:I) -> 原开品 | H47: 0 | I47: 0 | J47: 1 | K47: 0 | L47: 1 | M47: 0 | N47: 0 | O47: 2 | P47: 0 | Q47: 0 | R47: 0 | S47: 0 | T47: =IFERROR(S47-R47,S47) -> 0 | U47: 0 | V47: 0 | W47: 55 | X47: 0 | Y47: 52.25 | Z47: 0 | AA47: 0 | AB47: 110 | AC47: 0 | AD47: 0 | AE47: 0 | AF47: 0 | AG47: =IFERROR(AF47-AE47,AF47) -> 0 | AH47: 0 | AI47: 0 | AJ47: 0 | AK47: 1 | AL47: 0 | AM47: 2 | AN47: 0 | AO47: 0 | AP47: 0 | AQ47: 0 | AR47: 0 | AS47: 0 | AT47: 市场无出单 | AU47: 市场无出单 | AV47: 1 | AW47: 0 | AX47: 1 | AY47: 0 | AZ47: 市场无出单 | BA47: 1 | BB47: 市场无出单 | BC47: 市场无出单 | BD47: 市场无出单 | BE47: 市场无出单 | BF47: 未上架 | BG47: 未上架 | BH47: 2 | BI47: 1 | BJ47: 7 | BK47: 15 | BL47: 1 | BM47: 8 | BN47: 15 | BO47: 22 | BP47: 29 | BQ47: 36 | BR47: 未上架 | BS47: 未上架 | BT47: Y | BU47: Y | BV47: Y | BW47: Y | BX47: Y | BY47: Y | BZ47: Y | CA47: Y | CB47: Y | CC47: Y | CD47: 未上架 | CE47: 未上架 | CF47: 正常 | CG47: 正常 | CH47: 正常 | CI47: 异常 | CJ47: 正常 | CK47: 正常 | CL47: 正常 | CM47: 正常 | CN47: 正常 | CO47: 正常 | CP47: 未上架 | CQ47: 未上架 | CR47: 正常 | CS47: 正常 | CT47: 正常 | CU47: 正常 | CV47: 正常 | CW47: 正常 | CX47: 正常 | CY47: 正常 | CZ47: 正常 | DA47: 正常 | DB47: 未上架 | DC47: 未上架 | DD47: 未上架 | DE47: 正常 | DF47: 竞争无优势 | DG47: 正常 | DH47: 竞争无优势 | DI47: 无市场 | DJ47: 正常 | DK47: 无市场 | DL47: 无市场 | DM47: 站外出单 | DN47: 站外出单 | DQ47: 未上架 | DR47: 无异常 | DS47: 无异常 | DT47: 无异常 | DU47: 无调整 | DV47: 无异常 | DW47: 无异常 | DX47: 无异常 | DY47: 无异常 | DZ47: 无异常 | EA47: N | EB47: N | EC47: N | ED47: N | EE47: N | EF47: N | EG47: N | EH47: 0 | EI47: 0 | EJ47: 0.05 | EK47: 0.05 | EL47: 0.02 | EM47: 0.05 | EN47: 0.02 | EO47: 0.02 | EP47: 0 | EQ47: 0
A48: 12298 | B48: LYAP-X2144-1L | C48: 46099 | D48: =IF(_xlfn.XLOOKUP(A48,[1]分配表!J:J,[1]分配表!M:M)=0,"未出单",_xlfn.XLOOKUP(A48,[1]分配表!J:J,[1]分配表!M:M)) -> 46157 | E48: =_xlfn.XLOOKUP(A48,[1]分配表!A:A,[1]分配表!C:C) -> 朱培源 | F48: =IF(_xlfn.XLOOKUP($A48,[1]分配表!$A:$A,[1]分配表!D:D)=0,"未分类",_xlfn.XLOOKUP($A48,[1]分配表!$A:$A,[1]分配表!D:D)) -> 车门系统 | G48: =_xlfn.XLOOKUP(A48,[1]分配表!J:J,[1]分配表!I:I) -> 拓展品 | H48: 0 | I48: 0 | J48: 0 | K48: 0 | L48: 0 | M48: 0 | N48: 0 | O48: 0 | P48: 0 | Q48: 0 | R48: 1 | S48: 0 | T48: =IFERROR(S48-R48,S48) -> -1 | U48: 0 | V48: 0 | W48: 0 | X48: 0 | Y48: 0 | Z48: 0 | AA48: 0 | AB48: 0 | AC48: 0 | AD48: 0 | AE48: 24.78 | AF48: 0 | AG48: =IFERROR(AF48-AE48,AF48) -> -24.78 | AH48: 0 | AI48: 0 | AJ48: 1 | AK48: 2 | AL48: 1 | AM48: 4 | AN48: 0 | AO48: 0 | AP48: 3 | AQ48: 0 | AR48: 0 | AS48: 1 | AT48: 市场无出单 | AU48: 市场无出单 | AV48: 0 | AW48: 0 | AX48: 0 | AY48: 0 | AZ48: 市场无出单 | BA48: 市场无出单 | BB48: 0 | BC48: 市场无出单 | BD48: 1 | BE48: 0 | BF48: 未上架 | BG48: 未上架 | BH48: 2 | BI48: 1 | BJ48: 7 | BK48: 6 | BL48: 2 | BM48: 9 | BN48: 6 | BO48: 6 | BP48: 13 | BQ48: 6 | BR48: 未上架 | BS48: 未上架 | BT48: 未出单 | BU48: 未出单 | BV48: 未出单 | BW48: 未出单 | BX48: 未出单 | BY48: 未出单 | BZ48: 未出单 | CA48: 未出单 | CB48: N | CC48: N | CD48: 未上架 | CE48: 未上架 | CF48: 正常 | CG48: 正常 | CH48: 正常 | CI48: 正常 | CJ48: 正常 | CK48: 正常 | CL48: 正常 | CM48: 正常 | CN48: 正常 | CO48: 正常 | CP48: 未上架 | CQ48: 未上架 | CR48: 正常 | CS48: 正常 | CT48: 正常 | CU48: 正常 | CV48: 正常 | CW48: 正常 | CX48: 正常 | CY48: 正常 | CZ48: 正常 | DA48: 正常 | DB48: 未上架 | DC48: 未上架 | DD48: 未上架 | DE48: 无市场 | DF48: 竞争无优势 | DG48: 竞争无优势 | DH48: 竞争无优势 | DI48: 无市场 | DJ48: 无市场 | DK48: 竞争无优势 | DL48: 无市场 | DM48: 正常 | DN48: 竞争无优势 | DQ48: 未上架 | DR48: 未分析 | DS48: 降价测试-市场有低价对手出单 | DT48: 降价测试-市场有低价对手出单 | DU48: 链接优化 | DV48: 无调整 | DW48: 广告-PLG | DX48: 广告-PLG | DY48: 本期不分析 | DZ48: 无异常 | EA48: N | EB48: N | EC48: N | ED48: N | EE48: N | EF48: N | EG48: N | EH48: 0 | EI48: 0 | EJ48: 0.05 | EK48: 0.04 | EL48: 0.02 | EM48: 0.04 | EN48: 0.02 | EO48: 0.02 | EP48: 0 | EQ48: 0
A49: 12299 | B49: LYAP-X2144-1R | C49: 46099 | D49: =IF(_xlfn.XLOOKUP(A49,[1]分配表!J:J,[1]分配表!M:M)=0,"未出单",_xlfn.XLOOKUP(A49,[1]分配表!J:J,[1]分配表!M:M)) -> 46119 | E49: =_xlfn.XLOOKUP(A49,[1]分配表!A:A,[1]分配表!C:C) -> 朱培源 | F49: =IF(_xlfn.XLOOKUP($A49,[1]分配表!$A:$A,[1]分配表!D:D)=0,"未分类",_xlfn.XLOOKUP($A49,[1]分配表!$A:$A,[1]分配表!D:D)) -> 车门系统 | G49: =_xlfn.XLOOKUP(A49,[1]分配表!J:J,[1]分配表!I:I) -> 拓展品 | H49: 0 | I49: 0 | J49: 0 | K49: 0 | L49: 2 | M49: 3 | N49: 0 | O49: 0 | P49: 0 | Q49: 1 | R49: 0 | S49: 0 | T49: =IFERROR(S49-R49,S49) -> 0 | U49: 0 | V49: 0 | W49: 0 | X49: 0 | Y49: 52.84 | Z49: 79.26 | AA49: 0 | AB49: 0 | AC49: 0 | AD49: 28 | AE49: 0 | AF49: 0 | AG49: =IFERROR(AF49-AE49,AF49) -> 0 | AH49: 0 | AI49: 0 | AJ49: 1 | AK49: 4 | AL49: 0 | AM49: 1 | AN49: 2 | AO49: 2 | AP49: 1 | AQ49: 0 | AR49: 2 | AS49: 1 | AT49: 市场无出单 | AU49: 市场无出单 | AV49: 0 | AW49: 0 | AX49: 1 | AY49: 0.75 | AZ49: 0 | BA49: 0 | BB49: 0 | BC49: 市场无出单 | BD49: 0.3333 | BE49: 0 | BF49: 未上架 | BG49: 未上架 | BH49: 2 | BI49: 1 | BJ49: 5 | BK49: 13 | BL49: 1 | BM49: 8 | BN49: 15 | BO49: 6 | BP49: 13 | BQ49: 0 | BR49: 未上架 | BS49: 未上架 | BT49: 未出单 | BU49: 未出单 | BV49: N | BW49: N | BX49: N | BY49: N | BZ49: N | CA49: N | CB49: N | CC49: N | CD49: 未上架 | CE49: 未上架 | CF49: 正常 | CG49: 正常 | CH49: 正常 | CI49: 异常 | CJ49: 正常 | CK49: 异常 | CL49: 异常 | CM49: 正常 | CN49: 异常 | CO49: 正常 | CP49: 未上架 | CQ49: 未上架 | CR49: 正常 | CS49: 正常 | CT49: 正常 | CU49: 正常 | CV49: 正常 | CW49: 正常 | CX49: 正常 | CY49: 正常 | CZ49: 正常 | DA49: 正常 | DB49: 未上架 | DC49: 未上架 | DD49: 未上架 | DE49: 竞争无优势 | DF49: 竞争无优势 | DG49: 正常 | DH49: 正常 | DI49: 竞争无优势 | DJ49: 竞争无优势 | DK49: 竞争无优势 | DL49: 无市场 | DM49: 竞争无优势 | DN49: 竞争无优势 | DQ49: 未上架 | DR49: 未分析 | DS49: 无异常 | DT49: 无异常 | DU49: 无调整 | DV49: 无异常 | DW49: 无调整 | DX49: 无调整 | DY49: 无异常 | DZ49: 广告-PLG | EA49: N | EB49: N | EC49: N | ED49: N | EE49: N | EF49: N | EG49: N | EH49: 0 | EI49: 0 | EJ49: 0.05 | EK49: 0.02 | EL49: 0.02 | EM49: 0.02 | EN49: 0.02 | EO49: 0.04 | EP49: 0 | EQ49: 0
A50: 12396 | B50: LYAP-X1665-1 | C50: 46104 | D50: =IF(_xlfn.XLOOKUP(A50,[1]分配表!J:J,[1]分配表!M:M)=0,"未出单",_xlfn.XLOOKUP(A50,[1]分配表!J:J,[1]分配表!M:M)) -> 未出单 | E50: =_xlfn.XLOOKUP(A50,[1]分配表!A:A,[1]分配表!C:C) -> 胡煜星 | F50: =IF(_xlfn.XLOOKUP($A50,[1]分配表!$A:$A,[1]分配表!D:D)=0,"未分类",_xlfn.XLOOKUP($A50,[1]分配表!$A:$A,[1]分配表!D:D)) -> 车门系统 | G50: =_xlfn.XLOOKUP(A50,[1]分配表!J:J,[1]分配表!I:I) -> 原开品 | H50: 0 | I50: 0 | J50: 0 | K50: 0 | L50: 0 | M50: 0 | N50: 0 | O50: 0 | P50: 0 | Q50: 0 | R50: 0 | S50: 0 | T50: =IFERROR(S50-R50,S50) -> 0 | U50: 0 | V50: 0 | W50: 0 | X50: 0 | Y50: 0 | Z50: 0 | AA50: 0 | AB50: 0 | AC50: 0 | AD50: 0 | AE50: 0 | AF50: 0 | AG50: =IFERROR(AF50-AE50,AF50) -> 0 | AH50: 0 | AI50: 0 | AJ50: 0 | AK50: 0 | AL50: 0 | AM50: 0 | AN50: 0 | AO50: 0 | AP50: 0 | AQ50: 0 | AR50: 0 | AS50: 0 | AT50: 市场无出单 | AU50: 市场无出单 | AV50: 市场无出单 | AW50: 0 | AX50: 0 | AY50: 0 | AZ50: 市场无出单 | BA50: 市场无出单 | BB50: 市场无出单 | BC50: 市场无出单 | BD50: 市场无出单 | BE50: 市场无出单 | BF50: 未上架 | BG50: 未上架 | BH50: 2 | BI50: 10 | BJ50: 0 | BK50: 6 | BL50: 5 | BM50: 6 | BN50: 0 | BO50: 1 | BP50: 8 | BQ50: 0 | BR50: 未上架 | BS50: 未上架 | BT50: 未出单 | BU50: 未出单 | BV50: 未出单 | BW50: 未出单 | BX50: 未出单 | BY50: 未出单 | BZ50: 未出单 | CA50: 未出单 | CB50: 未出单 | CC50: 未出单 | CD50: 未上架 | CE50: 未上架 | CF50: 正常 | CG50: 异常 | CH50: 正常 | CI50: 正常 | CJ50: 正常 | CK50: 正常 | CL50: 正常 | CM50: 正常 | CN50: 正常 | CO50: 正常 | CP50: 未上架 | CQ50: 未上架 | CR50: 正常 | CS50: 正常 | CT50: 正常 | CU50: 正常 | CV50: 正常 | CW50: 正常 | CX50: 正常 | CY50: 正常 | CZ50: 正常 | DA50: 正常 | DB50: 未上架 | DC50: 未上架 | DD50: 未上架 | DE50: 无市场 | DF50: 无市场 | DG50: 无市场 | DH50: 无市场 | DI50: 无市场 | DJ50: 无市场 | DK50: 无市场 | DL50: 无市场 | DM50: 无市场 | DN50: 无市场 | DQ50: 未上架 | DR50: 广告-PLG | DS50: 链接优化 | DT50: 链接优化 | DU50: 降价测试-市场无对手 | DV50: 广告-PLP | DW50: 降价测试-市场无对手 | DX50: 无调整 | DY50: 本期不分析 | DZ50: 降价测试-市场无对手 | EA50: N | EB50: Y | EC50: Y | ED50: Y | EE50: Y | EF50: Y | EG50: Y | EH50: 0 | EI50: 0 | EJ50: 0.05 | EK50: 0.04 | EL50: 0.04 | EM50: 0.04 | EN50: 0.04 | EO50: 0.04 | EP50: 0 | EQ50: 0
A51: 12291 | B51: LYAP-X1872 | C51: 46104 | D51: =IF(_xlfn.XLOOKUP(A51,[1]分配表!J:J,[1]分配表!M:M)=0,"未出单",_xlfn.XLOOKUP(A51,[1]分配表!J:J,[1]分配表!M:M)) -> 46134 | E51: =_xlfn.XLOOKUP(A51,[1]分配表!A:A,[1]分配表!C:C) -> 张潇 | F51: =IF(_xlfn.XLOOKUP($A51,[1]分配表!$A:$A,[1]分配表!D:D)=0,"未分类",_xlfn.XLOOKUP($A51,[1]分配表!$A:$A,[1]分配表!D:D)) -> 挡泥板 | G51: =_xlfn.XLOOKUP(A51,[1]分配表!J:J,[1]分配表!I:I) -> 原开品 | H51: 0 | I51: 0 | J51: 0 | K51: 0 | L51: 0 | M51: 0 | N51: 1 | O51: 0 | P51: 2 | Q51: 2 | R51: 0 | S51: 1 | T51: =IFERROR(S51-R51,S51) -> 1 | U51: 0 | V51: 0 | W51: 0 | X51: 0 | Y51: 0 | Z51: 0 | AA51: 129 | AB51: 0 | AC51: 258 | AD51: 258 | AE51: 0 | AF51: 129 | AG51: =IFERROR(AF51-AE51,AF51) -> 129 | AH51: 0 | AI51: 0 | AJ51: 0 | AK51: 0 | AL51: 0 | AM51: 0 | AN51: 0 | AO51: 0 | AP51: 0 | AQ51: 0 | AR51: 0 | AS51: 0 | AT51: 市场无出单 | AU51: 市场无出单 | AV51: 市场无出单 | AW51: 0 | AX51: 0 | AY51: 0 | AZ51: 市场无出单 | BA51: 1 | BB51: 1 | BC51: 市场无出单 | BD51: 1 | BE51: 1 | BF51: 未上架 | BG51: 未上架 | BH51: 2 | BI51: 1 | BJ51: 0 | BK51: 5 | BL51: 6 | BM51: 0 | BN51: 7 | BO51: 14 | BP51: 21 | BQ51: 4 | BR51: 未上架 | BS51: 未上架 | BT51: 未出单 | BU51: 未出单 | BV51: 未出单 | BW51: 未出单 | BX51: N | BY51: N | BZ51: N | CA51: N | CB51: N | CC51: N | CD51: 未上架 | CE51: 未上架 | CF51: 正常 | CG51: 正常 | CH51: 正常 | CI51: 正常 | CJ51: 正常 | CK51: 正常 | CL51: 正常 | CM51: 正常 | CN51: 正常 | CO51: 正常 | CP51: 未上架 | CQ51: 未上架 | CR51: 正常 | CS51: 正常 | CT51: 正常 | CU51: 正常 | CV51: 正常 | CW51: 正常 | CX51: 正常 | CY51: 正常 | CZ51: 正常 | DA51: 正常 | DB51: 未上架 | DC51: 未上架 | DD51: 未上架 | DE51: 无市场 | DF51: 无市场 | DG51: 无市场 | DH51: 站外出单 | DI51: 无市场 | DJ51: 正常 | DK51: 正常 | DL51: 站外出单 | DM51: 正常 | DN51: 正常 | DQ51: 未上架 | DR51: 广告-PLP | DS51: 广告-PLP | DT51: 广告-PLP | DU51: 降价测试-市场无对手 | DV51: 无异常 | DW51: 无异常 | DX51: 无异常 | DY51: 无异常 | DZ51: 无异常 | EA51: Y | EB51: Y | EC51: Y | ED51: Y | EE51: Y | EF51: Y | EG51: Y | EH51: 0.84 | EI51: 0 | EJ51: 0.02 | EK51: 0.02 | EL51: 0.02 | EM51: 0.02 | EN51: 0.02 | EO51: 0.02 | EP51: 0 | EQ51: 0
A52: 12290 | B52: LYAP-X1878 | C52: 46104 | D52: =IF(_xlfn.XLOOKUP(A52,[1]分配表!J:J,[1]分配表!M:M)=0,"未出单",_xlfn.XLOOKUP(A52,[1]分配表!J:J,[1]分配表!M:M)) -> 46119 | E52: =_xlfn.XLOOKUP(A52,[1]分配表!A:A,[1]分配表!C:C) -> 张潇 | F52: =IF(_xlfn.XLOOKUP($A52,[1]分配表!$A:$A,[1]分配表!D:D)=0,"未分类",_xlfn.XLOOKUP($A52,[1]分配表!$A:$A,[1]分配表!D:D)) -> 挡泥板 | G52: =_xlfn.XLOOKUP(A52,[1]分配表!J:J,[1]分配表!I:I) -> 原开品 | H52: 0 | I52: 0 | J52: 0 | K52: 0 | L52: 1 | M52: 0 | N52: 0 | O52: 2 | P52: 2 | Q52: 0 | R52: 0 | S52: 1 | T52: =IFERROR(S52-R52,S52) -> 1 | U52: 0 | V52: 0 | W52: 0 | X52: 0 | Y52: 118 | Z52: 0 | AA52: 0 | AB52: 236 | AC52: 236 | AD52: 0 | AE52: 0 | AF52: 118 | AG52: =IFERROR(AF52-AE52,AF52) -> 118 | AH52: 0 | AI52: 0 | AJ52: 0 | AK52: 3 | AL52: 0 | AM52: 0 | AN52: 5 | AO52: 1 | AP52: 1 | AQ52: 4 | AR52: 2 | AS52: 1 | AT52: 市场无出单 | AU52: 市场无出单 | AV52: 市场无出单 | AW52: 0 | AX52: 1 | AY52: 0 | AZ52: 0 | BA52: 0 | BB52: 0.8 | BC52: 0 | BD52: 0 | BE52: 0.5 | BF52: 未上架 | BG52: 未上架 | BH52: 2 | BI52: 1 | BJ52: 0 | BK52: 8 | BL52: 2 | BM52: 9 | BN52: 0 | BO52: 7 | BP52: 0 | BQ52: 7 | BR52: 未上架 | BS52: 未上架 | BT52: 未出单 | BU52: 未出单 | BV52: N | BW52: N | BX52: N | BY52: N | BZ52: N | CA52: N | CB52: N | CC52: N | CD52: 未上架 | CE52: 未上架 | CF52: 正常 | CG52: 正常 | CH52: 正常 | CI52: 异常 | CJ52: 正常 | CK52: 异常 | CL52: 正常 | CM52: 异常 | CN52: 正常 | CO52: 异常 | CP52: 未上架 | CQ52: 未上架 | CR52: 正常 | CS52: 正常 | CT52: 正常 | CU52: 正常 | CV52: 正常 | CW52: 正常 | CX52: 正常 | CY52: 正常 | CZ52: 正常 | DA52: 正常 | DB52: 未上架 | DC52: 未上架 | DD52: 未上架 | DE52: 无市场 | DF52: 竞争无优势 | DG52: 正常 | DH52: 正常 | DI52: 竞争无优势 | DJ52: 竞争无优势 | DK52: 正常 | DL52: 竞争无优势 | DM52: 竞争无优势 | DN52: 竞争无优势 | DQ52: 未上架 | DR52: 无调整 | DS52: 无异常 | DT52: 无异常 | DU52: 链接优化 | DV52: 无异常 | DW52: 无调整 | DX52: 无异常 | DY52: 本期不分析 | DZ52: 无异常 | EA52: N | EB52: N | EC52: N | ED52: N | EE52: N | EF52: N | EG52: N | EH52: 0 | EI52: 0 | EJ52: 0.02 | EK52: 0.02 | EL52: 0.02 | EM52: 0.02 | EN52: 0.02 | EO52: 0.02 | EP52: 5.04 | EQ52: 251.93
A53: 12391 | B53: LYAP-X2130-1 | C53: 46104 | D53: =IF(_xlfn.XLOOKUP(A53,[1]分配表!J:J,[1]分配表!M:M)=0,"未出单",_xlfn.XLOOKUP(A53,[1]分配表!J:J,[1]分配表!M:M)) -> 46118 | E53: =_xlfn.XLOOKUP(A53,[1]分配表!A:A,[1]分配表!C:C) -> 张潇 | F53: =IF(_xlfn.XLOOKUP($A53,[1]分配表!$A:$A,[1]分配表!D:D)=0,"未分类",_xlfn.XLOOKUP($A53,[1]分配表!$A:$A,[1]分配表!D:D)) -> 其他 | G53: =_xlfn.XLOOKUP(A53,[1]分配表!J:J,[1]分配表!I:I) -> 原开品 | H53: 0 | I53: 0 | J53: 0 | K53: 0 | L53: 1 | M53: 1 | N53: 0 | O53: 2 | P53: 2 | Q53: 1 | R53: 0 | S53: 0 | T53: =IFERROR(S53-R53,S53) -> 0 | U53: 0 | V53: 0 | W53: 0 | X53: 0 | Y53: 139 | Z53: 139 | AA53: 0 | AB53: 278 | AC53: 278 | AD53: 139 | AE53: 0 | AF53: 0 | AG53: =IFERROR(AF53-AE53,AF53) -> 0 | AH53: 0 | AI53: 0 | AJ53: 0 | AK53: 0 | AL53: 0 | AM53: 0 | AN53: 0 | AO53: 0 | AP53: 0 | AQ53: 0 | AR53: 0 | AS53: 0 | AT53: 市场无出单 | AU53: 市场无出单 | AV53: 市场无出单 | AW53: 0 | AX53: 1 | AY53: 1 | AZ53: 1 | BA53: 1 | BB53: 1 | BC53: 1 | BD53: 市场无出单 | BE53: 市场无出单 | BF53: 未上架 | BG53: 未上架 | BH53: 2 | BI53: 10 | BJ53: 0 | BK53: 8 | BL53: 2 | BM53: 9 | BN53: 6 | BO53: 13 | BP53: 20 | BQ53: 27 | BR53: 未上架 | BS53: 未上架 | BT53: 未出单 | BU53: 未出单 | BV53: N | BW53: N | BX53: N | BY53: N | BZ53: N | CA53: N | CB53: N | CC53: N | CD53: 未上架 | CE53: 未上架 | CF53: 正常 | CG53: 异常 | CH53: 正常 | CI53: 异常 | CJ53: 正常 | CK53: 正常 | CL53: 正常 | CM53: 正常 | CN53: 正常 | CO53: 正常 | CP53: 未上架 | CQ53: 未上架 | CR53: 正常 | CS53: 正常 | CT53: 正常 | CU53: 正常 | CV53: 正常 | CW53: 正常 | CX53: 正常 | CY53: 正常 | CZ53: 正常 | DA53: 正常 | DB53: 未上架 | DC53: 未上架 | DD53: 未上架 | DE53: 无市场 | DF53: 无市场 | DG53: 正常 | DH53: 站外出单 | DI53: 正常 | DJ53: 正常 | DK53: 正常 | DL53: 正常 | DM53: 站外出单 | DN53: 站外出单 | DQ53: 未上架 | DR53: 无调整 | DS53: 无异常 | DT53: 无异常 | DU53: 无调整 | DV53: 无异常 | DW53: 无异常 | DX53: 无异常 | DY53: 无异常 | DZ53: 无异常 | EA53: N | EB53: N | EC53: N | ED53: N | EE53: N | EF53: N | EG53: N | EH53: 0 | EI53: 0 | EJ53: 0.02 | EK53: 0 | EL53: 0 | EM53: 0 | EN53: 0 | EO53: 0 | EP53: 0 | EQ53: 0
A54: 12398 | B54: LYAP-X2130-2 | C54: 46104 | D54: =IF(_xlfn.XLOOKUP(A54,[1]分配表!J:J,[1]分配表!M:M)=0,"未出单",_xlfn.XLOOKUP(A54,[1]分配表!J:J,[1]分配表!M:M)) -> 46114 | E54: =_xlfn.XLOOKUP(A54,[1]分配表!A:A,[1]分配表!C:C) -> 张潇 | F54: =IF(_xlfn.XLOOKUP($A54,[1]分配表!$A:$A,[1]分配表!D:D)=0,"未分类",_xlfn.XLOOKUP($A54,[1]分配表!$A:$A,[1]分配表!D:D)) -> 其他 | G54: =_xlfn.XLOOKUP(A54,[1]分配表!J:J,[1]分配表!I:I) -> 拓展品 | H54: 0 | I54: 0 | J54: 0 | K54: 0 | L54: 3 | M54: 1 | N54: 3 | O54: 1 | P54: 3 | Q54: 3 | R54: 1 | S54: 1 | T54: =IFERROR(S54-R54,S54) -> 0 | U54: 0 | V54: 0 | W54: 0 | X54: 0 | Y54: 147 | Z54: 49 | AA54: 147 | AB54: 49 | AC54: 147 | AD54: 147 | AE54: 49 | AF54: 49 | AG54: =IFERROR(AF54-AE54,AF54) -> 0 | AH54: 0 | AI54: 0 | AJ54: 0 | AK54: 0 | AL54: 0 | AM54: 1 | AN54: 1 | AO54: 0 | AP54: 0 | AQ54: 0 | AR54: 0 | AS54: 0 | AT54: 市场无出单 | AU54: 市场无出单 | AV54: 市场无出单 | AW54: 0 | AX54: 1 | AY54: 0.5 | AZ54: 0.8 | BA54: 1 | BB54: 1 | BC54: 1 | BD54: 1 | BE54: 1 | BF54: 未上架 | BG54: 未上架 | BH54: 1 | BI54: 9 | BJ54: 0 | BK54: 8 | BL54: 2 | BM54: 9 | BN54: 16 | BO54: 23 | BP54: 30 | BQ54: 37 | BR54: 未上架 | BS54: 未上架 | BT54: 未出单 | BU54: 未出单 | BV54: N | BW54: N | BX54: N | BY54: N | BZ54: N | CA54: N | CB54: N | CC54: N | CD54: 未上架 | CE54: 未上架 | CF54: 正常 | CG54: 异常 | CH54: 正常 | CI54: 异常 | CJ54: 正常 | CK54: 正常 | CL54: 正常 | CM54: 正常 | CN54: 正常 | CO54: 正常 | CP54: 未上架 | CQ54: 未上架 | CR54: 正常 | CS54: 正常 | CT54: 正常 | CU54: 正常 | CV54: 正常 | CW54: 正常 | CX54: 正常 | CY54: 正常 | CZ54: 正常 | DA54: 正常 | DB54: 未上架 | DC54: 未上架 | DD54: 未上架 | DE54: 无市场 | DF54: 无市场 | DG54: 正常 | DH54: 正常 | DI54: 正常 | DJ54: 正常 | DK54: 正常 | DL54: 正常 | DM54: 正常 | DN54: 正常 | DQ54: 未上架 | DR54: 无调整 | DS54: 无异常 | DT54: 无异常 | DU54: 无调整 | DV54: 无异常 | DW54: 无异常 | DX54: 无异常 | DY54: 无异常 | DZ54: 无异常 | EA54: N | EB54: N | EC54: N | ED54: N | EE54: N | EF54: N | EG54: N | EH54: 0 | EI54: 0 | EJ54: 0.02 | EK54: 0.02 | EL54: 0.02 | EM54: 0.02 | EN54: 0.02 | EO54: 0.02 | EP54: 1.04 | EQ54: 52.19
A55: 12357 | B55: LYAP-X2309 | C55: 46104 | D55: =IF(_xlfn.XLOOKUP(A55,[1]分配表!J:J,[1]分配表!M:M)=0,"未出单",_xlfn.XLOOKUP(A55,[1]分配表!J:J,[1]分配表!M:M)) -> 46104 | E55: =_xlfn.XLOOKUP(A55,[1]分配表!A:A,[1]分配表!C:C) -> 张潇 | F55: =IF(_xlfn.XLOOKUP($A55,[1]分配表!$A:$A,[1]分配表!D:D)=0,"未分类",_xlfn.XLOOKUP($A55,[1]分配表!$A:$A,[1]分配表!D:D)) -> 其他 | G55: =_xlfn.XLOOKUP(A55,[1]分配表!J:J,[1]分配表!I:I) -> 原开品 | H55: 0 | I55: 0 | J55: 1 | K55: 0 | L55: 1 | M55: 4 | N55: 0 | O55: 1 | P55: 1 | Q55: 3 | R55: 0 | S55: 1 | T55: =IFERROR(S55-R55,S55) -> 1 | U55: 0 | V55: 0 | W55: 110 | X55: 0 | Y55: 99 | Z55: 391.05 | AA55: 0 | AB55: 99 | AC55: 99 | AD55: 297 | AE55: 0 | AF55: 99 | AG55: =IFERROR(AF55-AE55,AF55) -> 99 | AH55: 0 | AI55: 0 | AJ55: 0 | AK55: 0 | AL55: 0 | AM55: 0 | AN55: 0 | AO55: 0 | AP55: 0 | AQ55: 0 | AR55: 0 | AS55: 0 | AT55: 市场无出单 | AU55: 市场无出单 | AV55: 1 | AW55: 0 | AX55: 1 | AY55: 1 | AZ55: 市场无出单 | BA55: 1 | BB55: 市场无出单 | BC55: 1 | BD55: 市场无出单 | BE55: 1 | BF55: 未上架 | BG55: 未上架 | BH55: 2 | BI55: 10 | BJ55: 0 | BK55: 6 | BL55: 12 | BM55: 2 | BN55: 9 | BO55: 16 | BP55: 23 | BQ55: 30 | BR55: 未上架 | BS55: 未上架 | BT55: Y | BU55: Y | BV55: Y | BW55: Y | BX55: Y | BY55: Y | BZ55: Y | CA55: Y | CB55: Y | CC55: Y | CD55: 未上架 | CE55: 未上架 | CF55: 正常 | CG55: 异常 | CH55: 正常 | CI55: 正常 | CJ55: 异常 | CK55: 正常 | CL55: 正常 | CM55: 正常 | CN55: 正常 | CO55: 正常 | CP55: 未上架 | CQ55: 未上架 | CR55: 正常 | CS55: 正常 | CT55: 正常 | CU55: 正常 | CV55: 正常 | CW55: 正常 | CX55: 正常 | CY55: 正常 | CZ55: 正常 | DA55: 正常 | DB55: 未上架 | DC55: 未上架 | DD55: 未上架 | DE55: 正常 | DF55: 站外出单 | DG55: 站外出单 | DH55: 正常 | DI55: 站外出单 | DJ55: 正常 | DK55: 无市场 | DL55: 正常 | DM55: 站外出单 | DN55: 正常 | DQ55: 未上架 | DR55: 降价测试-市场无对手 | DS55: 无异常 | DT55: 无异常 | DU55: 无异常 | DV55: 无调整 | DW55: 无异常 | DX55: 无异常 | DY55: 无异常 | DZ55: 无异常 | EA55: N | EB55: N | EC55: N | ED55: N | EE55: N | EF55: N | EG55: N | EH55: 0 | EI55: 0 | EJ55: 0.02 | EK55: 0.02 | EL55: 0.02 | EM55: 0.02 | EN55: 0.02 | EO55: 0.02 | EP55: 2.16 | EQ55: 108.16
A56: 12423 | B56: LYAP-X2313 | C56: 46104 | D56: =IF(_xlfn.XLOOKUP(A56,[1]分配表!J:J,[1]分配表!M:M)=0,"未出单",_xlfn.XLOOKUP(A56,[1]分配表!J:J,[1]分配表!M:M)) -> 46108 | E56: =_xlfn.XLOOKUP(A56,[1]分配表!A:A,[1]分配表!C:C) -> 张潇 | F56: =IF(_xlfn.XLOOKUP($A56,[1]分配表!$A:$A,[1]分配表!D:D)=0,"未分类",_xlfn.XLOOKUP($A56,[1]分配表!$A:$A,[1]分配表!D:D)) -> 其他 | G56: =_xlfn.XLOOKUP(A56,[1]分配表!J:J,[1]分配表!I:I) -> 原开品 | H56: 0 | I56: 0 | J56: 0 | K56: 1 | L56: 1 | M56: 1 | N56: 0 | O56: 0 | P56: 1 | Q56: 0 | R56: 0 | S56: 0 | T56: =IFERROR(S56-R56,S56) -> 0 | U56: 0 | V56: 0 | W56: 0 | X56: 58 | Y56: 58 | Z56: 58 | AA56: 0 | AB56: 0 | AC56: 58 | AD56: 0 | AE56: 0 | AF56: 0 | AG56: =IFERROR(AF56-AE56,AF56) -> 0 | AH56: 0 | AI56: 0 | AJ56: 0 | AK56: 0 | AL56: 0 | AM56: 0 | AN56: 0 | AO56: 0 | AP56: 0 | AQ56: 0 | AR56: 0 | AS56: 0 | AT56: 市场无出单 | AU56: 市场无出单 | AV56: 市场无出单 | AW56: 1 | AX56: 1 | AY56: 1 | AZ56: 1 | BA56: 市场无出单 | BB56: 1 | BC56: 市场无出单 | BD56: 市场无出单 | BE56: 市场无出单 | BF56: 未上架 | BG56: 未上架 | BH56: 1 | BI56: 9 | BJ56: 0 | BK56: 6 | BL56: 5 | BM56: 12 | BN56: 19 | BO56: 26 | BP56: 33 | BQ56: 40 | BR56: 未上架 | BS56: 未上架 | BT56: 未出单 | BU56: Y | BV56: Y | BW56: Y | BX56: Y | BY56: Y | BZ56: Y | CA56: Y | CB56: Y | CC56: Y | CD56: 未上架 | CE56: 未上架 | CF56: 正常 | CG56: 异常 | CH56: 正常 | CI56: 正常 | CJ56: 正常 | CK56: 正常 | CL56: 正常 | CM56: 正常 | CN56: 正常 | CO56: 正常 | CP56: 未上架 | CQ56: 未上架 | CR56: 正常 | CS56: 正常 | CT56: 正常 | CU56: 正常 | CV56: 正常 | CW56: 正常 | CX56: 正常 | CY56: 正常 | CZ56: 正常 | DA56: 正常 | DB56: 未上架 | DC56: 未上架 | DD56: 未上架 | DE56: 无市场 | DF56: 正常 | DG56: 正常 | DH56: 站外出单 | DI56: 正常 | DJ56: 无市场 | DK56: 正常 | DL56: 无市场 | DM56: 站外出单 | DN56: 站外出单 | DQ56: 未上架 | DR56: 广告-PLP | DS56: 无异常 | DT56: 无异常 | DU56: 无异常 | DV56: 无异常 | DW56: 无异常 | DX56: 无异常 | DY56: 无异常 | DZ56: 无异常 | EA56: N | EB56: N | EC56: N | ED56: N | EE56: N | EF56: N | EG56: N | EH56: 0 | EI56: 0 | EJ56: 0.02 | EK56: 0.02 | EL56: 0.02 | EM56: 0.02 | EN56: 0.02 | EO56: 0.02 | EP56: 0 | EQ56: 0
A57: 12387 | B57: LYAP-X2077 | C57: 46105 | D57: =IF(_xlfn.XLOOKUP(A57,[1]分配表!J:J,[1]分配表!M:M)=0,"未出单",_xlfn.XLOOKUP(A57,[1]分配表!J:J,[1]分配表!M:M)) -> 46125 | E57: =_xlfn.XLOOKUP(A57,[1]分配表!A:A,[1]分配表!C:C) -> 俞东旭 | F57: =IF(_xlfn.XLOOKUP($A57,[1]分配表!$A:$A,[1]分配表!D:D)=0,"未分类",_xlfn.XLOOKUP($A57,[1]分配表!$A:$A,[1]分配表!D:D)) -> 车身外扩件 | G57: =_xlfn.XLOOKUP(A57,[1]分配表!J:J,[1]分配表!I:I) -> 原开品 | H57: 0 | I57: 0 | J57: 0 | K57: 0 | L57: 0 | M57: 2 | N57: 0 | O57: 0 | P57: 2 | Q57: 0 | R57: 1 | S57: 0 | T57: =IFERROR(S57-R57,S57) -> -1 | U57: 0 | V57: 0 | W57: 0 | X57: 0 | Y57: 0 | Z57: 70 | AA57: 0 | AB57: 0 | AC57: 70 | AD57: 0 | AE57: 35 | AF57: 0 | AG57: =IFERROR(AF57-AE57,AF57) -> -35 | AH57: 0 | AI57: 0 | AJ57: 0 | AK57: 6 | AL57: 1 | AM57: 1 | AN57: 4 | AO57: 4 | AP57: 2 | AQ57: 2 | AR57: 1 | AS57: 3 | AT57: 市场无出单 | AU57: 市场无出单 | AV57: 市场无出单 | AW57: 0 | AX57: 0 | AY57: 0.66666667 | AZ57: 0 | BA57: 0 | BB57: 0.5 | BC57: 0 | BD57: 0.5 | BE57: 0 | BF57: 未上架 | BG57: 未上架 | BH57: 46106 | BI57: 5 | BJ57: 0 | BK57: 1 | BL57: 1 | BM57: 1 | BN57: 8 | BO57: 1 | BP57: 8 | BQ57: 15 | BR57: 未上架 | BS57: 未上架 | BT57: 未出单 | BU57: 未出单 | BV57: 未出单 | BW57: 未出单 | BX57: N | BY57: N | BZ57: N | CA57: N | CB57: N | CC57: N | CD57: 未上架 | CE57: 未上架 | CF57: 异常 | CG57: 正常 | CH57: 正常 | CI57: 正常 | CJ57: 正常 | CK57: 正常 | CL57: 异常 | CM57: 正常 | CN57: 异常 | CO57: 异常 | CP57: 未上架 | CQ57: 未上架 | CR57: 异常 | CS57: 正常 | CT57: 正常 | CU57: 正常 | CV57: 正常 | CW57: 正常 | CX57: 正常 | CY57: 正常 | CZ57: 正常 | DA57: 正常 | DB57: 未上架 | DC57: 未上架 | DD57: 未上架 | DE57: 无市场 | DF57: 竞争无优势 | DG57: 竞争无优势 | DH57: 竞争无优势 | DI57: 竞争无优势 | DJ57: 竞争无优势 | DK57: 竞争无优势 | DL57: 竞争无优势 | DM57: 竞争无优势 | DN57: 竞争无优势 | DQ57: 未上架 | DR57: 广告-PLP | DS57: 无异常 | DT57: 广告-PLG | DU57: 广告-PLP | DV57: 无异常 | DW57: 无异常 | DX57: 无调整 | DY57: 无异常 | DZ57: 链接优化 | EA57: Y | EB57: Y | EC57: Y | ED57: N | EE57: N | EF57: N | EG57: Y | EH57: 0 | EI57: 0 | EJ57: 0.02 | EK57: 0.025 | EL57: 0.025 | EM57: 0.025 | EN57: 0.025 | EO57: 0.025 | EP57: 0.94 | EQ57: 37.79
A58: 12388 | B58: LYAP-X2085 | C58: 46105 | D58: =IF(_xlfn.XLOOKUP(A58,[1]分配表!J:J,[1]分配表!M:M)=0,"未出单",_xlfn.XLOOKUP(A58,[1]分配表!J:J,[1]分配表!M:M)) -> 46125 | E58: =_xlfn.XLOOKUP(A58,[1]分配表!A:A,[1]分配表!C:C) -> 俞东旭 | F58: =IF(_xlfn.XLOOKUP($A58,[1]分配表!$A:$A,[1]分配表!D:D)=0,"未分类",_xlfn.XLOOKUP($A58,[1]分配表!$A:$A,[1]分配表!D:D)) -> 车身外扩件 | G58: =_xlfn.XLOOKUP(A58,[1]分配表!J:J,[1]分配表!I:I) -> 原开品 | H58: 0 | I58: 0 | J58: 0 | K58: 0 | L58: 0 | M58: 1 | N58: 0 | O58: 0 | P58: 0 | Q58: 0 | R58: 0 | S58: 0 | T58: =IFERROR(S58-R58,S58) -> 0 | U58: 0 | V58: 0 | W58: 0 | X58: 0 | Y58: 0 | Z58: 35 | AA58: 0 | AB58: 0 | AC58: 0 | AD58: 0 | AE58: 0 | AF58: 0 | AG58: =IFERROR(AF58-AE58,AF58) -> 0 | AH58: 0 | AI58: 0 | AJ58: 0 | AK58: 0 | AL58: 4 | AM58: 2 | AN58: 1 | AO58: 1 | AP58: 2 | AQ58: 1 | AR58: 3 | AS58: 3 | AT58: 市场无出单 | AU58: 市场无出单 | AV58: 市场无出单 | AW58: 0 | AX58: 0 | AY58: 0.33333333 | AZ58: 0 | BA58: 0 | BB58: 0 | BC58: 0 | BD58: 0 | BE58: 0 | BF58: 未上架 | BG58: 未上架 | BH58: 46106 | BI58: 5 | BJ58: 0 | BK58: 1 | BL58: 1 | BM58: 8 | BN58: 0 | BO58: 0 | BP58: 7 | BQ58: 14 | BR58: 未上架 | BS58: 未上架 | BT58: 未出单 | BU58: 未出单 | BV58: 未出单 | BW58: 未出单 | BX58: N | BY58: N | BZ58: N | CA58: N | CB58: N | CC58: N | CD58: 未上架 | CE58: 未上架 | CF58: 异常 | CG58: 正常 | CH58: 正常 | CI58: 正常 | CJ58: 正常 | CK58: 异常 | CL58: 正常 | CM58: 正常 | CN58: 异常 | CO58: 异常 | CP58: 未上架 | CQ58: 未上架 | CR58: 异常 | CS58: 正常 | CT58: 正常 | CU58: 正常 | CV58: 正常 | CW58: 正常 | CX58: 正常 | CY58: 正常 | CZ58: 正常 | DA58: 正常 | DB58: 未上架 | DC58: 未上架 | DD58: 未上架 | DE58: 无市场 | DF58: 竞争无优势 | DG58: 竞争无优势 | DH58: 竞争无优势 | DI58: 竞争无优势 | DJ58: 竞争无优势 | DK58: 竞争无优势 | DL58: 竞争无优势 | DM58: 竞争无优势 | DN58: 竞争无优势 | DQ58: 未上架 | DR58: 广告-PLP | DS58: 无异常 | DT58: 广告-PLG | DU58: 广告-PLP | DV58: 无异常 | DW58: 广告-PLP | DX58: 无异常 | DY58: 无异常 | DZ58: 广告-PLG | EA58: Y | EB58: Y | EC58: Y | ED58: N | EE58: N | EF58: N | EG58: Y | EH58: 0 | EI58: 0 | EJ58: 0.02 | EK58: 0 | EL58: 0.025 | EM58: 0.025 | EN58: 0.025 | EO58: 0.03 | EP58: 0 | EQ58: 0
A59: 12474 | B59: LYAP-838 | C59: 46108 | D59: =IF(_xlfn.XLOOKUP(A59,[1]分配表!J:J,[1]分配表!M:M)=0,"未出单",_xlfn.XLOOKUP(A59,[1]分配表!J:J,[1]分配表!M:M)) -> 46116 | E59: =_xlfn.XLOOKUP(A59,[1]分配表!A:A,[1]分配表!C:C) -> 张潇 | F59: =IF(_xlfn.XLOOKUP($A59,[1]分配表!$A:$A,[1]分配表!D:D)=0,"未分类",_xlfn.XLOOKUP($A59,[1]分配表!$A:$A,[1]分配表!D:D)) -> 饰条 | G59: =_xlfn.XLOOKUP(A59,[1]分配表!J:J,[1]分配表!I:I) -> 拓展品 | H59: 0 | I59: 0 | J59: 0 | K59: 0 | L59: 1 | M59: 6 | N59: 1 | O59: 6 | P59: 2 | Q59: 1 | R59: 4 | S59: 1 | T59: =IFERROR(S59-R59,S59) -> -3 | U59: 0 | V59: 0 | W59: 0 | X59: 0 | Y59: 95 | Z59: 513 | AA59: 85.5 | AB59: 513 | AC59: 171 | AD59: 85.5 | AE59: 342 | AF59: 85.5 | AG59: =IFERROR(AF59-AE59,AF59) -> -256.5 | AH59: 0 | AI59: 0 | AJ59: 0 | AK59: 0 | AL59: 1 | AM59: 0 | AN59: 0 | AO59: 0 | AP59: 0 | AQ59: 0 | AR59: 0 | AS59: 0 | AT59: 市场无出单 | AU59: 市场无出单 | AV59: 市场无出单 | AW59: 0 | AX59: 0.5 | AY59: 1 | AZ59: 1 | BA59: 1 | BB59: 1 | BC59: 1 | BD59: 1 | BE59: 1 | BF59: 未上架 | BG59: 未上架 | BH59: 未上架 | BI59: 5 | BJ59: 0 | BK59: 3 | BL59: 2 | BM59: 2 | BN59: 9 | BO59: 16 | BP59: 5 | BQ59: 12 | BR59: 未上架 | BS59: 未上架 | BT59: 未上架 | BU59: 未出单 | BV59: Y | BW59: Y | BX59: Y | BY59: Y | BZ59: Y | CA59: Y | CB59: Y | CC59: Y | CD59: 未上架 | CE59: 未上架 | CF59: 未上架 | CG59: 正常 | CH59: 正常 | CI59: 正常 | CJ59: 正常 | CK59: 正常 | CL59: 正常 | CM59: 正常 | CN59: 正常 | CO59: 正常 | CP59: 未上架 | CQ59: 未上架 | CR59: 未上架 | CS59: 异常 | CT59: 正常 | CU59: 正常 | CV59: 正常 | CW59: 正常 | CX59: 正常 | CY59: 正常 | CZ59: 正常 | DA59: 正常 | DB59: 未上架 | DC59: 未上架 | DD59: 未上架 | DE59: 未上架 | DF59: 无市场 | DG59: 竞争无优势 | DH59: 正常 | DI59: 正常 | DJ59: 正常 | DK59: 正常 | DL59: 正常 | DM59: 正常 | DN59: 正常 | DQ59: 未上架 | DR59: 降价测试-市场无对手 | DS59: 无异常 | DT59: 无异常 | DU59: 无异常 | DV59: 无异常 | DW59: 无异常 | DX59: 无异常 | DY59: 无异常 | DZ59: 无异常 | EA59: Y | EB59: Y | EC59: Y | ED59: Y | EE59: Y | EF59: Y | EG59: Y | EH59: 7.23 | EI59: 185.11 | EJ59: 0.02 | EK59: 0.02 | EL59: 0 | EM59: 0.02 | EN59: 0.02 | EO59: 0.02 | EP59: 0 | EQ59: 0
A60: 12429 | B60: LYAP-X1665-2L | C60: 46108 | D60: =IF(_xlfn.XLOOKUP(A60,[1]分配表!J:J,[1]分配表!M:M)=0,"未出单",_xlfn.XLOOKUP(A60,[1]分配表!J:J,[1]分配表!M:M)) -> 46111 | E60: =_xlfn.XLOOKUP(A60,[1]分配表!A:A,[1]分配表!C:C) -> 俞东旭 | F60: =IF(_xlfn.XLOOKUP($A60,[1]分配表!$A:$A,[1]分配表!D:D)=0,"未分类",_xlfn.XLOOKUP($A60,[1]分配表!$A:$A,[1]分配表!D:D)) -> 车门系统 | G60: =_xlfn.XLOOKUP(A60,[1]分配表!J:J,[1]分配表!I:I) -> 拓展品 | H60: 0 | I60: 0 | J60: 0 | K60: 1 | L60: 0 | M60: 0 | N60: 0 | O60: 0 | P60: 2 | Q60: 0 | R60: 0 | S60: 1 | T60: =IFERROR(S60-R60,S60) -> 1 | U60: 0 | V60: 0 | W60: 0 | X60: 160 | Y60: 0 | Z60: 0 | AA60: 0 | AB60: 0 | AC60: 510 | AD60: 0 | AE60: 0 | AF60: 255 | AG60: =IFERROR(AF60-AE60,AF60) -> 255 | AH60: 0 | AI60: 0 | AJ60: 0 | AK60: 0 | AL60: 0 | AM60: 0 | AN60: 0 | AO60: 0 | AP60: 0 | AQ60: 0 | AR60: 0 | AS60: 0 | AT60: 市场无出单 | AU60: 市场无出单 | AV60: 市场无出单 | AW60: 1 | AX60: 0 | AY60: 0 | AZ60: 市场无出单 | BA60: 市场无出单 | BB60: 1 | BC60: 1 | BD60: 市场无出单 | BE60: 1 | BF60: 未上架 | BG60: 未上架 | BH60: 未上架 | BI60: 5 | BJ60: 0 | BK60: 8 | BL60: 1 | BM60: 5 | BN60: 12 | BO60: 19 | BP60: 26 | BQ60: 33 | BR60: 未上架 | BS60: 未上架 | BT60: 未上架 | BU60: Y | BV60: Y | BW60: Y | BX60: Y | BY60: Y | BZ60: Y | CA60: Y | CB60: Y | CC60: Y | CD60: 未上架 | CE60: 未上架 | CF60: 未上架 | CG60: 正常 | CH60: 正常 | CI60: 异常 | CJ60: 正常 | CK60: 正常 | CL60: 正常 | CM60: 正常 | CN60: 正常 | CO60: 正常 | CP60: 未上架 | CQ60: 未上架 | CR60: 未上架 | CS60: 异常 | CT60: 正常 | CU60: 正常 | CV60: 正常 | CW60: 正常 | CX60: 正常 | CY60: 正常 | CZ60: 正常 | DA60: 正常 | DB60: 未上架 | DC60: 未上架 | DD60: 未上架 | DE60: 未上架 | DF60: 正常 | DG60: 站外出单 | DH60: 站外出单 | DI60: 站外出单 | DJ60: 站外出单 | DK60: 正常 | DL60: 正常 | DM60: 无市场 | DN60: 正常 | DQ60: 未上架 | DR60: 无调整 | DS60: 无异常 | DT60: 无异常 | DU60: 无调整 | DV60: 无异常 | DW60: 无异常 | DX60: 无异常 | DY60: 无异常 | DZ60: 无异常 | EA60: N | EB60: N | EC60: N | ED60: N | EE60: N | EF60: N | EG60: N | EH60: 0 | EI60: 0 | EJ60: 0.02 | EK60: 0 | EL60: 0 | EM60: 0 | EN60: 0 | EO60: 0 | EP60: 0 | EQ60: 0
A61: 12424 | B61: LYAP-X1665-2R | C61: 46108 | D61: =IF(_xlfn.XLOOKUP(A61,[1]分配表!J:J,[1]分配表!M:M)=0,"未出单",_xlfn.XLOOKUP(A61,[1]分配表!J:J,[1]分配表!M:M)) -> 未出单 | E61: =_xlfn.XLOOKUP(A61,[1]分配表!A:A,[1]分配表!C:C) -> 俞东旭 | F61: =IF(_xlfn.XLOOKUP($A61,[1]分配表!$A:$A,[1]分配表!D:D)=0,"未分类",_xlfn.XLOOKUP($A61,[1]分配表!$A:$A,[1]分配表!D:D)) -> 车门系统 | G61: =_xlfn.XLOOKUP(A61,[1]分配表!J:J,[1]分配表!I:I) -> 拓展品 | H61: 0 | I61: 0 | J61: 0 | K61: 0 | L61: 0 | M61: 0 | N61: 0 | O61: 0 | P61: 0 | Q61: 0 | R61: 0 | S61: 0 | T61: =IFERROR(S61-R61,S61) -> 0 | U61: 0 | V61: 0 | W61: 0 | X61: 0 | Y61: 0 | Z61: 0 | AA61: 0 | AB61: 0 | AC61: 0 | AD61: 0 | AE61: 0 | AF61: 0 | AG61: =IFERROR(AF61-AE61,AF61) -> 0 | AH61: 0 | AI61: 0 | AJ61: 0 | AK61: 0 | AL61: 0 | AM61: 0 | AN61: 0 | AO61: 0 | AP61: 0 | AQ61: 0 | AR61: 0 | AS61: 0 | AT61: 市场无出单 | AU61: 市场无出单 | AV61: 市场无出单 | AW61: 0 | AX61: 0 | AY61: 0 | AZ61: 市场无出单 | BA61: 市场无出单 | BB61: 市场无出单 | BC61: 市场无出单 | BD61: 市场无出单 | BE61: 市场无出单 | BF61: 未上架 | BG61: 未上架 | BH61: 未上架 | BI61: 5 | BJ61: 0 | BK61: 1 | BL61: 1 | BM61: 1 | BN61: 0 | BO61: 1 | BP61: 2 | BQ61: 9 | BR61: 未上架 | BS61: 未上架 | BT61: 未上架 | BU61: 未出单 | BV61: 未出单 | BW61: 未出单 | BX61: 未出单 | BY61: 未出单 | BZ61: 未出单 | CA61: 未出单 | CB61: 未出单 | CC61: 未出单 | CD61: 未上架 | CE61: 未上架 | CF61: 未上架 | CG61: 正常 | CH61: 正常 | CI61: 正常 | CJ61: 正常 | CK61: 正常 | CL61: 正常 | CM61: 正常 | CN61: 正常 | CO61: 正常 | CP61: 未上架 | CQ61: 未上架 | CR61: 未上架 | CS61: 异常 | CT61: 正常 | CU61: 正常 | CV61: 正常 | CW61: 正常 | CX61: 正常 | CY61: 正常 | CZ61: 正常 | DA61: 正常 | DB61: 未上架 | DC61: 未上架 | DD61: 未上架 | DE61: 未上架 | DF61: 无市场 | DG61: 站外出单 | DH61: 无市场 | DI61: 无市场 | DJ61: 无市场 | DK61: 无市场 | DL61: 无市场 | DM61: 无市场 | DN61: 无市场 | DQ61: 未上架 | DR61: 无调整 | DS61: 无异常 | DT61: 降价测试-市场无对手 | DU61: 广告-PLG | DV61: 广告-PLP | DW61: 广告-PLP | DX61: 广告-PLP | DY61: 本期不分析 | DZ61: 广告-PLP | EA61: N | EB61: N | EC61: Y | ED61: Y | EE61: Y | EF61: Y | EG61: Y | EH61: 0 | EI61: 0 | EJ61: 0.02 | EK61: 0.02 | EL61: 0.02 | EM61: 0.02 | EN61: 0.02 | EO61: 0.02 | EP61: 0 | EQ61: 0
A62: 12386 | B62: LYAP-X1788-BN | C62: 46108 | D62: =IF(_xlfn.XLOOKUP(A62,[1]分配表!J:J,[1]分配表!M:M)=0,"未出单",_xlfn.XLOOKUP(A62,[1]分配表!J:J,[1]分配表!M:M)) -> 46123 | E62: =_xlfn.XLOOKUP(A62,[1]分配表!A:A,[1]分配表!C:C) -> 俞东旭 | F62: =IF(_xlfn.XLOOKUP($A62,[1]分配表!$A:$A,[1]分配表!D:D)=0,"未分类",_xlfn.XLOOKUP($A62,[1]分配表!$A:$A,[1]分配表!D:D)) -> 车门系统 | G62: =_xlfn.XLOOKUP(A62,[1]分配表!J:J,[1]分配表!I:I) -> 拓展品 | H62: 0 | I62: 0 | J62: 0 | K62: 0 | L62: 0 | M62: 1 | N62: 0 | O62: 0 | P62: 1 | Q62: 3 | R62: 0 | S62: 1 | T62: =IFERROR(S62-R62,S62) -> 1 | U62: 0 | V62: 0 | W62: 0 | X62: 0 | Y62: 0 | Z62: 30.59 | AA62: 0 | AB62: 0 | AC62: 30.59 | AD62: 91.77 | AE62: 0 | AF62: 29.99 | AG62: =IFERROR(AF62-AE62,AF62) -> 29.99 | AH62: 0 | AI62: 0 | AJ62: 0 | AK62: 3 | AL62: 6 | AM62: 6 | AN62: 6 | AO62: 9 | AP62: 2 | AQ62: 8 | AR62: 3 | AS62: 3 | AT62: 市场无出单 | AU62: 市场无出单 | AV62: 市场无出单 | AW62: 0 | AX62: 0 | AY62: 0.14285714 | AZ62: 0 | BA62: 0 | BB62: 0.3333 | BC62: 0.2 | BD62: 0.25 | BE62: 0.25 | BF62: 未上架 | BG62: 未上架 | BH62: 未上架 | BI62: 5 | BJ62: 1 | BK62: 2 | BL62: 1 | BM62: 8 | BN62: 0 | BO62: 0 | BP62: 7 | BQ62: 14 | BR62: 未上架 | BS62: 未上架 | BT62: 未上架 | BU62: 未出单 | BV62: 未出单 | BW62: 未出单 | BX62: N | BY62: N | BZ62: N | CA62: N | CB62: N | CC62: N | CD62: 未上架 | CE62: 未上架 | CF62: 未上架 | CG62: 正常 | CH62: 正常 | CI62: 正常 | CJ62: 正常 | CK62: 异常 | CL62: 正常 | CM62: 正常 | CN62: 异常 | CO62: 异常 | CP62: 未上架 | CQ62: 未上架 | CR62: 未上架 | CS62: 异常 | CT62: 正常 | CU62: 正常 | CV62: 正常 | CW62: 正常 | CX62: 正常 | CY62: 正常 | CZ62: 正常 | DA62: 正常 | DB62: 未上架 | DC62: 未上架 | DD62: 未上架 | DE62: 未上架 | DF62: 竞争无优势 | DG62: 竞争无优势 | DH62: 竞争无优势 | DI62: 竞争无优势 | DJ62: 竞争无优势 | DK62: 竞争无优势 | DL62: 竞争无优势 | DM62: 竞争无优势 | DN62: 竞争无优势 | DQ62: 未上架 | DR62: 无调整 | DS62: 无异常 | DT62: 无调整 | DU62: 广告-PLG | DV62: 无异常 | DW62: 广告-PLG | DX62: 无异常 | DY62: 无异常 | DZ62: 广告-PLG | EA62: N | EB62: N | EC62: N | ED62: N | EE62: N | EF62: N | EG62: N | EH62: 0 | EI62: 0 | EJ62: 0.02 | EK62: 0.03 | EL62: 0.03 | EM62: 0.03 | EN62: 0.035 | EO62: 0.035 | EP62: 1.15 | EQ62: 32.91
A63: 12426 | B63: LYAP-X2215 | C63: 46108 | D63: =IF(_xlfn.XLOOKUP(A63,[1]分配表!J:J,[1]分配表!M:M)=0,"未出单",_xlfn.XLOOKUP(A63,[1]分配表!J:J,[1]分配表!M:M)) -> 46115 | E63: =_xlfn.XLOOKUP(A63,[1]分配表!A:A,[1]分配表!C:C) -> 胡煜星 | F63: =IF(_xlfn.XLOOKUP($A63,[1]分配表!$A:$A,[1]分配表!D:D)=0,"未分类",_xlfn.XLOOKUP($A63,[1]分配表!$A:$A,[1]分配表!D:D)) -> 车门系统 | G63: =_xlfn.XLOOKUP(A63,[1]分配表!J:J,[1]分配表!I:I) -> 原开品 | H63: 0 | I63: 0 | J63: 0 | K63: 0 | L63: 2 | M63: 3 | N63: 4 | O63: 6 | P63: 5 | Q63: 6 | R63: 6 | S63: 5 | T63: =IFERROR(S63-R63,S63) -> -1 | U63: 0 | V63: 0 | W63: 0 | X63: 0 | Y63: 130 | Z63: 195 | AA63: 260 | AB63: 383.5 | AC63: 325 | AD63: 390 | AE63: 390 | AF63: 325 | AG63: =IFERROR(AF63-AE63,AF63) -> -65 | AH63: 0 | AI63: 0 | AJ63: 0 | AK63: 1 | AL63: 0 | AM63: 0 | AN63: 0 | AO63: 0 | AP63: 0 | AQ63: 0 | AR63: 0 | AS63: 0 | AT63: 市场无出单 | AU63: 市场无出单 | AV63: 市场无出单 | AW63: 0 | AX63: 1 | AY63: 1 | AZ63: 1 | BA63: 1 | BB63: 1 | BC63: 1 | BD63: 1 | BE63: 1 | BF63: 未上架 | BG63: 未上架 | BH63: 未上架 | BI63: 0 | BJ63: 6 | BK63: 14 | BL63: 5 | BM63: 12 | BN63: 19 | BO63: 26 | BP63: 33 | BQ63: 40 | BR63: 未上架 | BS63: 未上架 | BT63: 未上架 | BU63: 未出单 | BV63: Y | BW63: Y | BX63: Y | BY63: Y | BZ63: Y | CA63: Y | CB63: Y | CC63: Y | CD63: 未上架 | CE63: 未上架 | CF63: 未上架 | CG63: 正常 | CH63: 正常 | CI63: 异常 | CJ63: 正常 | CK63: 正常 | CL63: 正常 | CM63: 正常 | CN63: 正常 | CO63: 正常 | CP63: 未上架 | CQ63: 未上架 | CR63: 未上架 | CS63: 正常 | CT63: 正常 | CU63: 正常 | CV63: 正常 | CW63: 正常 | CX63: 正常 | CY63: 正常 | CZ63: 正常 | DA63: 正常 | DB63: 未上架 | DC63: 未上架 | DD63: 未上架 | DE63: 未上架 | DF63: 无市场 | DG63: 正常 | DH63: 正常 | DI63: 正常 | DJ63: 正常 | DK63: 正常 | DL63: 正常 | DM63: 正常 | DN63: 正常 | DQ63: 未上架 | DR63: 无异常 | DS63: 无异常 | DT63: 无异常 | DU63: 无调整 | DV63: 无异常 | DW63: 无异常 | DX63: 无异常 | DY63: 无异常 | DZ63: 无异常 | EA63: N | EB63: N | EC63: N | ED63: N | EE63: N | EF63: N | EG63: N | EH63: 0 | EI63: 0 | EJ63: 0.02 | EK63: 0.02 | EL63: 0.02 | EM63: 0.02 | EN63: 0.02 | EO63: 0.02 | EP63: 6.89 | EQ63: 344.4
A64: 12483 | B64: LYAP-X2310 | C64: 46108 | D64: =IF(_xlfn.XLOOKUP(A64,[1]分配表!J:J,[1]分配表!M:M)=0,"未出单",_xlfn.XLOOKUP(A64,[1]分配表!J:J,[1]分配表!M:M)) -> 46111 | E64: =_xlfn.XLOOKUP(A64,[1]分配表!A:A,[1]分配表!C:C) -> 胡煜星 | F64: =IF(_xlfn.XLOOKUP($A64,[1]分配表!$A:$A,[1]分配表!D:D)=0,"未分类",_xlfn.XLOOKUP($A64,[1]分配表!$A:$A,[1]分配表!D:D)) -> 其他 | G64: =_xlfn.XLOOKUP(A64,[1]分配表!J:J,[1]分配表!I:I) -> 原开品 | H64: 0 | I64: 0 | J64: 0 | K64: 3 | L64: 0 | M64: 3 | N64: 1 | O64: 3 | P64: 2 | Q64: 1 | R64: 3 | S64: 1 | T64: =IFERROR(S64-R64,S64) -> -2 | U64: 0 | V64: 0 | W64: 0 | X64: 351 | Y64: 0 | Z64: 351 | AA64: 117 | AB64: 362.7 | AC64: 257.4 | AD64: 117 | AE64: 362.7 | AF64: 117 | AG64: =IFERROR(AF64-AE64,AF64) -> -245.7 | AH64: 0 | AI64: 0 | AJ64: 0 | AK64: 0 | AL64: 0 | AM64: 0 | AN64: 0 | AO64: 0 | AP64: 0 | AQ64: 0 | AR64: 0 | AS64: 0 | AT64: 市场无出单 | AU64: 市场无出单 | AV64: 市场无出单 | AW64: 1 | AX64: 0 | AY64: 1 | AZ64: 1 | BA64: 1 | BB64: 1 | BC64: 市场无出单 | BD64: 1 | BE64: 1 | BF64: 未上架 | BG64: 未上架 | BH64: 未上架 | BI64: 0 | BJ64: 6 | BK64: 14 | BL64: 5 | BM64: 12 | BN64: 19 | BO64: 5 | BP64: 5 | BQ64: 12 | BR64: 未上架 | BS64: 未上架 | BT64: 未上架 | BU64: Y | BV64: Y | BW64: Y | BX64: Y | BY64: Y | BZ64: Y | CA64: Y | CB64: Y | CC64: Y | CD64: 未上架 | CE64: 未上架 | CF64: 未上架 | CG64: 正常 | CH64: 正常 | CI64: 异常 | CJ64: 正常 | CK64: 正常 | CL64: 正常 | CM64: 正常 | CN64: 正常 | CO64: 正常 | CP64: 未上架 | CQ64: 未上架 | CR64: 未上架 | CS64: 正常 | CT64: 正常 | CU64: 正常 | CV64: 正常 | CW64: 正常 | CX64: 正常 | CY64: 正常 | CZ64: 正常 | DA64: 正常 | DB64: 未上架 | DC64: 未上架 | DD64: 未上架 | DE64: 未上架 | DF64: 正常 | DG64: 正常 | DH64: 正常 | DI64: 正常 | DJ64: 正常 | DK64: 正常 | DL64: 站外出单 | DM64: 正常 | DN64: 正常 | DQ64: 未上架 | DR64: 无异常 | DS64: 无异常 | DT64: 无异常 | DU64: 无调整 | DV64: 无异常 | DW64: 无异常 | DX64: 无异常 | DY64: 无异常 | DZ64: 无异常 | EA64: N | EB64: N | EC64: Y | ED64: Y | EE64: Y | EF64: Y | EG64: Y | EH64: 1.49 | EI64: 0 | EJ64: 0.02 | EK64: 0.02 | EL64: 0 | EM64: 0.02 | EN64: 0 | EO64: 0 | EP64: 0 | EQ64: 0
A65: 12484 | B65: LYAP-X2317 | C65: 46108 | D65: =IF(_xlfn.XLOOKUP(A65,[1]分配表!J:J,[1]分配表!M:M)=0,"未出单",_xlfn.XLOOKUP(A65,[1]分配表!J:J,[1]分配表!M:M)) -> 46111 | E65: =_xlfn.XLOOKUP(A65,[1]分配表!A:A,[1]分配表!C:C) -> 胡煜星 | F65: =IF(_xlfn.XLOOKUP($A65,[1]分配表!$A:$A,[1]分配表!D:D)=0,"未分类",_xlfn.XLOOKUP($A65,[1]分配表!$A:$A,[1]分配表!D:D)) -> 其他 | G65: =_xlfn.XLOOKUP(A65,[1]分配表!J:J,[1]分配表!I:I) -> 原开品 | H65: 0 | I65: 0 | J65: 0 | K65: 1 | L65: 1 | M65: 1 | N65: 7 | O65: 2 | P65: 2 | Q65: 1 | R65: 3 | S65: 5 | T65: =IFERROR(S65-R65,S65) -> 2 | U65: 0 | V65: 0 | W65: 0 | X65: 110 | Y65: 110 | Z65: 110 | AA65: 768.5 | AB65: 222 | AC65: 232 | AD65: 110 | AE65: 348 | AF65: 582.2 | AG65: =IFERROR(AF65-AE65,AF65) -> 234.2 | AH65: 0 | AI65: 0 | AJ65: 0 | AK65: 0 | AL65: 0 | AM65: 0 | AN65: 0 | AO65: 0 | AP65: 0 | AQ65: 2 | AR65: 1 | AS65: 0 | AT65: 市场无出单 | AU65: 市场无出单 | AV65: 市场无出单 | AW65: 1 | AX65: 1 | AY65: 1 | AZ65: 1 | BA65: 1 | BB65: 1 | BC65: 0.3333 | BD65: 0.6667 | BE65: 1 | BF65: 未上架 | BG65: 未上架 | BH65: 未上架 | BI65: 0 | BJ65: 6 | BK65: 14 | BL65: 5 | BM65: 4 | BN65: 11 | BO65: 0 | BP65: 5 | BQ65: 12 | BR65: 未上架 | BS65: 未上架 | BT65: 未上架 | BU65: Y | BV65: Y | BW65: Y | BX65: Y | BY65: Y | BZ65: Y | CA65: Y | CB65: Y | CC65: Y | CD65: 未上架 | CE65: 未上架 | CF65: 未上架 | CG65: 正常 | CH65: 正常 | CI65: 异常 | CJ65: 正常 | CK65: 正常 | CL65: 正常 | CM65: 正常 | CN65: 正常 | CO65: 正常 | CP65: 未上架 | CQ65: 未上架 | CR65: 未上架 | CS65: 正常 | CT65: 正常 | CU65: 正常 | CV65: 正常 | CW65: 正常 | CX65: 正常 | CY65: 正常 | CZ65: 正常 | DA65: 正常 | DB65: 未上架 | DC65: 未上架 | DD65: 未上架 | DE65: 未上架 | DF65: 正常 | DG65: 正常 | DH65: 正常 | DI65: 正常 | DJ65: 正常 | DK65: 正常 | DL65: 竞争无优势 | DM65: 竞争无优势 | DN65: 正常 | DQ65: 未上架 | DR65: 无异常 | DS65: 无异常 | DT65: 无异常 | DU65: 广告-PLG | DV65: 无异常 | DW65: 无异常 | DX65: 无异常 | DY65: 无异常 | DZ65: 无异常 | EA65: N | EB65: N | EC65: Y | ED65: Y | EE65: Y | EF65: Y | EG65: Y | EH65: 1.82 | EI65: 116 | EJ65: 0.02 | EK65: 0.02 | EL65: 0 | EM65: 0.02 | EN65: 0 | EO65: 0 | EP65: 0 | EQ65: 0
A66: 12414 | B66: LYAP-X1665-1L | C66: 46108 | D66: =IF(_xlfn.XLOOKUP(A66,[1]分配表!J:J,[1]分配表!M:M)=0,"未出单",_xlfn.XLOOKUP(A66,[1]分配表!J:J,[1]分配表!M:M)) -> 46156 | E66: =_xlfn.XLOOKUP(A66,[1]分配表!A:A,[1]分配表!C:C) -> 俞东旭 | F66: =IF(_xlfn.XLOOKUP($A66,[1]分配表!$A:$A,[1]分配表!D:D)=0,"未分类",_xlfn.XLOOKUP($A66,[1]分配表!$A:$A,[1]分配表!D:D)) -> 车门系统 | G66: =_xlfn.XLOOKUP(A66,[1]分配表!J:J,[1]分配表!I:I) -> 拓展品 | H66: 0 | I66: 0 | J66: 0 | K66: 0 | L66: 0 | M66: 0 | N66: 0 | O66: 0 | P66: 0 | Q66: 0 | R66: 1 | S66: 0 | T66: =IFERROR(S66-R66,S66) -> -1 | U66: 0 | V66: 0 | W66: 0 | X66: 0 | Y66: 0 | Z66: 0 | AA66: 0 | AB66: 0 | AC66: 0 | AD66: 0 | AE66: 250 | AF66: 0 | AG66: =IFERROR(AF66-AE66,AF66) -> -250 | AH66: 0 | AI66: 0 | AJ66: 0 | AK66: 0 | AL66: 0 | AM66: 0 | AN66: 0 | AO66: 0 | AP66: 0 | AQ66: 0 | AR66: 0 | AS66: 0 | AT66: 市场无出单 | AU66: 市场无出单 | AV66: 市场无出单 | AW66: 0 | AX66: 0 | AY66: 0 | AZ66: 市场无出单 | BA66: 市场无出单 | BB66: 市场无出单 | BC66: 市场无出单 | BD66: 1 | BE66: 市场无出单 | BF66: 未上架 | BG66: 未上架 | BH66: 未上架 | BI66: 5 | BJ66: 0 | BK66: 1 | BL66: 1 | BM66: 1 | BN66: 0 | BO66: 1 | BP66: 8 | BQ66: 15 | BR66: 未上架 | BS66: 未上架 | BT66: 未上架 | BU66: 未出单 | BV66: 未出单 | BW66: 未出单 | BX66: 未出单 | BY66: 未出单 | BZ66: 未出单 | CA66: 未出单 | CB66: N | CC66: N | CD66: 未上架 | CE66: 未上架 | CF66: 未上架 | CG66: 正常 | CH66: 正常 | CI66: 正常 | CJ66: 正常 | CK66: 正常 | CL66: 正常 | CM66: 正常 | CN66: 正常 | CO66: 正常 | CP66: 未上架 | CQ66: 未上架 | CR66: 未上架 | CS66: 异常 | CT66: 正常 | CU66: 正常 | CV66: 正常 | CW66: 正常 | CX66: 正常 | CY66: 正常 | CZ66: 正常 | DA66: 正常 | DB66: 未上架 | DC66: 未上架 | DD66: 未上架 | DE66: 未上架 | DF66: 无市场 | DG66: 无市场 | DH66: 无市场 | DI66: 无市场 | DJ66: 无市场 | DK66: 无市场 | DL66: 站外出单 | DM66: 正常 | DN66: 无市场 | DQ66: 未上架 | DR66: 无调整 | DS66: 无异常 | DT66: 广告-PLG | DU66: 无调整 | DV66: 广告-PLP | DW66: 广告-PLP | DX66: 广告-PLP | DY66: 本期不分析 | DZ66: 无异常 | EA66: N | EB66: Y | EC66: Y | ED66: Y | EE66: Y | EF66: Y | EG66: Y | EH66: 0 | EI66: 0 | EJ66: 0.025 | EK66: 0 | EL66: 0 | EM66: 0 | EN66: 0.02 | EO66: 0.02 | EP66: 0 | EQ66: 0
A67: 12422 | B67: LYAP-X1665-1R | C67: 46108 | D67: =IF(_xlfn.XLOOKUP(A67,[1]分配表!J:J,[1]分配表!M:M)=0,"未出单",_xlfn.XLOOKUP(A67,[1]分配表!J:J,[1]分配表!M:M)) -> 46141 | E67: =_xlfn.XLOOKUP(A67,[1]分配表!A:A,[1]分配表!C:C) -> 俞东旭 | F67: =IF(_xlfn.XLOOKUP($A67,[1]分配表!$A:$A,[1]分配表!D:D)=0,"未分类",_xlfn.XLOOKUP($A67,[1]分配表!$A:$A,[1]分配表!D:D)) -> 车门系统 | G67: =_xlfn.XLOOKUP(A67,[1]分配表!J:J,[1]分配表!I:I) -> 拓展品 | H67: 0 | I67: 0 | J67: 0 | K67: 0 | L67: 0 | M67: 0 | N67: 0 | O67: 1 | P67: 0 | Q67: 0 | R67: 0 | S67: 0 | T67: =IFERROR(S67-R67,S67) -> 0 | U67: 0 | V67: 0 | W67: 0 | X67: 0 | Y67: 0 | Z67: 0 | AA67: 0 | AB67: 250 | AC67: 0 | AD67: 0 | AE67: 0 | AF67: 0 | AG67: =IFERROR(AF67-AE67,AF67) -> 0 | AH67: 0 | AI67: 0 | AJ67: 0 | AK67: 0 | AL67: 0 | AM67: 0 | AN67: 0 | AO67: 0 | AP67: 0 | AQ67: 0 | AR67: 0 | AS67: 0 | AT67: 市场无出单 | AU67: 市场无出单 | AV67: 市场无出单 | AW67: 0 | AX67: 0 | AY67: 0 | AZ67: 市场无出单 | BA67: 市场无出单 | BB67: 1 | BC67: 市场无出单 | BD67: 市场无出单 | BE67: 市场无出单 | BF67: 未上架 | BG67: 未上架 | BH67: 未上架 | BI67: 5 | BJ67: 0 | BK67: 1 | BL67: 1 | BM67: 1 | BN67: 8 | BO67: 0 | BP67: 7 | BQ67: 14 | BR67: 未上架 | BS67: 未上架 | BT67: 未上架 | BU67: 未出单 | BV67: 未出单 | BW67: 未出单 | BX67: 未出单 | BY67: N | BZ67: N | CA67: N | CB67: N | CC67: N | CD67: 未上架 | CE67: 未上架 | CF67: 未上架 | CG67: 正常 | CH67: 正常 | CI67: 正常 | CJ67: 正常 | CK67: 正常 | CL67: 正常 | CM67: 正常 | CN67: 正常 | CO67: 正常 | CP67: 未上架 | CQ67: 未上架 | CR67: 未上架 | CS67: 异常 | CT67: 正常 | CU67: 正常 | CV67: 正常 | CW67: 正常 | CX67: 正常 | CY67: 正常 | CZ67: 正常 | DA67: 正常 | DB67: 未上架 | DC67: 未上架 | DD67: 未上架 | DE67: 未上架 | DF67: 无市场 | DG67: 站外出单 | DH67: 无市场 | DI67: 无市场 | DJ67: 无市场 | DK67: 正常 | DL67: 无市场 | DM67: 无市场 | DN67: 无市场 | DQ67: 未上架 | DR67: 无调整 | DS67: 无异常 | DT67: 广告-PLG | DU67: 无调整 | DV67: 广告-PLP | DW67: 无异常 | DX67: 无异常 | DY67: 无异常 | DZ67: 无异常 | EA67: N | EB67: Y | EC67: Y | ED67: Y | EE67: Y | EF67: Y | EG67: Y | EH67: 0 | EI67: 0 | EJ67: 0.025 | EK67: 0 | EL67: 0 | EM67: 0 | EN67: 0.02 | EO67: 0.02 | EP67: 0 | EQ67: 0
A68: 12213 | B68: LYAP-X1929 | C68: 46108 | D68: =IF(_xlfn.XLOOKUP(A68,[1]分配表!J:J,[1]分配表!M:M)=0,"未出单",_xlfn.XLOOKUP(A68,[1]分配表!J:J,[1]分配表!M:M)) -> 46114 | E68: =_xlfn.XLOOKUP(A68,[1]分配表!A:A,[1]分配表!C:C) -> 张潇 | F68: =IF(_xlfn.XLOOKUP($A68,[1]分配表!$A:$A,[1]分配表!D:D)=0,"未分类",_xlfn.XLOOKUP($A68,[1]分配表!$A:$A,[1]分配表!D:D)) -> 机盖及附件 | G68: =_xlfn.XLOOKUP(A68,[1]分配表!J:J,[1]分配表!I:I) -> 原开品 | H68: 0 | I68: 0 | J68: 0 | K68: 0 | L68: 16 | M68: 20 | N68: 18 | O68: 9 | P68: 18 | Q68: 14 | R68: 12 | S68: 10 | T68: =IFERROR(S68-R68,S68) -> -2 | U68: 0 | V68: 0 | W68: 0 | X68: 0 | Y68: 560 | Z68: 700 | AA68: 630 | AB68: 315 | AC68: 630 | AD68: 490 | AE68: 420 | AF68: 350 | AG68: =IFERROR(AF68-AE68,AF68) -> -70 | AH68: 0 | AI68: 0 | AJ68: 0 | AK68: 11 | AL68: 9 | AM68: 15 | AN68: 8 | AO68: 8 | AP68: 4 | AQ68: 5 | AR68: 6 | AS68: 5 | AT68: 市场无出单 | AU68: 市场无出单 | AV68: 市场无出单 | AW68: 0 | AX68: 0.64 | AY68: 0.57142857 | AZ68: 0.7778 | BA68: 0.5556 | BB68: 0.8261 | BC68: 0.7222 | BD68: 0.6667 | BE68: 0.6875 | BF68: 未上架 | BG68: 未上架 | BH68: 未上架 | BI68: 5 | BJ68: 0 | BK68: 5 | BL68: 11 | BM68: 2 | BN68: 9 | BO68: 16 | BP68: 0 | BQ68: 7 | BR68: 未上架 | BS68: 未上架 | BT68: 未上架 | BU68: 未出单 | BV68: Y | BW68: Y | BX68: Y | BY68: Y | BZ68: Y | CA68: Y | CB68: Y | CC68: Y | CD68: 未上架 | CE68: 未上架 | CF68: 未上架 | CG68: 正常 | CH68: 正常 | CI68: 正常 | CJ68: 异常 | CK68: 正常 | CL68: 正常 | CM68: 异常 | CN68: 正常 | CO68: 异常 | CP68: 未上架 | CQ68: 未上架 | CR68: 未上架 | CS68: 异常 | CT68: 正常 | CU68: 正常 | CV68: 正常 | CW68: 正常 | CX68: 正常 | CY68: 正常 | CZ68: 正常 | DA68: 正常 | DB68: 未上架 | DC68: 未上架 | DD68: 未上架 | DE68: 未上架 | DF68: 竞争无优势 | DG68: 竞争无优势 | DH68: 竞争无优势 | DI68: 正常 | DJ68: 竞争无优势 | DK68: 正常 | DL68: 正常 | DM68: 竞争无优势 | DN68: 竞争无优势 | DQ68: 未上架 | DR68: 广告-PLP | DS68: 无异常 | DT68: 无异常 | DU68: 无异常 | DV68: 无调整 | DW68: 无异常 | DX68: 无异常 | DY68: 本期不分析 | DZ68: 无异常 | EA68: Y | EB68: Y | EC68: Y | ED68: Y | EE68: Y | EF68: Y | EG68: Y | EH68: 6.28 | EI68: 151.9 | EJ68: 0.02 | EK68: 0.02 | EL68: 0 | EM68: 0.02 | EN68: 0.02 | EO68: 0.02 | EP68: 3.76 | EQ68: 187.86
A69: 12461 | B69: LYAM-X2428-BK | C69: 46119 | D69: =IF(_xlfn.XLOOKUP(A69,[1]分配表!J:J,[1]分配表!M:M)=0,"未出单",_xlfn.XLOOKUP(A69,[1]分配表!J:J,[1]分配表!M:M)) -> 46124 | E69: =_xlfn.XLOOKUP(A69,[1]分配表!A:A,[1]分配表!C:C) -> 俞东旭 | F69: =IF(_xlfn.XLOOKUP($A69,[1]分配表!$A:$A,[1]分配表!D:D)=0,"未分类",_xlfn.XLOOKUP($A69,[1]分配表!$A:$A,[1]分配表!D:D)) -> 车身外扩件 | G69: =_xlfn.XLOOKUP(A69,[1]分配表!J:J,[1]分配表!I:I) -> 拓展品 | H69: 0 | I69: 0 | J69: 0 | K69: 未上架 | L69: 未上架 | M69: 4 | N69: 2 | O69: 3 | P69: 3 | Q69: 2 | R69: 3 | S69: 1 | T69: =IFERROR(S69-R69,S69) -> -2 | U69: 0 | V69: 0 | W69: 0 | X69: 未上架 | Y69: 未上架 | Z69: 476 | AA69: 238 | AB69: 357 | AC69: 357 | AD69: 238 | AE69: 357 | AF69: 119 | AG69: =IFERROR(AF69-AE69,AF69) -> -238 | AH69: 0 | AI69: 0 | AJ69: 0 | AK69: 未上架 | AL69: 0 | AM69: 5 | AN69: 4 | AO69: 1 | AP69: 3 | AQ69: 0 | AR69: 0 | AS69: 3 | AT69: 市场无出单 | AU69: 市场无出单 | AV69: 市场无出单 | AW69: 未上架 | AX69: 市场无出单 | AY69: 0.44444444 | AZ69: 0.3333 | BA69: 0.6667 | BB69: 0.625 | BC69: 1 | BD69: 1 | BE69: 0.25 | BF69: 未上架 | BG69: 未上架 | BH69: 未上架 | BI69: 未上架 | BJ69: 0 | BK69: 8 | BL69: 1 | BM69: 8 | BN69: 0 | BO69: 0 | BP69: 7 | BQ69: 14 | BR69: 未上架 | BS69: 未上架 | BT69: 未上架 | BU69: 未上架 | BV69: 未出单 | BW69: 未出单 | BX69: Y | BY69: Y | BZ69: Y | CA69: Y | CB69: Y | CC69: Y | CG69: 未上架 | CH69: 正常 | CI69: 异常 | CJ69: 正常 | CK69: 异常 | CL69: 正常 | CM69: 正常 | CN69: 正常 | CO69: 异常 | CS69: 未上架 | CT69: 正常 | CU69: 正常 | CV69: 正常 | CW69: 正常 | CX69: 正常 | CY69: 正常 | CZ69: 正常 | DA69: 正常 | DB69: 未上架 | DC69: 未上架 | DD69: 未上架 | DE69: 未上架 | DF69: 未上架 | DG69: 无市场 | DH69: 竞争无优势 | DI69: 竞争无优势 | DJ69: 竞争无优势 | DK69: 竞争无优势 | DL69: 正常 | DM69: 正常 | DN69: 竞争无优势 | DQ69: 未上架 | DR69: 未上架 | DS69: 无异常 | DT69: 未上架 | DU69: 无调整 | DV69: 无异常 | DW69: 无调整 | DX69: 无异常 | DY69: 无异常 | DZ69: 无异常 | EA69: N | EB69: N | EC69: N | ED69: N | EE69: N | EF69: N | EG69: N | EH69: 0 | EI69: 0 | EJ69: 0.02 | EK69: 0.02 | EL69: 0.02 | EM69: 0.02 | EN69: 0.02 | EO69: 0.02 | EP69: 5.07 | EQ69: 253.89
A70: 12489 | B70: LYAP-X2504 | C70: 46122 | D70: =IF(_xlfn.XLOOKUP(A70,[1]分配表!J:J,[1]分配表!M:M)=0,"未出单",_xlfn.XLOOKUP(A70,[1]分配表!J:J,[1]分配表!M:M)) -> 46126 | E70: =_xlfn.XLOOKUP(A70,[1]分配表!A:A,[1]分配表!C:C) -> 俞东旭 | F70: =IF(_xlfn.XLOOKUP($A70,[1]分配表!$A:$A,[1]分配表!D:D)=0,"未分类",_xlfn.XLOOKUP($A70,[1]分配表!$A:$A,[1]分配表!D:D)) -> 挡泥板 | G70: =_xlfn.XLOOKUP(A70,[1]分配表!J:J,[1]分配表!I:I) -> 原开品 | H70: 0 | I70: 0 | J70: 0 | K70: 未上架 | L70: 未上架 | M70: 2 | N70: 0 | O70: 6 | P70: 7 | Q70: 1 | R70: 4 | S70: 7 | T70: =IFERROR(S70-R70,S70) -> 3 | U70: 0 | V70: 0 | W70: 0 | X70: 未上架 | Y70: 未上架 | Z70: 90 | AA70: 0 | AB70: 270 | AC70: 315 | AD70: 45 | AE70: 180 | AF70: 315 | AG70: =IFERROR(AF70-AE70,AF70) -> 135 | AH70: 0 | AI70: 0 | AJ70: 0 | AK70: 未上架 | AL70: 未上架 | AM70: 5 | AN70: 3 | AO70: 2 | AP70: 6 | AQ70: 7 | AR70: 1 | AS70: 6 | AT70: 市场无出单 | AU70: 市场无出单 | AV70: 市场无出单 | AW70: 未上架 | AX70: 未上架 | AY70: 0.28571429 | AZ70: 0.4 | BA70: 0.6667 | BB70: 0.6 | BC70: 0 | BD70: 0.75 | BE70: 0.4545 | BF70: 未上架 | BG70: 未上架 | BH70: 未上架 | BI70: 未上架 | BJ70: 未上架 | BK70: 5 | BL70: 1 | BM70: 8 | BN70: 0 | BO70: 0 | BP70: 7 | BQ70: 14 | BR70: 未上架 | BS70: 未上架 | BT70: 未上架 | BU70: 未上架 | BV70: 未上架 | BW70: 未出单 | BX70: Y | BY70: Y | BZ70: Y | CA70: Y | CB70: Y | CC70: Y | CG70: 未上架 | CH70: 未上架 | CI70: 正常 | CJ70: 正常 | CK70: 异常 | CL70: 正常 | CM70: 正常 | CN70: 正常 | CO70: 异常 | CS70: 未上架 | CT70: 未上架 | CU70: 异常 | CV70: 正常 | CW70: 正常 | CX70: 正常 | CY70: 正常 | CZ70: 正常 | DA70: 正常 | DB70: 未上架 | DC70: 未上架 | DD70: 未上架 | DE70: 未上架 | DF70: 未上架 | DG70: 未上架 | DH70: 竞争无优势 | DI70: 竞争无优势 | DJ70: 竞争无优势 | DK70: 竞争无优势 | DL70: 竞争无优势 | DM70: 正常 | DN70: 竞争无优势 | DQ70: 未上架 | DR70: 未上架 | DS70: 未上架 | DT70: 未上架 | DU70: 无调整 | DV70: 无异常 | DW70: 无调整 | DX70: 无异常 | DY70: 无异常 | DZ70: 无异常 | EA70: N | EB70: N | EC70: N | ED70: N | EE70: N | EF70: N | EG70: N | EH70: 0 | EI70: 0 | EJ70: 0.02 | EK70: 0.02 | EL70: 0.02 | EM70: 0.02 | EN70: 0.02 | EO70: 0.02 | EP70: 6.78 | EQ70: 339.45
A71: 12480 | B71: LYAM-X2804 | C71: 46135 | D71: =IF(_xlfn.XLOOKUP(A71,[1]分配表!J:J,[1]分配表!M:M)=0,"未出单",_xlfn.XLOOKUP(A71,[1]分配表!J:J,[1]分配表!M:M)) -> 46139 | E71: =_xlfn.XLOOKUP(A71,[1]分配表!A:A,[1]分配表!C:C) -> 张潇 | F71: =IF(_xlfn.XLOOKUP($A71,[1]分配表!$A:$A,[1]分配表!D:D)=0,"未分类",_xlfn.XLOOKUP($A71,[1]分配表!$A:$A,[1]分配表!D:D)) -> 牌照板支架 | G71: =_xlfn.XLOOKUP(A71,[1]分配表!J:J,[1]分配表!I:I) -> 原开品 | H71: 未上架 | I71: 未上架 | J71: 未上架 | K71: 未上架 | L71: 未上架 | M71: 未上架 | N71: 未上架 | O71: 1 | P71: 1 | Q71: 0 | R71: 0 | S71: 0 | T71: =IFERROR(S71-R71,S71) -> 0 | U71: 未上架 | V71: 未上架 | W71: 未上架 | X71: 未上架 | Y71: 未上架 | Z71: 未上架 | AA71: 0 | AB71: 45 | AC71: 45 | AD71: 0 | AE71: 0 | AF71: 0 | AG71: =IFERROR(AF71-AE71,AF71) -> 0 | AH71: 未上架 | AI71: 未上架 | AJ71: 未上架 | AK71: 未上架 | AL71: 未上架 | AM71: 未上架 | AN71: 未上架 | AO71: 0 | AP71: 2 | AQ71: 2 | AR71: 2 | AS71: 1 | AT71: 未上架 | AU71: 未上架 | AV71: 未上架 | AW71: 未上架 | AX71: 未上架 | AY71: 未上架 | AZ71: 未上架 | BA71: 1 | BB71: 0.3333 | BC71: 0 | BD71: 0 | BE71: 0 | BF71: 未上架 | BG71: 未上架 | BH71: 未上架 | BI71: 未上架 | BJ71: 未上架 | BK71: 未上架 | BL71: 未上架 | BM71: 0 | BN71: 7 | BO71: 2 | BP71: 9 | BQ71: 1 | BR71: 未上架 | BS71: 未上架 | BT71: 未上架 | BU71: 未上架 | BV71: 未上架 | BW71: 未上架 | BX71: 未上架 | BY71: Y | BZ71: Y | CA71: Y | CB71: Y | CC71: Y | CD71: 未上架 | CE71: 未上架 | CF71: 未上架 | CG71: 未上架 | CH71: 未上架 | CI71: 未上架 | CJ71: 未上架 | CK71: 正常 | CL71: 异常 | CM71: 正常 | CN71: 异常 | CO71: 正常 | CP71: 未上架 | CQ71: 未上架 | CR71: 未上架 | CS71: 未上架 | CT71: 未上架 | CU71: 未上架 | CV71: 未上架 | CW71: 正常 | CX71: 正常 | CY71: 正常 | CZ71: 正常 | DA71: 正常 | DB71: 未上架 | DC71: 未上架 | DD71: 未上架 | DE71: 未上架 | DF71: 未上架 | DG71: 未上架 | DH71: 未上架 | DI71: 未上架 | DJ71: 正常 | DK71: 竞争无优势 | DL71: 竞争无优势 | DM71: 竞争无优势 | DN71: 竞争无优势 | DO71: 未上架 | DP71: 未上架 | DQ71: 未上架 | DR71: 未上架 | DS71: 未上架 | DT71: 未上架 | DU71: 未上架 | DV71: 未上架 | DW71: 无异常 | DX71: 广告-PLP | DY71: 无异常 | DZ71: 链接优化 | EA71: N | EB71: Y | EC71: Y | ED71: Y | EE71: Y | EF71: Y | EG71: Y | EH71: 0.4 | EI71: 0 | EJ71: 0 | EK71: 0.02 | EL71: 0.02 | EM71: 0 | EN71: 0.02 | EO71: 0.05 | EP71: 0 | EQ71: 0
A72: 12558 | B72: LYAP-X1963 | C72: 46135 | D72: =IF(_xlfn.XLOOKUP(A72,[1]分配表!J:J,[1]分配表!M:M)=0,"未出单",_xlfn.XLOOKUP(A72,[1]分配表!J:J,[1]分配表!M:M)) -> 46155 | E72: =_xlfn.XLOOKUP(A72,[1]分配表!A:A,[1]分配表!C:C) -> 朱培源 | F72: =IF(_xlfn.XLOOKUP($A72,[1]分配表!$A:$A,[1]分配表!D:D)=0,"未分类",_xlfn.XLOOKUP($A72,[1]分配表!$A:$A,[1]分配表!D:D)) -> 挡泥板 | G72: =_xlfn.XLOOKUP(A72,[1]分配表!J:J,[1]分配表!I:I) -> 原开品 | H72: 未上架 | I72: 未上架 | J72: 未上架 | K72: 未上架 | L72: 未上架 | M72: 未上架 | N72: 未上架 | O72: 0 | P72: 0 | Q72: 1 | R72: 0 | S72: 2 | T72: =IFERROR(S72-R72,S72) -> 2 | U72: 未上架 | V72: 未上架 | W72: 未上架 | X72: 未上架 | Y72: 未上架 | Z72: 未上架 | AA72: 0 | AB72: 0 | AC72: 0 | AD72: 85 | AE72: 0 | AF72: 170 | AG72: =IFERROR(AF72-AE72,AF72) -> 170 | AH72: 未上架 | AI72: 未上架 | AJ72: 未上架 | AK72: 未上架 | AL72: 未上架 | AM72: 未上架 | AN72: 未上架 | AO72: 0 | AP72: 0 | AQ72: 0 | AR72: 0 | AS72: 0 | AT72: 未上架 | AU72: 未上架 | AV72: 未上架 | AW72: 未上架 | AX72: 未上架 | AY72: 未上架 | AZ72: 未上架 | BA72: 市场无出单 | BB72: 市场无出单 | BC72: 市场无出单 | BD72: 1 | BE72: 1 | BF72: 未上架 | BG72: 未上架 | BH72: 未上架 | BI72: 未上架 | BJ72: 未上架 | BK72: 未上架 | BL72: 未上架 | BM72: 5 | BN72: 1 | BO72: 8 | BP72: 15 | BQ72: 0 | BR72: 未上架 | BS72: 未上架 | BT72: 未上架 | BU72: 未上架 | BV72: 未上架 | BW72: 未上架 | BX72: 未上架 | BY72: 未出单 | BZ72: 未出单 | CA72: N | CB72: N | CC72: N | CD72: 未上架 | CE72: 未上架 | CF72: 未上架 | CG72: 未上架 | CH72: 未上架 | CI72: 未上架 | CJ72: 未上架 | CK72: 正常 | CL72: 正常 | CM72: 异常 | CN72: 异常 | CO72: 正常 | CP72: 未上架 | CQ72: 未上架 | CR72: 未上架 | CS72: 未上架 | CT72: 未上架 | CU72: 未上架 | CV72: 未上架 | CW72: 异常 | CX72: 正常 | CY72: 正常 | CZ72: 正常 | DA72: 正常 | DB72: 未上架 | DC72: 未上架 | DD72: 未上架 | DE72: 未上架 | DF72: 未上架 | DG72: 未上架 | DH72: 未上架 | DI72: 未上架 | DJ72: 无市场 | DK72: 无市场 | DL72: 无市场 | DM72: 正常 | DN72: 正常 | DO72: 未上架 | DP72: 未上架 | DQ72: 未上架 | DR72: 未上架 | DS72: 未上架 | DT72: 未上架 | DU72: 未上架 | DV72: 未上架 | DW72: 链接优化 | DX72: 链接优化 | DY72: 本期不分析 | DZ72: 广告-PLG | EA72: N | EB72: Y | EC72: Y | ED72: Y | EE72: Y | EF72: Y | EG72: Y | EH72: 5 | EI72: 0 | EJ72: 0 | EK72: 0.02 | EL72: 0 | EM72: 0 | EN72: 0.02 | EO72: 0.02 | EP72: 0 | EQ72: 0
A73: 12473 | B73: LYAM-X2818 | C73: 46135 | D73: =IF(_xlfn.XLOOKUP(A73,[1]分配表!J:J,[1]分配表!M:M)=0,"未出单",_xlfn.XLOOKUP(A73,[1]分配表!J:J,[1]分配表!M:M)) -> 46154 | E73: =_xlfn.XLOOKUP(A73,[1]分配表!A:A,[1]分配表!C:C) -> 张潇 | F73: =IF(_xlfn.XLOOKUP($A73,[1]分配表!$A:$A,[1]分配表!D:D)=0,"未分类",_xlfn.XLOOKUP($A73,[1]分配表!$A:$A,[1]分配表!D:D)) -> 机盖及附件 | G73: =_xlfn.XLOOKUP(A73,[1]分配表!J:J,[1]分配表!I:I) -> 原开品 | H73: 未上架 | I73: 未上架 | J73: 未上架 | K73: 未上架 | L73: 未上架 | M73: 未上架 | N73: 未上架 | O73: 0 | P73: 0 | Q73: 2 | R73: 3 | S73: 8 | T73: =IFERROR(S73-R73,S73) -> 5 | U73: 未上架 | V73: 未上架 | W73: 未上架 | X73: 未上架 | Y73: 未上架 | Z73: 未上架 | AA73: 0 | AB73: 0 | AC73: 0 | AD73: 198.2 | AE73: 297.6 | AF73: 793.6 | AG73: =IFERROR(AF73-AE73,AF73) -> 496 | AH73: 未上架 | AI73: 未上架 | AJ73: 未上架 | AK73: 未上架 | AL73: 未上架 | AM73: 未上架 | AN73: 未上架 | AO73: 0 | AP73: 0 | AQ73: 0 | AR73: 0 | AS73: 0 | AT73: 未上架 | AU73: 未上架 | AV73: 未上架 | AW73: 未上架 | AX73: 未上架 | AY73: 未上架 | AZ73: 未上架 | BA73: 市场无出单 | BB73: 市场无出单 | BC73: 市场无出单 | BD73: 1 | BE73: 1 | BF73: 未上架 | BG73: 未上架 | BH73: 未上架 | BI73: 未上架 | BJ73: 未上架 | BK73: 未上架 | BL73: 未上架 | BM73: 0 | BN73: 7 | BO73: 2 | BP73: 9 | BQ73: 1 | BR73: 未上架 | BS73: 未上架 | BT73: 未上架 | BU73: 未上架 | BV73: 未上架 | BW73: 未上架 | BX73: 未上架 | BY73: 未出单 | BZ73: 未出单 | CA73: N | CB73: N | CC73: N | CD73: 未上架 | CE73: 未上架 | CF73: 未上架 | CG73: 未上架 | CH73: 未上架 | CI73: 未上架 | CJ73: 未上架 | CK73: 正常 | CL73: 正常 | CM73: 正常 | CN73: 异常 | CO73: 正常 | CP73: 未上架 | CQ73: 未上架 | CR73: 未上架 | CS73: 未上架 | CT73: 未上架 | CU73: 未上架 | CV73: 未上架 | CW73: 正常 | CX73: 正常 | CY73: 正常 | CZ73: 正常 | DA73: 正常 | DB73: 未上架 | DC73: 未上架 | DD73: 未上架 | DE73: 未上架 | DF73: 未上架 | DG73: 未上架 | DH73: 未上架 | DI73: 未上架 | DJ73: 无市场 | DK73: 无市场 | DL73: 站外出单 | DM73: 正常 | DN73: 正常 | DO73: 未上架 | DP73: 未上架 | DQ73: 未上架 | DR73: 未上架 | DS73: 未上架 | DT73: 未上架 | DU73: 未上架 | DV73: 未上架 | DW73: 无异常 | DX73: 降价测试-市场无对手 | DY73: 无异常 | DZ73: 无调整 | EA73: N | EB73: N | EC73: N | ED73: N | EE73: N | EF73: N | EG73: N | EH73: 0 | EI73: 0 | EJ73: 0 | EK73: 0.02 | EL73: 0.02 | EM73: 0.02 | EN73: 0.02 | EO73: 0.02 | EP73: 12.67 | EQ73: 633.85
A74: 12464 | B74: LYAM-X2428-C | C74: 46135 | D74: =IF(_xlfn.XLOOKUP(A74,[1]分配表!J:J,[1]分配表!M:M)=0,"未出单",_xlfn.XLOOKUP(A74,[1]分配表!J:J,[1]分配表!M:M)) -> 46135 | E74: =_xlfn.XLOOKUP(A74,[1]分配表!A:A,[1]分配表!C:C) -> 俞东旭 | F74: =IF(_xlfn.XLOOKUP($A74,[1]分配表!$A:$A,[1]分配表!D:D)=0,"未分类",_xlfn.XLOOKUP($A74,[1]分配表!$A:$A,[1]分配表!D:D)) -> 车身外扩件 | G74: =_xlfn.XLOOKUP(A74,[1]分配表!J:J,[1]分配表!I:I) -> 原开品 | H74: 未上架 | I74: 未上架 | J74: 未上架 | K74: 未上架 | L74: 未上架 | M74: 未上架 | N74: 未上架 | O74: 5 | P74: 0 | Q74: 3 | R74: 0 | S74: 2 | T74: =IFERROR(S74-R74,S74) -> 2 | U74: 未上架 | V74: 未上架 | W74: 未上架 | X74: 未上架 | Y74: 未上架 | Z74: 未上架 | AA74: 0 | AB74: 625 | AC74: 0 | AD74: 375 | AE74: 0 | AF74: 250 | AG74: =IFERROR(AF74-AE74,AF74) -> 250 | AH74: 未上架 | AI74: 未上架 | AJ74: 未上架 | AK74: 未上架 | AL74: 未上架 | AM74: 未上架 | AN74: 未上架 | AO74: 1 | AP74: 0 | AQ74: 0 | AR74: 1 | AS74: 2 | AT74: 未上架 | AU74: 未上架 | AV74: 未上架 | AW74: 未上架 | AX74: 未上架 | AY74: 未上架 | AZ74: 未上架 | BA74: 0.75 | BB74: 1 | BC74: 1 | BD74: 0.5 | BE74: 0.5 | BF74: 未上架 | BG74: 未上架 | BH74: 未上架 | BI74: 未上架 | BJ74: 未上架 | BK74: 未上架 | BL74: 未上架 | BM74: 1 | BN74: 8 | BO74: 1 | BP74: 8 | BQ74: 15 | BR74: 未上架 | BS74: 未上架 | BT74: 未上架 | BU74: 未上架 | BV74: 未上架 | BW74: 未上架 | BX74: 未上架 | BY74: Y | BZ74: Y | CA74: Y | CB74: Y | CC74: Y | CD74: 未上架 | CE74: 未上架 | CF74: 未上架 | CG74: 未上架 | CH74: 未上架 | CI74: 未上架 | CJ74: 未上架 | CK74: 正常 | CL74: 正常 | CM74: 正常 | CN74: 异常 | CO74: 异常 | CP74: 未上架 | CQ74: 未上架 | CR74: 未上架 | CS74: 未上架 | CT74: 未上架 | CU74: 未上架 | CV74: 未上架 | CW74: 正常 | CX74: 正常 | CY74: 正常 | CZ74: 正常 | DA74: 正常 | DB74: 未上架 | DC74: 未上架 | DD74: 未上架 | DE74: 未上架 | DF74: 未上架 | DG74: 未上架 | DH74: 未上架 | DI74: 未上架 | DJ74: 正常 | DK74: 正常 | DL74: 正常 | DM74: 竞争无优势 | DN74: 竞争无优势 | DO74: 未上架 | DP74: 未上架 | DQ74: 未上架 | DR74: 未上架 | DS74: 未上架 | DT74: 未上架 | DU74: 未上架 | DV74: 未上架 | DW74: 无异常 | DX74: 无异常 | DY74: 无异常 | DZ74: 无调整 | EA74: N | EB74: Y | EC74: Y | ED74: Y | EE74: Y | EF74: Y | EG74: Y | EH74: 5.09 | EI74: 133.44 | EJ74: 0 | EK74: 0.02 | EL74: 0.02 | EM74: 0.02 | EN74: 0.02 | EO74: 0.02 | EP74: 2.65 | EQ74: 132.5
A75: 12540 | B75: LYAP-X2307 | C75: 46135 | D75: =IF(_xlfn.XLOOKUP(A75,[1]分配表!J:J,[1]分配表!M:M)=0,"未出单",_xlfn.XLOOKUP(A75,[1]分配表!J:J,[1]分配表!M:M)) -> 46157 | E75: =_xlfn.XLOOKUP(A75,[1]分配表!A:A,[1]分配表!C:C) -> 胡煜星 | F75: =IF(_xlfn.XLOOKUP($A75,[1]分配表!$A:$A,[1]分配表!D:D)=0,"未分类",_xlfn.XLOOKUP($A75,[1]分配表!$A:$A,[1]分配表!D:D)) -> 其他 | G75: =_xlfn.XLOOKUP(A75,[1]分配表!J:J,[1]分配表!I:I) -> 原开品 | H75: 未上架 | I75: 未上架 | J75: 未上架 | K75: 未上架 | L75: 未上架 | M75: 未上架 | N75: 未上架 | O75: 0 | P75: 0 | Q75: 0 | R75: 1 | S75: 1 | T75: =IFERROR(S75-R75,S75) -> 0 | U75: 未上架 | V75: 未上架 | W75: 未上架 | X75: 未上架 | Y75: 未上架 | Z75: 未上架 | AA75: 0 | AB75: 0 | AC75: 0 | AD75: 0 | AE75: 60 | AF75: 60 | AG75: =IFERROR(AF75-AE75,AF75) -> 0 | AH75: 未上架 | AI75: 未上架 | AJ75: 未上架 | AK75: 未上架 | AL75: 未上架 | AM75: 未上架 | AN75: 未上架 | AO75: 0 | AP75: 0 | AQ75: 0 | AR75: 0 | AS75: 0 | AT75: 未上架 | AU75: 未上架 | AV75: 未上架 | AW75: 未上架 | AX75: 未上架 | AY75: 未上架 | AZ75: 未上架 | BA75: 市场无出单 | BB75: 市场无出单 | BC75: 市场无出单 | BD75: 1 | BE75: 市场无出单 | BF75: 未上架 | BG75: 未上架 | BH75: 未上架 | BI75: 未上架 | BJ75: 未上架 | BK75: 未上架 | BL75: 未上架 | BM75: 6 | BN75: 0 | BO75: 1 | BP75: 2 | BQ75: 9 | BR75: 未上架 | BS75: 未上架 | BT75: 未上架 | BU75: 未上架 | BV75: 未上架 | BW75: 未上架 | BX75: 未上架 | BY75: 未出单 | BZ75: 未出单 | CA75: 未出单 | CB75: N | CC75: N | CD75: 未上架 | CE75: 未上架 | CF75: 未上架 | CG75: 未上架 | CH75: 未上架 | CI75: 未上架 | CJ75: 未上架 | CK75: 正常 | CL75: 正常 | CM75: 正常 | CN75: 正常 | CO75: 正常 | CP75: 未上架 | CQ75: 未上架 | CR75: 未上架 | CS75: 未上架 | CT75: 未上架 | CU75: 未上架 | CV75: 未上架 | CW75: 异常 | CX75: 正常 | CY75: 正常 | CZ75: 正常 | DA75: 正常 | DB75: 未上架 | DC75: 未上架 | DD75: 未上架 | DE75: 未上架 | DF75: 未上架 | DG75: 未上架 | DH75: 未上架 | DI75: 未上架 | DJ75: 无市场 | DK75: 无市场 | DL75: 站外出单 | DM75: 正常 | DN75: 站外出单 | DO75: 未上架 | DP75: 未上架 | DQ75: 未上架 | DR75: 未上架 | DS75: 未上架 | DT75: 未上架 | DU75: 未上架 | DV75: 未上架 | DW75: 无调整 | DX75: 降价测试-市场无对手 | DY75: 无调整 | DZ75: 无异常 | EA75: N | EB75: Y | EC75: Y | ED75: Y | EE75: Y | EF75: Y | EG75: Y | EH75: 1.42 | EI75: 0 | EJ75: 0 | EK75: 0.02 | EL75: 0 | EM75: 0.02 | EN75: 0.02 | EO75: 0.02 | EP75: 0 | EQ75: 0
A76: 12541 | B76: LYAP-X2314 | C76: 46135 | D76: =IF(_xlfn.XLOOKUP(A76,[1]分配表!J:J,[1]分配表!M:M)=0,"未出单",_xlfn.XLOOKUP(A76,[1]分配表!J:J,[1]分配表!M:M)) -> 46140 | E76: =_xlfn.XLOOKUP(A76,[1]分配表!A:A,[1]分配表!C:C) -> 胡煜星 | F76: =IF(_xlfn.XLOOKUP($A76,[1]分配表!$A:$A,[1]分配表!D:D)=0,"未分类",_xlfn.XLOOKUP($A76,[1]分配表!$A:$A,[1]分配表!D:D)) -> 其他 | G76: =_xlfn.XLOOKUP(A76,[1]分配表!J:J,[1]分配表!I:I) -> 原开品 | H76: 未上架 | I76: 未上架 | J76: 未上架 | K76: 未上架 | L76: 未上架 | M76: 未上架 | N76: 未上架 | O76: 1 | P76: 3 | Q76: 2 | R76: 0 | S76: 2 | T76: =IFERROR(S76-R76,S76) -> 2 | U76: 未上架 | V76: 未上架 | W76: 未上架 | X76: 未上架 | Y76: 未上架 | Z76: 未上架 | AA76: 0 | AB76: 150 | AC76: 450 | AD76: 300 | AE76: 0 | AF76: 300 | AG76: =IFERROR(AF76-AE76,AF76) -> 300 | AH76: 未上架 | AI76: 未上架 | AJ76: 未上架 | AK76: 未上架 | AL76: 未上架 | AM76: 未上架 | AN76: 未上架 | AO76: 2 | AP76: 0 | AQ76: 0 | AR76: 0 | AS76: 0 | AT76: 未上架 | AU76: 未上架 | AV76: 未上架 | AW76: 未上架 | AX76: 未上架 | AY76: 未上架 | AZ76: 未上架 | BA76: 0 | BB76: 1 | BC76: 1 | BD76: 市场无出单 | BE76: 1 | BF76: 未上架 | BG76: 未上架 | BH76: 未上架 | BI76: 未上架 | BJ76: 未上架 | BK76: 未上架 | BL76: 未上架 | BM76: 5 | BN76: 0 | BO76: 4 | BP76: 11 | BQ76: 0 | BR76: 未上架 | BS76: 未上架 | BT76: 未上架 | BU76: 未上架 | BV76: 未上架 | BW76: 未上架 | BX76: 未上架 | BY76: Y | BZ76: Y | CA76: Y | CB76: Y | CC76: Y | CD76: 未上架 | CE76: 未上架 | CF76: 未上架 | CG76: 未上架 | CH76: 未上架 | CI76: 未上架 | CJ76: 未上架 | CK76: 正常 | CL76: 正常 | CM76: 正常 | CN76: 异常 | CO76: 正常 | CP76: 未上架 | CQ76: 未上架 | CR76: 未上架 | CS76: 未上架 | CT76: 未上架 | CU76: 未上架 | CV76: 未上架 | CW76: 异常 | CX76: 正常 | CY76: 正常 | CZ76: 正常 | DA76: 正常 | DB76: 未上架 | DC76: 未上架 | DD76: 未上架 | DE76: 未上架 | DF76: 未上架 | DG76: 未上架 | DH76: 未上架 | DI76: 未上架 | DJ76: 竞争无优势 | DK76: 正常 | DL76: 正常 | DM76: 站外出单 | DN76: 正常 | DO76: 未上架 | DP76: 未上架 | DQ76: 未上架 | DR76: 未上架 | DS76: 未上架 | DT76: 未上架 | DU76: 未上架 | DV76: 未上架 | DW76: 广告-PLG | DX76: 无异常 | DY76: 无异常 | DZ76: 广告-PLP | EA76: N | EB76: Y | EC76: Y | ED76: Y | EE76: Y | EF76: Y | EG76: Y | EH76: 4.24 | EI76: 0 | EJ76: 0 | EK76: 0.02 | EL76: 0 | EM76: 0 | EN76: 0.02 | EO76: 0.02 | EP76: 3 | EQ76: 150
A77: 12542 | B77: LYAP-X2319 | C77: 46135 | D77: =IF(_xlfn.XLOOKUP(A77,[1]分配表!J:J,[1]分配表!M:M)=0,"未出单",_xlfn.XLOOKUP(A77,[1]分配表!J:J,[1]分配表!M:M)) -> 未出单 | E77: =_xlfn.XLOOKUP(A77,[1]分配表!A:A,[1]分配表!C:C) -> 胡煜星 | F77: =IF(_xlfn.XLOOKUP($A77,[1]分配表!$A:$A,[1]分配表!D:D)=0,"未分类",_xlfn.XLOOKUP($A77,[1]分配表!$A:$A,[1]分配表!D:D)) -> 其他 | G77: =_xlfn.XLOOKUP(A77,[1]分配表!J:J,[1]分配表!I:I) -> 原开品 | H77: 未上架 | I77: 未上架 | J77: 未上架 | K77: 未上架 | L77: 未上架 | M77: 未上架 | N77: 未上架 | O77: 0 | P77: 0 | Q77: 0 | R77: 0 | S77: 0 | T77: =IFERROR(S77-R77,S77) -> 0 | U77: 未上架 | V77: 未上架 | W77: 未上架 | X77: 未上架 | Y77: 未上架 | Z77: 未上架 | AA77: 0 | AB77: 0 | AC77: 0 | AD77: 0 | AE77: 0 | AF77: 0 | AG77: =IFERROR(AF77-AE77,AF77) -> 0 | AH77: 未上架 | AI77: 未上架 | AJ77: 未上架 | AK77: 未上架 | AL77: 未上架 | AM77: 未上架 | AN77: 未上架 | AO77: 0 | AP77: 0 | AQ77: 0 | AR77: 0 | AS77: 0 | AT77: 未上架 | AU77: 未上架 | AV77: 未上架 | AW77: 未上架 | AX77: 未上架 | AY77: 未上架 | AZ77: 未上架 | BA77: 市场无出单 | BB77: 市场无出单 | BC77: 市场无出单 | BD77: 市场无出单 | BE77: 市场无出单 | BF77: 未上架 | BG77: 未上架 | BH77: 未上架 | BI77: 未上架 | BJ77: 未上架 | BK77: 未上架 | BL77: 未上架 | BM77: 5 | BN77: 0 | BO77: 1 | BP77: 2 | BQ77: 0 | BR77: 未上架 | BS77: 未上架 | BT77: 未上架 | BU77: 未上架 | BV77: 未上架 | BW77: 未上架 | BX77: 未上架 | BY77: 未出单 | BZ77: 未出单 | CA77: 未出单 | CB77: 未出单 | CC77: 未出单 | CD77: 未上架 | CE77: 未上架 | CF77: 未上架 | CG77: 未上架 | CH77: 未上架 | CI77: 未上架 | CJ77: 未上架 | CK77: 正常 | CL77: 正常 | CM77: 正常 | CN77: 正常 | CO77: 正常 | CP77: 未上架 | CQ77: 未上架 | CR77: 未上架 | CS77: 未上架 | CT77: 未上架 | CU77: 未上架 | CV77: 未上架 | CW77: 异常 | CX77: 正常 | CY77: 正常 | CZ77: 正常 | DA77: 正常 | DB77: 未上架 | DC77: 未上架 | DD77: 未上架 | DE77: 未上架 | DF77: 未上架 | DG77: 未上架 | DH77: 未上架 | DI77: 未上架 | DJ77: 无市场 | DK77: 无市场 | DL77: 站外出单 | DM77: 无市场 | DN77: 站外出单 | DO77: 未上架 | DP77: 未上架 | DQ77: 未上架 | DR77: 未上架 | DS77: 未上架 | DT77: 未上架 | DU77: 未上架 | DV77: 未上架 | DW77: 降价测试-市场无对手 | DX77: 无调整 | DY77: 无调整 | DZ77: 无调整 | EA77: N | EB77: Y | EC77: Y | ED77: Y | EE77: Y | EF77: Y | EG77: Y | EH77: 2.7 | EI77: 0 | EJ77: 0 | EK77: 0.02 | EL77: 0 | EM77: 0.02 | EN77: 0.02 | EO77: 0.02 | EP77: 0 | EQ77: 0
A78: 12543 | B78: LYAP-X2320 | C78: 46135 | D78: =IF(_xlfn.XLOOKUP(A78,[1]分配表!J:J,[1]分配表!M:M)=0,"未出单",_xlfn.XLOOKUP(A78,[1]分配表!J:J,[1]分配表!M:M)) -> 46144 | E78: =_xlfn.XLOOKUP(A78,[1]分配表!A:A,[1]分配表!C:C) -> 胡煜星 | F78: =IF(_xlfn.XLOOKUP($A78,[1]分配表!$A:$A,[1]分配表!D:D)=0,"未分类",_xlfn.XLOOKUP($A78,[1]分配表!$A:$A,[1]分配表!D:D)) -> 其他 | G78: =_xlfn.XLOOKUP(A78,[1]分配表!J:J,[1]分配表!I:I) -> 原开品 | H78: 未上架 | I78: 未上架 | J78: 未上架 | K78: 未上架 | L78: 未上架 | M78: 未上架 | N78: 未上架 | O78: 0 | P78: 2 | Q78: 0 | R78: 0 | S78: 0 | T78: =IFERROR(S78-R78,S78) -> 0 | U78: 未上架 | V78: 未上架 | W78: 未上架 | X78: 未上架 | Y78: 未上架 | Z78: 未上架 | AA78: 0 | AB78: 0 | AC78: 300 | AD78: 0 | AE78: 0 | AF78: 0 | AG78: =IFERROR(AF78-AE78,AF78) -> 0 | AH78: 未上架 | AI78: 未上架 | AJ78: 未上架 | AK78: 未上架 | AL78: 未上架 | AM78: 未上架 | AN78: 未上架 | AO78: 0 | AP78: 0 | AQ78: 0 | AR78: 0 | AS78: 0 | AT78: 未上架 | AU78: 未上架 | AV78: 未上架 | AW78: 未上架 | AX78: 未上架 | AY78: 未上架 | AZ78: 未上架 | BA78: 市场无出单 | BB78: 1 | BC78: 1 | BD78: 市场无出单 | BE78: 市场无出单 | BF78: 未上架 | BG78: 未上架 | BH78: 未上架 | BI78: 未上架 | BJ78: 未上架 | BK78: 未上架 | BL78: 未上架 | BM78: 6 | BN78: 0 | BO78: 7 | BP78: 14 | BQ78: 0 | BR78: 未上架 | BS78: 未上架 | BT78: 未上架 | BU78: 未上架 | BV78: 未上架 | BW78: 未上架 | BX78: 未上架 | BY78: 未出单 | BZ78: N | CA78: N | CB78: N | CC78: N | CD78: 未上架 | CE78: 未上架 | CF78: 未上架 | CG78: 未上架 | CH78: 未上架 | CI78: 未上架 | CJ78: 未上架 | CK78: 正常 | CL78: 正常 | CM78: 正常 | CN78: 异常 | CO78: 正常 | CP78: 未上架 | CQ78: 未上架 | CR78: 未上架 | CS78: 未上架 | CT78: 未上架 | CU78: 未上架 | CV78: 未上架 | CW78: 异常 | CX78: 正常 | CY78: 正常 | CZ78: 正常 | DA78: 正常 | DB78: 未上架 | DC78: 未上架 | DD78: 未上架 | DE78: 未上架 | DF78: 未上架 | DG78: 未上架 | DH78: 未上架 | DI78: 未上架 | DJ78: 无市场 | DK78: 正常 | DL78: 正常 | DM78: 无市场 | DN78: 无市场 | DO78: 未上架 | DP78: 未上架 | DQ78: 未上架 | DR78: 未上架 | DS78: 未上架 | DT78: 未上架 | DU78: 未上架 | DV78: 未上架 | DW78: 广告-PLG | DX78: 无异常 | DY78: 无异常 | DZ78: 广告-PLG | EA78: N | EB78: N | EC78: N | ED78: N | EE78: N | EF78: N | EG78: N | EH78: 0 | EI78: 0 | EJ78: 0 | EK78: 0.02 | EL78: 0 | EM78: 0.02 | EN78: 0 | EO78: 0.02 | EP78: 0 | EQ78: 0
A79: 12544 | B79: LYAP-X2324 | C79: 46135 | D79: =IF(_xlfn.XLOOKUP(A79,[1]分配表!J:J,[1]分配表!M:M)=0,"未出单",_xlfn.XLOOKUP(A79,[1]分配表!J:J,[1]分配表!M:M)) -> 46142 | E79: =_xlfn.XLOOKUP(A79,[1]分配表!A:A,[1]分配表!C:C) -> 张潇 | F79: =IF(_xlfn.XLOOKUP($A79,[1]分配表!$A:$A,[1]分配表!D:D)=0,"未分类",_xlfn.XLOOKUP($A79,[1]分配表!$A:$A,[1]分配表!D:D)) -> 其他 | G79: =_xlfn.XLOOKUP(A79,[1]分配表!J:J,[1]分配表!I:I) -> 原开品 | H79: 未上架 | I79: 未上架 | J79: 未上架 | K79: 未上架 | L79: 未上架 | M79: 未上架 | N79: 未上架 | O79: 0 | P79: 5 | Q79: 2 | R79: 0 | S79: 2 | T79: =IFERROR(S79-R79,S79) -> 2 | U79: 未上架 | V79: 未上架 | W79: 未上架 | X79: 未上架 | Y79: 未上架 | Z79: 未上架 | AA79: 0 | AB79: 0 | AC79: 750 | AD79: 300 | AE79: 0 | AF79: 300 | AG79: =IFERROR(AF79-AE79,AF79) -> 300 | AH79: 未上架 | AI79: 未上架 | AJ79: 未上架 | AK79: 未上架 | AL79: 未上架 | AM79: 未上架 | AN79: 未上架 | AO79: 0 | AP79: 0 | AQ79: 0 | AR79: 0 | AS79: 0 | AT79: 未上架 | AU79: 未上架 | AV79: 未上架 | AW79: 未上架 | AX79: 未上架 | AY79: 未上架 | AZ79: 未上架 | BA79: 市场无出单 | BB79: 1 | BC79: 1 | BD79: 1 | BE79: 1 | BF79: 未上架 | BG79: 未上架 | BH79: 未上架 | BI79: 未上架 | BJ79: 未上架 | BK79: 未上架 | BL79: 未上架 | BM79: 0 | BN79: 7 | BO79: 14 | BP79: 21 | BQ79: 0 | BR79: 未上架 | BS79: 未上架 | BT79: 未上架 | BU79: 未上架 | BV79: 未上架 | BW79: 未上架 | BX79: 未上架 | BY79: 未出单 | BZ79: Y | CA79: Y | CB79: Y | CC79: Y | CD79: 未上架 | CE79: 未上架 | CF79: 未上架 | CG79: 未上架 | CH79: 未上架 | CI79: 未上架 | CJ79: 未上架 | CK79: 正常 | CL79: 正常 | CM79: 异常 | CN79: 异常 | CO79: 正常 | CP79: 未上架 | CQ79: 未上架 | CR79: 未上架 | CS79: 未上架 | CT79: 未上架 | CU79: 未上架 | CV79: 未上架 | CW79: 正常 | CX79: 正常 | CY79: 正常 | CZ79: 正常 | DA79: 正常 | DB79: 未上架 | DC79: 未上架 | DD79: 未上架 | DE79: 未上架 | DF79: 未上架 | DG79: 未上架 | DH79: 未上架 | DI79: 未上架 | DJ79: 无市场 | DK79: 正常 | DL79: 正常 | DM79: 正常 | DN79: 正常 | DO79: 未上架 | DP79: 未上架 | DQ79: 未上架 | DR79: 未上架 | DS79: 未上架 | DT79: 未上架 | DU79: 未上架 | DV79: 未上架 | DW79: 无异常 | DX79: 无异常 | DY79: 本期不分析 | DZ79: 广告-PLP | EA79: N | EB79: N | EC79: Y | ED79: Y | EE79: Y | EF79: Y | EG79: Y | EH79: 1.42 | EI79: 0 | EJ79: 0 | EK79: 0.02 | EL79: 0 | EM79: 0.02 | EN79: 0.02 | EO79: 0.02 | EP79: 3.2 | EQ79: 160.13
A80: 12612 | B80: LYAM-X2895 | C80: 46140 | D80: =IF(_xlfn.XLOOKUP(A80,[1]分配表!J:J,[1]分配表!M:M)=0,"未出单",_xlfn.XLOOKUP(A80,[1]分配表!J:J,[1]分配表!M:M)) -> 46160 | E80: =_xlfn.XLOOKUP(A80,[1]分配表!A:A,[1]分配表!C:C) -> 章鹏 | F80: =IF(_xlfn.XLOOKUP($A80,[1]分配表!$A:$A,[1]分配表!D:D)=0,"未分类",_xlfn.XLOOKUP($A80,[1]分配表!$A:$A,[1]分配表!D:D)) -> 其他 | G80: =_xlfn.XLOOKUP(A80,[1]分配表!J:J,[1]分配表!I:I) -> 原开品 | H80: 未上架 | I80: 未上架 | J80: 未上架 | K80: 未上架 | L80: 未上架 | M80: 未上架 | N80: 未上架 | O80: 0 | P80: 0 | Q80: 0 | R80: 1 | S80: 1 | T80: =IFERROR(S80-R80,S80) -> 0 | AB80: 0 | AC80: 0 | AD80: 0 | AE80: 165 | AF80: 165 | AG80: =IFERROR(AF80-AE80,AF80) -> 0 | AO80: #N/A | AP80: 0 | AQ80: 0 | AR80: 0 | AS80: 0 | BA80: #N/A | BB80: 市场无出单 | BC80: 市场无出单 | BD80: 1 | BE80: 1 | BM80: 0 | BN80: 7 | BO80: 2 | BP80: 5 | BQ80: 12 | BY80: 未出单 | BZ80: 未出单 | CA80: 未出单 | CB80: N | CC80: N | CK80: 正常 | CL80: 正常 | CM80: 正常 | CN80: 正常 | CO80: 异常 | CW80: 正常 | CX80: 正常 | CY80: 正常 | CZ80: 正常 | DA80: 正常 | DJ80: #N/A | DK80: 无市场 | DL80: 站外出单 | DM80: 正常 | DN80: 正常 | DV80: 未上架 | DW80: 无异常 | DX80: 广告-PLG | DY80: 无调整 | DZ80: 无异常 | EC80: Y | ED80: Y | EE80: Y | EF80: Y | EG80: Y | EH80: 0.78 | EI80: 0 | EJ80: 未上架 | EK80: 0 | EL80: 0 | EM80: 0.02 | EN80: 0.02 | EO80: 0.02 | EP80: 7.14 | EQ80: 357.39
A81: 12651 | B81: LYAP-X2210-C | C81: 46140 | D81: =IF(_xlfn.XLOOKUP(A81,[1]分配表!J:J,[1]分配表!M:M)=0,"未出单",_xlfn.XLOOKUP(A81,[1]分配表!J:J,[1]分配表!M:M)) -> 46142 | E81: =_xlfn.XLOOKUP(A81,[1]分配表!A:A,[1]分配表!C:C) -> 张潇 | F81: =IF(_xlfn.XLOOKUP($A81,[1]分配表!$A:$A,[1]分配表!D:D)=0,"未分类",_xlfn.XLOOKUP($A81,[1]分配表!$A:$A,[1]分配表!D:D)) -> 机盖及附件 | G81: =_xlfn.XLOOKUP(A81,[1]分配表!J:J,[1]分配表!I:I) -> 原开品 | H81: 未上架 | I81: 未上架 | J81: 未上架 | K81: 未上架 | L81: 未上架 | M81: 未上架 | N81: 未上架 | O81: 0 | P81: 3 | Q81: 3 | R81: 0 | S81: 2 | T81: =IFERROR(S81-R81,S81) -> 2 | AB81: 0 | AC81: 267 | AD81: 267 | AE81: 0 | AF81: 178 | AG81: =IFERROR(AF81-AE81,AF81) -> 178 | AO81: #N/A | AP81: 6 | AQ81: 2 | AR81: 2 | AS81: 5 | BA81: #N/A | BB81: 0.25 | BC81: 0.6 | BD81: 0.3333 | BE81: 0.1667 | BM81: 0 | BN81: 0 | BO81: 2 | BP81: 0 | BQ81: 7 | BY81: 未出单 | BZ81: Y | CA81: Y | CB81: Y | CC81: Y | CK81: 正常 | CL81: 正常 | CM81: 正常 | CN81: 正常 | CO81: 正常 | CW81: 正常 | CX81: 正常 | CY81: 正常 | CZ81: 正常 | DA81: 正常 | DJ81: #N/A | DK81: 竞争无优势 | DL81: 竞争无优势 | DM81: 竞争无优势 | DN81: 竞争无优势 | DV81: 未上架 | DW81: 无异常 | DX81: 无异常 | DY81: 无异常 | DZ81: 无异常 | EC81: Y | ED81: Y | EE81: Y | EF81: Y | EG81: Y | EH81: 0.83 | EI81: 0 | EJ81: 未上架 | EK81: 0 | EL81: 0 | EM81: 0 | EN81: 0.035 | EO81: 0.035 | EP81: 0 | EQ81: 0
A82: 12604 | B82: LYAM-X2439 | C82: 46141 | D82: =IF(_xlfn.XLOOKUP(A82,[1]分配表!J:J,[1]分配表!M:M)=0,"未出单",_xlfn.XLOOKUP(A82,[1]分配表!J:J,[1]分配表!M:M)) -> 46152 | E82: =_xlfn.XLOOKUP(A82,[1]分配表!A:A,[1]分配表!C:C) -> 王偲涵 | F82: =IF(_xlfn.XLOOKUP($A82,[1]分配表!$A:$A,[1]分配表!D:D)=0,"未分类",_xlfn.XLOOKUP($A82,[1]分配表!$A:$A,[1]分配表!D:D)) -> 车身外扩件 | G82: =_xlfn.XLOOKUP(A82,[1]分配表!J:J,[1]分配表!I:I) -> 原开品 | H82: 未上架 | I82: 未上架 | J82: 未上架 | K82: 未上架 | L82: 未上架 | M82: 未上架 | N82: 未上架 | O82: 0 | P82: 0 | Q82: 2 | R82: 0 | S82: 0 | T82: =IFERROR(S82-R82,S82) -> 0 | AB82: 0 | AC82: 0 | AD82: 284 | AE82: 0 | AF82: 0 | AG82: =IFERROR(AF82-AE82,AF82) -> 0 | AO82: #N/A | AP82: 0 | AQ82: 0 | AR82: 0 | AS82: 0 | BA82: #N/A | BB82: 市场无出单 | BC82: 1 | BD82: 1 | BE82: 市场无出单 | BM82: 未分析 | BN82: 6 | BO82: 13 | BP82: 20 | BQ82: 1 | BY82: 未出单 | BZ82: 未出单 | CA82: N | CB82: N | CC82: N | CK82: 正常 | CL82: 正常 | CM82: 异常 | CN82: 异常 | CO82: 正常 | CW82: 异常 | CX82: 异常 | CY82: 正常 | CZ82: 正常 | DA82: 正常 | DJ82: #N/A | DK82: 无市场 | DL82: 正常 | DM82: 正常 | DN82: 无市场 | DV82: 未上架 | DW82: 广告-PLP | DX82: 无调整 | DY82: 本期不分析 | DZ82: 链接优化 | EC82: Y | ED82: Y | EE82: Y | EF82: Y | EG82: Y | EH82: 1.15 | EI82: 0 | EJ82: 未上架 | EK82: 0 | EL82: 0 | EM82: 0 | EN82: 0 | EO82: 0 | EP82: 0 | EQ82: 0
A83: 12526 | B83: LYAM-X2443 | C83: 46141 | D83: =IF(_xlfn.XLOOKUP(A83,[1]分配表!J:J,[1]分配表!M:M)=0,"未出单",_xlfn.XLOOKUP(A83,[1]分配表!J:J,[1]分配表!M:M)) -> 46154 | E83: =_xlfn.XLOOKUP(A83,[1]分配表!A:A,[1]分配表!C:C) -> 王偲涵 | F83: =IF(_xlfn.XLOOKUP($A83,[1]分配表!$A:$A,[1]分配表!D:D)=0,"未分类",_xlfn.XLOOKUP($A83,[1]分配表!$A:$A,[1]分配表!D:D)) -> 车身外扩件 | G83: =_xlfn.XLOOKUP(A83,[1]分配表!J:J,[1]分配表!I:I) -> 原开品 | H83: 未上架 | I83: 未上架 | J83: 未上架 | K83: 未上架 | L83: 未上架 | M83: 未上架 | N83: 未上架 | O83: 0 | P83: 0 | Q83: 2 | R83: 1 | S83: 0 | T83: =IFERROR(S83-R83,S83) -> -1 | AB83: 0 | AC83: 0 | AD83: 310 | AE83: 155 | AF83: 0 | AG83: =IFERROR(AF83-AE83,AF83) -> -155 | AO83: #N/A | AP83: 0 | AQ83: 0 | AR83: 0 | AS83: 0 | BA83: #N/A | BB83: 市场无出单 | BC83: 市场无出单 | BD83: 1 | BE83: 1 | BM83: 未分析 | BN83: 6 | BO83: 1 | BP83: 8 | BQ83: 1 | BY83: 未出单 | BZ83: 未出单 | CA83: N | CB83: N | CC83: N | CK83: 正常 | CL83: 正常 | CM83: 正常 | CN83: 异常 | CO83: 正常 | CW83: 异常 | CX83: 异常 | CY83: 正常 | CZ83: 正常 | DA83: 正常 | DJ83: #N/A | DK83: 无市场 | DL83: 无市场 | DM83: 正常 | DN83: 正常 | DV83: 未上架 | DW83: 广告-PLP | DX83: 链接优化 | DY83: 无异常 | DZ83: 链接优化 | EC83: Y | ED83: Y | EE83: Y | EF83: Y | EG83: Y | EH83: 11.37 | EI83: 165.85 | EJ83: 未上架 | EK83: 0 | EL83: 0 | EM83: 0 | EN83: 0 | EO83: 0 | EP83: 0 | EQ83: 0
A84: 12590 | B84: LYAM-X2450-SL | C84: 46141 | D84: =IF(_xlfn.XLOOKUP(A84,[1]分配表!J:J,[1]分配表!M:M)=0,"未出单",_xlfn.XLOOKUP(A84,[1]分配表!J:J,[1]分配表!M:M)) -> 46143 | E84: =_xlfn.XLOOKUP(A84,[1]分配表!A:A,[1]分配表!C:C) -> 王偲涵 | F84: =IF(_xlfn.XLOOKUP($A84,[1]分配表!$A:$A,[1]分配表!D:D)=0,"未分类",_xlfn.XLOOKUP($A84,[1]分配表!$A:$A,[1]分配表!D:D)) -> 车身外扩件 | G84: =_xlfn.XLOOKUP(A84,[1]分配表!J:J,[1]分配表!I:I) -> 原开品 | H84: 未上架 | I84: 未上架 | J84: 未上架 | K84: 未上架 | L84: 未上架 | M84: 未上架 | N84: 未上架 | O84: 0 | P84: 1 | Q84: 1 | R84: 1 | S84: 2 | T84: =IFERROR(S84-R84,S84) -> 1 | AB84: 0 | AC84: 125 | AD84: 125 | AE84: 125 | AF84: 250 | AG84: =IFERROR(AF84-AE84,AF84) -> 125 | AO84: #N/A | AP84: 4 | AQ84: 1 | AR84: 0 | AS84: 0 | BA84: #N/A | BB84: 0.2 | BC84: 0.5 | BD84: 市场无出单 | BE84: 1 | BM84: 未分析 | BN84: 6 | BO84: 13 | BP84: 2 | BQ84: 1 | BY84: 未出单 | BZ84: Y | CA84: Y | CB84: Y | CC84: Y | CK84: 正常 | CL84: 正常 | CM84: 异常 | CN84: 正常 | CO84: 正常 | CW84: 异常 | CX84: 异常 | CY84: 正常 | CZ84: 正常 | DA84: 正常 | DJ84: #N/A | DK84: 竞争无优势 | DL84: 竞争无优势 | DM84: 无市场 | DN84: 正常 | DV84: 未上架 | DW84: 广告-PLP | DX84: 无调整 | DY84: 本期不分析 | DZ84: 无异常 | EC84: Y | ED84: Y | EE84: Y | EF84: Y | EG84: Y | EH84: 14.08 | EI84: 135.31 | EJ84: 未上架 | EK84: 0 | EL84: 0 | EM84: 0 | EN84: 0 | EO84: 0 | EP84: 0 | EQ84: 0
A85: 12586 | B85: LYAP-X1909 | C85: 46141 | D85: =IF(_xlfn.XLOOKUP(A85,[1]分配表!J:J,[1]分配表!M:M)=0,"未出单",_xlfn.XLOOKUP(A85,[1]分配表!J:J,[1]分配表!M:M)) -> 46142 | E85: =_xlfn.XLOOKUP(A85,[1]分配表!A:A,[1]分配表!C:C) -> 朱培源 | F85: =IF(_xlfn.XLOOKUP($A85,[1]分配表!$A:$A,[1]分配表!D:D)=0,"未分类",_xlfn.XLOOKUP($A85,[1]分配表!$A:$A,[1]分配表!D:D)) -> 机盖及附件 | G85: =_xlfn.XLOOKUP(A85,[1]分配表!J:J,[1]分配表!I:I) -> 原开品 | H85: 未上架 | I85: 未上架 | J85: 未上架 | K85: 未上架 | L85: 未上架 | M85: 未上架 | N85: 未上架 | O85: 0 | P85: 2 | Q85: 0 | R85: 8 | S85: 1 | T85: =IFERROR(S85-R85,S85) -> -7 | AB85: 0 | AC85: 140 | AD85: 0 | AE85: 560 | AF85: 70 | AG85: =IFERROR(AF85-AE85,AF85) -> -490 | AO85: #N/A | AP85: 2 | AQ85: 0 | AR85: 0 | AS85: 1 | BA85: #N/A | BB85: 0.3333 | BC85: 1 | BD85: 1 | BE85: 0.8 | BM85: 0 | BN85: 7 | BO85: 4 | BP85: 11 | BQ85: 0 | BY85: 未出单 | BZ85: Y | CA85: Y | CB85: Y | CC85: Y | CK85: 正常 | CL85: 异常 | CM85: 正常 | CN85: 异常 | CO85: 正常 | CW85: 正常 | CX85: 异常 | CY85: 正常 | CZ85: 正常 | DA85: 正常 | DJ85: #N/A | DK85: 竞争无优势 | DL85: 正常 | DM85: 正常 | DN85: 正常 | DV85: 未上架 | DW85: 无异常 | DX85: 无调整 | DY85: 无异常 | DZ85: 降价测试-市场无对手 | EC85: Y | ED85: Y | EE85: Y | EF85: Y | EG85: Y | EH85: 0 | EI85: 0 | EJ85: 未上架 | EK85: 0 | EL85: 0 | EM85: 0 | EN85: 0 | EO85: 0 | EP85: 0 | EQ85: 0
A86: 12615 | B86: LYAP-X2042-FL | C86: 46141 | D86: =IF(_xlfn.XLOOKUP(A86,[1]分配表!J:J,[1]分配表!M:M)=0,"未出单",_xlfn.XLOOKUP(A86,[1]分配表!J:J,[1]分配表!M:M)) -> 46150 | E86: =_xlfn.XLOOKUP(A86,[1]分配表!A:A,[1]分配表!C:C) -> 王偲涵 | F86: =IF(_xlfn.XLOOKUP($A86,[1]分配表!$A:$A,[1]分配表!D:D)=0,"未分类",_xlfn.XLOOKUP($A86,[1]分配表!$A:$A,[1]分配表!D:D)) -> 其他 | G86: =_xlfn.XLOOKUP(A86,[1]分配表!J:J,[1]分配表!I:I) -> 原开品 | H86: 未上架 | I86: 未上架 | J86: 未上架 | K86: 未上架 | L86: 未上架 | M86: 未上架 | N86: 未上架 | O86: 0 | P86: 0 | Q86: 1 | R86: 0 | S86: 0 | T86: =IFERROR(S86-R86,S86) -> 0 | AB86: 0 | AC86: 0 | AD86: 95 | AE86: 0 | AF86: 0 | AG86: =IFERROR(AF86-AE86,AF86) -> 0 | AO86: #N/A | AP86: 1 | AQ86: 0 | AR86: 0 | AS86: 0 | BA86: #N/A | BB86: 0 | BC86: 1 | BD86: 市场无出单 | BE86: 市场无出单 | BM86: 未分析 | BN86: 6 | BO86: 1 | BP86: 8 | BQ86: 1 | BY86: 未出单 | BZ86: 未出单 | CA86: N | CB86: N | CC86: N | CK86: 正常 | CL86: 正常 | CM86: 正常 | CN86: 异常 | CO86: 正常 | CW86: 异常 | CX86: 异常 | CY86: 正常 | CZ86: 正常 | DA86: 正常 | DJ86: #N/A | DK86: 竞争无优势 | DL86: 正常 | DM86: 无市场 | DN86: 站外出单 | DV86: 未上架 | DW86: 无调整 | DX86: 无调整 | DY86: 无异常 | DZ86: 广告-PLG | EC86: N | ED86: N | EE86: N | EF86: N | EG86: N | EH86: 0 | EI86: 0 | EJ86: 未上架 | EK86: 0.02 | EL86: 0 | EM86: 0 | EN86: 0 | EO86: 0 | EP86: 0 | EQ86: 0
A87: 12616 | B87: LYAP-X2042-FR | C87: 46141 | D87: =IF(_xlfn.XLOOKUP(A87,[1]分配表!J:J,[1]分配表!M:M)=0,"未出单",_xlfn.XLOOKUP(A87,[1]分配表!J:J,[1]分配表!M:M)) -> 46145 | E87: =_xlfn.XLOOKUP(A87,[1]分配表!A:A,[1]分配表!C:C) -> 王偲涵 | F87: =IF(_xlfn.XLOOKUP($A87,[1]分配表!$A:$A,[1]分配表!D:D)=0,"未分类",_xlfn.XLOOKUP($A87,[1]分配表!$A:$A,[1]分配表!D:D)) -> 其他 | G87: =_xlfn.XLOOKUP(A87,[1]分配表!J:J,[1]分配表!I:I) -> 原开品 | H87: 未上架 | I87: 未上架 | J87: 未上架 | K87: 未上架 | L87: 未上架 | M87: 未上架 | N87: 未上架 | O87: 0 | P87: 2 | Q87: 1 | R87: 0 | S87: 0 | T87: =IFERROR(S87-R87,S87) -> 0 | AB87: 0 | AC87: 190 | AD87: 95 | AE87: 0 | AF87: 0 | AG87: =IFERROR(AF87-AE87,AF87) -> 0 | AO87: #N/A | AP87: 0 | AQ87: 0 | AR87: 1 | AS87: 0 | BA87: #N/A | BB87: 1 | BC87: 1 | BD87: 0 | BE87: 市场无出单 | BM87: 未分析 | BN87: 6 | BO87: 1 | BP87: 8 | BQ87: 1 | BY87: 未出单 | BZ87: Y | CA87: Y | CB87: Y | CC87: Y | CK87: 正常 | CL87: 正常 | CM87: 正常 | CN87: 异常 | CO87: 正常 | CW87: 异常 | CX87: 异常 | CY87: 正常 | CZ87: 正常 | DA87: 正常 | DJ87: #N/A | DK87: 正常 | DL87: 正常 | DM87: 竞争无优势 | DN87: 站外出单 | DV87: 未上架 | DW87: 无调整 | DX87: 广告-PLP | DY87: 无异常 | DZ87: 广告-PLG | EC87: N | ED87: N | EE87: N | EF87: N | EG87: N | EH87: 0 | EI87: 0 | EJ87: 未上架 | EK87: 0.02 | EL87: 0 | EM87: 0 | EN87: 0 | EO87: 0 | EP87: 0 | EQ87: 0
A88: 12572 | B88: LYAP-X2317-L | C88: 46141 | D88: =IF(_xlfn.XLOOKUP(A88,[1]分配表!J:J,[1]分配表!M:M)=0,"未出单",_xlfn.XLOOKUP(A88,[1]分配表!J:J,[1]分配表!M:M)) -> 46147 | E88: =_xlfn.XLOOKUP(A88,[1]分配表!A:A,[1]分配表!C:C) -> 胡煜星 | F88: =IF(_xlfn.XLOOKUP($A88,[1]分配表!$A:$A,[1]分配表!D:D)=0,"未分类",_xlfn.XLOOKUP($A88,[1]分配表!$A:$A,[1]分配表!D:D)) -> 其他 | G88: =_xlfn.XLOOKUP(A88,[1]分配表!J:J,[1]分配表!I:I) -> 拓展品 | H88: 未上架 | I88: 未上架 | J88: 未上架 | K88: 未上架 | L88: 未上架 | M88: 未上架 | N88: 未上架 | O88: 0 | P88: 1 | Q88: 1 | R88: 0 | S88: 2 | T88: =IFERROR(S88-R88,S88) -> 2 | AB88: 0 | AC88: 60 | AD88: 60 | AE88: 0 | AF88: 120 | AG88: =IFERROR(AF88-AE88,AF88) -> 120 | AO88: #N/A | AP88: 0 | AQ88: 0 | AR88: 0 | AS88: 0 | BA88: #N/A | BB88: 市场无出单 | BC88: 1 | BD88: 市场无出单 | BE88: 1 | BM88: 未分析 | BN88: 0 | BO88: 7 | BP88: 14 | BQ88: 0 | BY88: 未出单 | BZ88: 未出单 | CA88: Y | CB88: Y | CC88: Y | CK88: 正常 | CL88: 正常 | CM88: 正常 | CN88: 异常 | CO88: 正常 | CW88: 异常 | CX88: 正常 | CY88: 正常 | CZ88: 正常 | DA88: 正常 | DJ88: #N/A | DK88: 无市场 | DL88: 正常 | DM88: 无市场 | DN88: 正常 | DV88: 未上架 | DW88: 无调整 | DX88: 无异常 | DY88: 无异常 | DZ88: 无调整 | EC88: Y | ED88: Y | EE88: Y | EF88: Y | EG88: Y | EH88: 1.09 | EI88: 0 | EJ88: 未上架 | EK88: 0 | EL88: 0 | EM88: 0 | EN88: 0 | EO88: 0 | EP88: 0 | EQ88: 0
A89: 12573 | B89: LYAP-X2317-R | C89: 46141 | D89: =IF(_xlfn.XLOOKUP(A89,[1]分配表!J:J,[1]分配表!M:M)=0,"未出单",_xlfn.XLOOKUP(A89,[1]分配表!J:J,[1]分配表!M:M)) -> 46152 | E89: =_xlfn.XLOOKUP(A89,[1]分配表!A:A,[1]分配表!C:C) -> 胡煜星 | F89: =IF(_xlfn.XLOOKUP($A89,[1]分配表!$A:$A,[1]分配表!D:D)=0,"未分类",_xlfn.XLOOKUP($A89,[1]分配表!$A:$A,[1]分配表!D:D)) -> 其他 | G89: =_xlfn.XLOOKUP(A89,[1]分配表!J:J,[1]分配表!I:I) -> 拓展品 | H89: 未上架 | I89: 未上架 | J89: 未上架 | K89: 未上架 | L89: 未上架 | M89: 未上架 | N89: 未上架 | O89: 0 | P89: 0 | Q89: 1 | R89: 1 | S89: 1 | T89: =IFERROR(S89-R89,S89) -> 0 | AB89: 0 | AC89: 0 | AD89: 60 | AE89: 60 | AF89: 60 | AG89: =IFERROR(AF89-AE89,AF89) -> 0 | AO89: #N/A | AP89: 0 | AQ89: 0 | AR89: 0 | AS89: 0 | BA89: #N/A | BB89: 市场无出单 | BC89: 1 | BD89: 1 | BE89: 1 | BM89: 未分析 | BN89: 0 | BO89: 7 | BP89: 14 | BQ89: 0 | BY89: 未出单 | BZ89: 未出单 | CA89: N | CB89: N | CC89: N | CK89: 正常 | CL89: 正常 | CM89: 正常 | CN89: 异常 | CO89: 正常 | CW89: 异常 | CX89: 正常 | CY89: 正常 | CZ89: 正常 | DA89: 正常 | DJ89: #N/A | DK89: 无市场 | DL89: 正常 | DM89: 正常 | DN89: 正常 | DV89: 未上架 | DW89: 广告-PLG | DX89: 无异常 | DY89: 无异常 | DZ89: 无调整 | EC89: Y | ED89: Y | EE89: Y | EF89: Y | EG89: Y | EH89: 0.35 | EI89: 0 | EJ89: 未上架 | EK89: 0 | EL89: 0 | EM89: 0.02 | EN89: 0 | EO89: 0 | EP89: 1.91 | EQ89: 63.6
A90: 12650 | B90: LYAP-X2318 | C90: 46141 | D90: =IF(_xlfn.XLOOKUP(A90,[1]分配表!J:J,[1]分配表!M:M)=0,"未出单",_xlfn.XLOOKUP(A90,[1]分配表!J:J,[1]分配表!M:M)) -> 46158 | E90: =_xlfn.XLOOKUP(A90,[1]分配表!A:A,[1]分配表!C:C) -> 张潇 | F90: =IF(_xlfn.XLOOKUP($A90,[1]分配表!$A:$A,[1]分配表!D:D)=0,"未分类",_xlfn.XLOOKUP($A90,[1]分配表!$A:$A,[1]分配表!D:D)) -> 其他 | G90: =_xlfn.XLOOKUP(A90,[1]分配表!J:J,[1]分配表!I:I) -> 原开品 | H90: 未上架 | I90: 未上架 | J90: 未上架 | K90: 未上架 | L90: 未上架 | M90: 未上架 | N90: 未上架 | O90: 0 | P90: 0 | Q90: 0 | R90: 2 | S90: 0 | T90: =IFERROR(S90-R90,S90) -> -2 | AB90: 0 | AC90: 0 | AD90: 0 | AE90: 159.8 | AF90: 0 | AG90: =IFERROR(AF90-AE90,AF90) -> -159.8 | AO90: #N/A | AP90: 0 | AQ90: 0 | AR90: 0 | AS90: 0 | BA90: #N/A | BB90: 市场无出单 | BC90: 市场无出单 | BD90: 1 | BE90: 市场无出单 | BM90: 未分析 | BN90: 0 | BO90: 2 | BP90: 2 | BQ90: 9 | BY90: 未出单 | BZ90: 未出单 | CA90: 未出单 | CB90: N | CC90: N | CK90: 正常 | CL90: 正常 | CM90: 正常 | CN90: 正常 | CO90: 异常 | CW90: 异常 | CX90: 正常 | CY90: 正常 | CZ90: 正常 | DA90: 正常 | DJ90: #N/A | DK90: 无市场 | DL90: 无市场 | DM90: 正常 | DN90: 无市场 | DV90: 未上架 | DW90: 无异常 | DX90: 无异常 | DY90: 无调整 | DZ90: 无异常 | EC90: Y | ED90: Y | EE90: Y | EF90: Y | EG90: Y | EH90: 10.29 | EI90: 84.29 | EJ90: 未上架 | EK90: 0 | EL90: 0 | EM90: 0.02 | EN90: 0.02 | EO90: 0.02 | EP90: 0 | EQ90: 0
A91: 12649 | B91: LYAP-X2385 | C91: 46141 | D91: =IF(_xlfn.XLOOKUP(A91,[1]分配表!J:J,[1]分配表!M:M)=0,"未出单",_xlfn.XLOOKUP(A91,[1]分配表!J:J,[1]分配表!M:M)) -> 46153 | E91: =_xlfn.XLOOKUP(A91,[1]分配表!A:A,[1]分配表!C:C) -> 张潇 | F91: =IF(_xlfn.XLOOKUP($A91,[1]分配表!$A:$A,[1]分配表!D:D)=0,"未分类",_xlfn.XLOOKUP($A91,[1]分配表!$A:$A,[1]分配表!D:D)) -> 其他 | G91: =_xlfn.XLOOKUP(A91,[1]分配表!J:J,[1]分配表!I:I) -> 原开品 | H91: 未上架 | I91: 未上架 | J91: 未上架 | K91: 未上架 | L91: 未上架 | M91: 未上架 | N91: 未上架 | O91: 0 | P91: 0 | Q91: 1 | R91: 0 | S91: 2 | T91: =IFERROR(S91-R91,S91) -> 2 | AB91: 0 | AC91: 0 | AD91: 120 | AE91: 0 | AF91: 240 | AG91: =IFERROR(AF91-AE91,AF91) -> 240 | AO91: #N/A | AP91: 0 | AQ91: 0 | AR91: 0 | AS91: 0 | BA91: #N/A | BB91: 市场无出单 | BC91: 1 | BD91: 市场无出单 | BE91: 1 | BM91: 未分析 | BN91: 0 | BO91: 2 | BP91: 2 | BQ91: 9 | BY91: 未出单 | BZ91: 未出单 | CA91: N | CB91: N | CC91: N | CK91: 正常 | CL91: 正常 | CM91: 正常 | CN91: 正常 | CO91: 异常 | CW91: 异常 | CX91: 正常 | CY91: 正常 | CZ91: 正常 | DA91: 正常 | DJ91: #N/A | DK91: 无市场 | DL91: 正常 | DM91: 站外出单 | DN91: 正常 | DV91: 未上架 | DW91: 无异常 | DX91: 无异常 | DY91: 无异常 | DZ91: 无异常 | EC91: Y | ED91: Y | EE91: Y | EF91: Y | EG91: Y | EH91: 1.37 | EI91: 0 | EJ91: 未上架 | EK91: 0 | EL91: 0 | EM91: 0.02 | EN91: 0.02 | EO91: 0.02 | EP91: 2.57 | EQ91: 128.4
A92: 12632 | B92: LYAP-X2428-3 | C92: 46142 | D92: =IF(_xlfn.XLOOKUP(A92,[1]分配表!J:J,[1]分配表!M:M)=0,"未出单",_xlfn.XLOOKUP(A92,[1]分配表!J:J,[1]分配表!M:M)) -> 未出单 | E92: =_xlfn.XLOOKUP(A92,[1]分配表!A:A,[1]分配表!C:C) -> 俞东旭 | F92: =IF(_xlfn.XLOOKUP($A92,[1]分配表!$A:$A,[1]分配表!D:D)=0,"未分类",_xlfn.XLOOKUP($A92,[1]分配表!$A:$A,[1]分配表!D:D)) -> 车门系统 | G92: =_xlfn.XLOOKUP(A92,[1]分配表!J:J,[1]分配表!I:I) -> 拓展品 | H92: 未上架 | I92: 未上架 | J92: 未上架 | K92: 未上架 | L92: 未上架 | M92: 未上架 | N92: 未上架 | O92: 未上架 | P92: 0 | Q92: 0 | R92: 0 | S92: 0 | T92: =IFERROR(S92-R92,S92) -> 0 | AA92: 未上架 | AB92: 未上架 | AC92: 0 | AD92: 0 | AE92: 0 | AF92: 0 | AG92: =IFERROR(AF92-AE92,AF92) -> 0 | AM92: 未上架 | AN92: 未上架 | AO92: 未上架 | AP92: 0 | AQ92: 0 | AR92: 0 | AS92: 0 | AT92: 未上架 | AU92: 未上架 | AV92: 未上架 | AW92: 未上架 | AX92: 未上架 | AY92: 未上架 | AZ92: 未上架 | BA92: 未上架 | BB92: 市场无出单 | BC92: 市场无出单 | BD92: 市场无出单 | BE92: 市场无出单 | BF92: 未上架 | BG92: 未上架 | BH92: 未上架 | BI92: 未上架 | BJ92: 未上架 | BK92: 未上架 | BL92: 未上架 | BM92: 未上架 | BN92: 6 | BO92: 1 | BP92: 8 | BQ92: 15 | BR92: 未上架 | BS92: 未上架 | BT92: 未上架 | BU92: 未上架 | BV92: 未上架 | BW92: 未上架 | BX92: 未上架 | BY92: 未上架 | BZ92: 未出单 | CA92: 未出单 | CB92: 未出单 | CC92: 未出单 | CD92: 未上架 | CE92: 未上架 | CF92: 未上架 | CG92: 未上架 | CH92: 未上架 | CI92: 未上架 | CJ92: 未上架 | CK92: 未上架 | CL92: 正常 | CM92: 正常 | CN92: 异常 | CO92: 异常 | CP92: 未上架 | CQ92: 未上架 | CR92: 未上架 | CS92: 未上架 | CT92: 未上架 | CU92: 未上架 | CV92: 未上架 | CW92: 未上架 | CX92: 异常 | CY92: 正常 | CZ92: 正常 | DA92: 正常 | DB92: 未上架 | DC92: 未上架 | DD92: 未上架 | DE92: 未上架 | DF92: 未上架 | DG92: 未上架 | DH92: 未上架 | DI92: 未上架 | DJ92: 未上架 | DK92: 无市场 | DL92: 无市场 | DM92: 无市场 | DN92: 无市场 | DO92: 未上架 | DP92: 未上架 | DQ92: 未上架 | DR92: 未上架 | DS92: 未上架 | DT92: 未上架 | DU92: 未上架 | DV92: 未上架 | DW92: 无异常 | DX92: 降价测试-市场无对手 | DY92: 无异常 | DZ92: 无调整 | EA92: 未上架 | EB92: 未上架 | EC92: N | ED92: N | EE92: N | EF92: N | EG92: N | EH92: 0 | EI92: 0 | EJ92: 未上架 | EK92: 未上架 | EL92: 0 | EM92: 0 | EN92: 0 | EO92: 0 | EP92: 0 | EQ92: 0
A93: 12631 | B93: LYAP-X2428-2 | C93: 46142 | D93: =IF(_xlfn.XLOOKUP(A93,[1]分配表!J:J,[1]分配表!M:M)=0,"未出单",_xlfn.XLOOKUP(A93,[1]分配表!J:J,[1]分配表!M:M)) -> 46142 | E93: =_xlfn.XLOOKUP(A93,[1]分配表!A:A,[1]分配表!C:C) -> 俞东旭 | F93: =IF(_xlfn.XLOOKUP($A93,[1]分配表!$A:$A,[1]分配表!D:D)=0,"未分类",_xlfn.XLOOKUP($A93,[1]分配表!$A:$A,[1]分配表!D:D)) -> 车门系统 | G93: =_xlfn.XLOOKUP(A93,[1]分配表!J:J,[1]分配表!I:I) -> 拓展品 | H93: 未上架 | I93: 未上架 | J93: 未上架 | K93: 未上架 | L93: 未上架 | M93: 未上架 | N93: 未上架 | O93: 未上架 | P93: 3 | Q93: 5 | R93: 6 | S93: 2 | T93: =IFERROR(S93-R93,S93) -> -4 | AA93: 未上架 | AB93: 未上架 | AC93: 375 | AD93: 625 | AE93: 750 | AF93: 250 | AG93: =IFERROR(AF93-AE93,AF93) -> -500 | AM93: 未上架 | AN93: 未上架 | AO93: 未上架 | AP93: 0 | AQ93: 0 | AR93: 0 | AS93: 0 | AT93: 未上架 | AU93: 未上架 | AV93: 未上架 | AW93: 未上架 | AX93: 未上架 | AY93: 未上架 | AZ93: 未上架 | BA93: 未上架 | BB93: 1 | BC93: 1 | BD93: 1 | BE93: 1 | BF93: 未上架 | BG93: 未上架 | BH93: 未上架 | BI93: 未上架 | BJ93: 未上架 | BK93: 未上架 | BL93: 未上架 | BM93: 未上架 | BN93: 6 | BO93: 1 | BP93: 8 | BQ93: 15 | BR93: 未上架 | BS93: 未上架 | BT93: 未上架 | BU93: 未上架 | BV93: 未上架 | BW93: 未上架 | BX93: 未上架 | BY93: 未上架 | BZ93: Y | CA93: Y | CB93: Y | CC93: Y | CD93: 未上架 | CE93: 未上架 | CF93: 未上架 | CG93: 未上架 | CH93: 未上架 | CI93: 未上架 | CJ93: 未上架 | CK93: 未上架 | CL93: 正常 | CM93: 正常 | CN93: 异常 | CO93: 异常 | CP93: 未上架 | CQ93: 未上架 | CR93: 未上架 | CS93: 未上架 | CT93: 未上架 | CU93: 未上架 | CV93: 未上架 | CW93: 未上架 | CX93: 异常 | CY93: 正常 | CZ93: 正常 | DA93: 正常 | DB93: 未上架 | DC93: 未上架 | DD93: 未上架 | DE93: 未上架 | DF93: 未上架 | DG93: 未上架 | DH93: 未上架 | DI93: 未上架 | DJ93: 未上架 | DK93: 正常 | DL93: 正常 | DM93: 正常 | DN93: 正常 | DO93: 未上架 | DP93: 未上架 | DQ93: 未上架 | DR93: 未上架 | DS93: 未上架 | DT93: 未上架 | DU93: 未上架 | DV93: 未上架 | DW93: 无异常 | DX93: 无调整 | DY93: 无异常 | DZ93: 无调整 | EA93: 未上架 | EB93: 未上架 | EC93: N | ED93: N | EE93: N | EF93: N | EG93: N | EH93: 0 | EI93: 0 | EJ93: 未上架 | EK93: 未上架 | EL93: 0 | EM93: 0 | EN93: 0 | EO93: 0 | EP93: 0 | EQ93: 0
A94: 12630 | B94: LYAP-X2428-1 | C94: 46142 | D94: =IF(_xlfn.XLOOKUP(A94,[1]分配表!J:J,[1]分配表!M:M)=0,"未出单",_xlfn.XLOOKUP(A94,[1]分配表!J:J,[1]分配表!M:M)) -> 46144 | E94: =_xlfn.XLOOKUP(A94,[1]分配表!A:A,[1]分配表!C:C) -> 俞东旭 | F94: =IF(_xlfn.XLOOKUP($A94,[1]分配表!$A:$A,[1]分配表!D:D)=0,"未分类",_xlfn.XLOOKUP($A94,[1]分配表!$A:$A,[1]分配表!D:D)) -> 车门系统 | G94: =_xlfn.XLOOKUP(A94,[1]分配表!J:J,[1]分配表!I:I) -> 原开品 | H94: 未上架 | I94: 未上架 | J94: 未上架 | K94: 未上架 | L94: 未上架 | M94: 未上架 | N94: 未上架 | O94: 未上架 | P94: 1 | Q94: 1 | R94: 0 | S94: 2 | T94: =IFERROR(S94-R94,S94) -> 2 | AA94: 未上架 | AB94: 未上架 | AC94: 245 | AD94: 245 | AE94: 0 | AF94: 490 | AG94: =IFERROR(AF94-AE94,AF94) -> 490 | AM94: 未上架 | AN94: 未上架 | AO94: 未上架 | AP94: 0 | AQ94: 0 | AR94: 0 | AS94: 0 | AT94: 未上架 | AU94: 未上架 | AV94: 未上架 | AW94: 未上架 | AX94: 未上架 | AY94: 未上架 | AZ94: 未上架 | BA94: 未上架 | BB94: 1 | BC94: 1 | BD94: 市场无出单 | BE94: 1 | BF94: 未上架 | BG94: 未上架 | BH94: 未上架 | BI94: 未上架 | BJ94: 未上架 | BK94: 未上架 | BL94: 未上架 | BM94: 未上架 | BN94: 6 | BO94: 1 | BP94: 8 | BQ94: 15 | BR94: 未上架 | BS94: 未上架 | BT94: 未上架 | BU94: 未上架 | BV94: 未上架 | BW94: 未上架 | BX94: 未上架 | BY94: 未上架 | BZ94: Y | CA94: Y | CB94: Y | CC94: Y | CD94: 未上架 | CE94: 未上架 | CF94: 未上架 | CG94: 未上架 | CH94: 未上架 | CI94: 未上架 | CJ94: 未上架 | CK94: 未上架 | CL94: 正常 | CM94: 正常 | CN94: 异常 | CO94: 异常 | CP94: 未上架 | CQ94: 未上架 | CR94: 未上架 | CS94: 未上架 | CT94: 未上架 | CU94: 未上架 | CV94: 未上架 | CW94: 未上架 | CX94: 异常 | CY94: 正常 | CZ94: 正常 | DA94: 正常 | DB94: 未上架 | DC94: 未上架 | DD94: 未上架 | DE94: 未上架 | DF94: 未上架 | DG94: 未上架 | DH94: 未上架 | DI94: 未上架 | DJ94: 未上架 | DK94: 正常 | DL94: 正常 | DM94: 无市场 | DN94: 正常 | DO94: 未上架 | DP94: 未上架 | DQ94: 未上架 | DR94: 未上架 | DS94: 未上架 | DT94: 未上架 | DU94: 未上架 | DV94: 未上架 | DW94: 无异常 | DX94: 无调整 | DY94: 无异常 | DZ94: 无调整 | EA94: 未上架 | EB94: 未上架 | EC94: N | ED94: N | EE94: N | EF94: N | EG94: N | EH94: 0 | EI94: 0 | EJ94: 未上架 | EK94: 未上架 | EL94: 0 | EM94: 0 | EN94: 0 | EO94: 0 | EP94: 0 | EQ94: 0
A95: 12587 | B95: LYAP-X1360-1L | C95: 46142 | D95: =IF(_xlfn.XLOOKUP(A95,[1]分配表!J:J,[1]分配表!M:M)=0,"未出单",_xlfn.XLOOKUP(A95,[1]分配表!J:J,[1]分配表!M:M)) -> 46144 | E95: =_xlfn.XLOOKUP(A95,[1]分配表!A:A,[1]分配表!C:C) -> 章鹏 | F95: =IF(_xlfn.XLOOKUP($A95,[1]分配表!$A:$A,[1]分配表!D:D)=0,"未分类",_xlfn.XLOOKUP($A95,[1]分配表!$A:$A,[1]分配表!D:D)) -> 饰条 | G95: =_xlfn.XLOOKUP(A95,[1]分配表!J:J,[1]分配表!I:I) -> 拓展品 | H95: 未上架 | I95: 未上架 | J95: 未上架 | K95: 未上架 | L95: 未上架 | M95: 未上架 | N95: 未上架 | O95: 未上架 | P95: 4 | Q95: 3 | R95: 2 | S95: 3 | T95: =IFERROR(S95-R95,S95) -> 1 | AA95: 未上架 | AB95: 未上架 | AC95: 152.89 | AD95: 121 | AE95: 90 | AF95: 142.98 | AG95: =IFERROR(AF95-AE95,AF95) -> 52.98 | AM95: 未上架 | AN95: 未上架 | AO95: 未上架 | AP95: 2 | AQ95: 1 | AR95: 3 | AS95: 2 | AT95: 未上架 | AU95: 未上架 | AV95: 未上架 | AW95: 未上架 | AX95: 未上架 | AY95: 未上架 | AZ95: 未上架 | BA95: 未上架 | BB95: 0.6 | BC95: 0.75 | BD95: 0.4 | BE95: 0.5 | BF95: 未上架 | BG95: 未上架 | BH95: 未上架 | BI95: 未上架 | BJ95: 未上架 | BK95: 未上架 | BL95: 未上架 | BM95: 未上架 | BN95: 6 | BO95: 2 | BP95: 9 | BQ95: 5 | BR95: 未上架 | BS95: 未上架 | BT95: 未上架 | BU95: 未上架 | BV95: 未上架 | BW95: 未上架 | BX95: 未上架 | BY95: 未上架 | BZ95: Y | CA95: Y | CB95: Y | CC95: Y | CD95: 未上架 | CE95: 未上架 | CF95: 未上架 | CG95: 未上架 | CH95: 未上架 | CI95: 未上架 | CJ95: 未上架 | CK95: 未上架 | CL95: 正常 | CM95: 正常 | CN95: 异常 | CO95: 正常 | CP95: 未上架 | CQ95: 未上架 | CR95: 未上架 | CS95: 未上架 | CT95: 未上架 | CU95: 未上架 | CV95: 未上架 | CW95: 未上架 | CX95: 异常 | CY95: 正常 | CZ95: 正常 | DA95: 正常 | DB95: 未上架 | DC95: 未上架 | DD95: 未上架 | DE95: 未上架 | DF95: 未上架 | DG95: 未上架 | DH95: 未上架 | DI95: 未上架 | DJ95: 未上架 | DK95: 竞争无优势 | DL95: 正常 | DM95: 竞争无优势 | DN95: 竞争无优势 | DO95: 未上架 | DP95: 未上架 | DQ95: 未上架 | DR95: 未上架 | DS95: 未上架 | DT95: 未上架 | DU95: 未上架 | DV95: 未上架 | DW95: 无异常 | DX95: 广告-PLP | DY95: 无异常 | DZ95: 链接优化 | EA95: 未上架 | EB95: 未上架 | EC95: Y | ED95: Y | EE95: Y | EF95: Y | EG95: Y | EH95: 4.54 | EI95: 92.81 | EJ95: 未上架 | EK95: 未上架 | EL95: 0 | EM95: 0 | EN95: 0.02 | EO95: 0.02 | EP95: 0 | EQ95: 0
A96: 12569 | B96: LYAP-X2316 | C96: 46142 | D96: =IF(_xlfn.XLOOKUP(A96,[1]分配表!J:J,[1]分配表!M:M)=0,"未出单",_xlfn.XLOOKUP(A96,[1]分配表!J:J,[1]分配表!M:M)) -> 未出单 | E96: =_xlfn.XLOOKUP(A96,[1]分配表!A:A,[1]分配表!C:C) -> 张潇 | F96: =IF(_xlfn.XLOOKUP($A96,[1]分配表!$A:$A,[1]分配表!D:D)=0,"未分类",_xlfn.XLOOKUP($A96,[1]分配表!$A:$A,[1]分配表!D:D)) -> 其他 | G96: =_xlfn.XLOOKUP(A96,[1]分配表!J:J,[1]分配表!I:I) -> 原开品 | H96: 未上架 | I96: 未上架 | J96: 未上架 | K96: 未上架 | L96: 未上架 | M96: 未上架 | N96: 未上架 | O96: 未上架 | P96: 0 | Q96: 0 | R96: 0 | S96: 0 | T96: =IFERROR(S96-R96,S96) -> 0 | AA96: 未上架 | AB96: 未上架 | AC96: 0 | AD96: 0 | AE96: 0 | AF96: 0 | AG96: =IFERROR(AF96-AE96,AF96) -> 0 | AM96: 未上架 | AN96: 未上架 | AO96: 未上架 | AP96: 0 | AQ96: 0 | AR96: 3 | AS96: 1 | AT96: 未上架 | AU96: 未上架 | AV96: 未上架 | AW96: 未上架 | AX96: 未上架 | AY96: 未上架 | AZ96: 未上架 | BA96: 未上架 | BB96: 市场无出单 | BC96: 市场无出单 | BD96: 0 | BE96: 0 | BF96: 未上架 | BG96: 未上架 | BH96: 未上架 | BI96: 未上架 | BJ96: 未上架 | BK96: 未上架 | BL96: 未上架 | BM96: 未上架 | BN96: 0 | BO96: 2 | BP96: 2 | BQ96: 0 | BR96: 未上架 | BS96: 未上架 | BT96: 未上架 | BU96: 未上架 | BV96: 未上架 | BW96: 未上架 | BX96: 未上架 | BY96: 未上架 | BZ96: 未出单 | CA96: 未出单 | CB96: 未出单 | CC96: 未出单 | CD96: 未上架 | CE96: 未上架 | CF96: 未上架 | CG96: 未上架 | CH96: 未上架 | CI96: 未上架 | CJ96: 未上架 | CK96: 未上架 | CL96: 正常 | CM96: 正常 | CN96: 正常 | CO96: 正常 | CP96: 未上架 | CQ96: 未上架 | CR96: 未上架 | CS96: 未上架 | CT96: 未上架 | CU96: 未上架 | CV96: 未上架 | CW96: 未上架 | CX96: 正常 | CY96: 正常 | CZ96: 正常 | DA96: 正常 | DB96: 未上架 | DC96: 未上架 | DD96: 未上架 | DE96: 未上架 | DF96: 未上架 | DG96: 未上架 | DH96: 未上架 | DI96: 未上架 | DJ96: 未上架 | DK96: 无市场 | DL96: 无市场 | DM96: 竞争无优势 | DN96: 竞争无优势 | DO96: 未上架 | DP96: 未上架 | DQ96: 未上架 | DR96: 未上架 | DS96: 未上架 | DT96: 未上架 | DU96: 未上架 | DV96: 未上架 | DW96: 无异常 | DX96: 无异常 | DY96: 降价测试-市场无对手 | DZ96: 链接优化 | EA96: 未上架 | EB96: 未上架 | EC96: Y | ED96: Y | EE96: Y | EF96: Y | EG96: Y | EH96: 13.13 | EI96: 0 | EJ96: 未上架 | EK96: 未上架 | EL96: 0 | EM96: 0.02 | EN96: 0.02 | EO96: 0.02 | EP96: 0 | EQ96: 0
A97: 12575 | B97: LYAP-X2310-R | C97: 46142 | D97: =IF(_xlfn.XLOOKUP(A97,[1]分配表!J:J,[1]分配表!M:M)=0,"未出单",_xlfn.XLOOKUP(A97,[1]分配表!J:J,[1]分配表!M:M)) -> 46147 | E97: =_xlfn.XLOOKUP(A97,[1]分配表!A:A,[1]分配表!C:C) -> 胡煜星 | F97: =IF(_xlfn.XLOOKUP($A97,[1]分配表!$A:$A,[1]分配表!D:D)=0,"未分类",_xlfn.XLOOKUP($A97,[1]分配表!$A:$A,[1]分配表!D:D)) -> 其他 | G97: =_xlfn.XLOOKUP(A97,[1]分配表!J:J,[1]分配表!I:I) -> 拓展品 | H97: 未上架 | I97: 未上架 | J97: 未上架 | K97: 未上架 | L97: 未上架 | M97: 未上架 | N97: 未上架 | O97: 未上架 | P97: 1 | Q97: 0 | R97: 1 | S97: 0 | T97: =IFERROR(S97-R97,S97) -> -1 | AA97: 未上架 | AB97: 未上架 | AC97: 65 | AD97: 0 | AE97: 65 | AF97: 0 | AG97: =IFERROR(AF97-AE97,AF97) -> -65 | AM97: 未上架 | AN97: 未上架 | AO97: 未上架 | AP97: 0 | AQ97: 0 | AR97: 0 | AS97: 0 | AT97: 未上架 | AU97: 未上架 | AV97: 未上架 | AW97: 未上架 | AX97: 未上架 | AY97: 未上架 | AZ97: 未上架 | BA97: 未上架 | BB97: 市场无出单 | BC97: 1 | BD97: 1 | BE97: 市场无出单 | BF97: 未上架 | BG97: 未上架 | BH97: 未上架 | BI97: 未上架 | BJ97: 未上架 | BK97: 未上架 | BL97: 未上架 | BM97: 未上架 | BN97: 6 | BO97: 1 | BP97: 8 | BQ97: 0 | BR97: 未上架 | BS97: 未上架 | BT97: 未上架 | BU97: 未上架 | BV97: 未上架 | BW97: 未上架 | BX97: 未上架 | BY97: 未上架 | BZ97: Y | CA97: Y | CB97: Y | CC97: Y | CD97: 未上架 | CE97: 未上架 | CF97: 未上架 | CG97: 未上架 | CH97: 未上架 | CI97: 未上架 | CJ97: 未上架 | CK97: 未上架 | CL97: 正常 | CM97: 正常 | CN97: 异常 | CO97: 正常 | CP97: 未上架 | CQ97: 未上架 | CR97: 未上架 | CS97: 未上架 | CT97: 未上架 | CU97: 未上架 | CV97: 未上架 | CW97: 未上架 | CX97: 异常 | CY97: 正常 | CZ97: 正常 | DA97: 正常 | DB97: 未上架 | DC97: 未上架 | DD97: 未上架 | DE97: 未上架 | DF97: 未上架 | DG97: 未上架 | DH97: 未上架 | DI97: 未上架 | DJ97: 未上架 | DK97: 正常 | DL97: 正常 | DM97: 正常 | DN97: 无市场 | DO97: 未上架 | DP97: 未上架 | DQ97: 未上架 | DR97: 未上架 | DS97: 未上架 | DT97: 未上架 | DU97: 未上架 | DV97: 未上架 | DW97: 无异常 | DX97: 无调整 | DY97: 无异常 | DZ97: 广告-PLG | EA97: 未上架 | EB97: 未上架 | EC97: Y | ED97: Y | EE97: Y | EF97: Y | EG97: Y | EH97: 0.84 | EI97: 0 | EJ97: 未上架 | EK97: 未上架 | EL97: 0 | EM97: 0 | EN97: 0 | EO97: 0 | EP97: 0 | EQ97: 0
A98: 12574 | B98: LYAP-X2310-L | C98: 46142 | D98: =IF(_xlfn.XLOOKUP(A98,[1]分配表!J:J,[1]分配表!M:M)=0,"未出单",_xlfn.XLOOKUP(A98,[1]分配表!J:J,[1]分配表!M:M)) -> 46157 | E98: =_xlfn.XLOOKUP(A98,[1]分配表!A:A,[1]分配表!C:C) -> 胡煜星 | F98: =IF(_xlfn.XLOOKUP($A98,[1]分配表!$A:$A,[1]分配表!D:D)=0,"未分类",_xlfn.XLOOKUP($A98,[1]分配表!$A:$A,[1]分配表!D:D)) -> 其他 | G98: =_xlfn.XLOOKUP(A98,[1]分配表!J:J,[1]分配表!I:I) -> 拓展品 | H98: 未上架 | I98: 未上架 | J98: 未上架 | K98: 未上架 | L98: 未上架 | M98: 未上架 | N98: 未上架 | O98: 未上架 | P98: 0 | Q98: 0 | R98: 2 | S98: 0 | T98: =IFERROR(S98-R98,S98) -> -2 | AA98: 未上架 | AB98: 未上架 | AC98: 0 | AD98: 0 | AE98: 130 | AF98: 0 | AG98: =IFERROR(AF98-AE98,AF98) -> -130 | AM98: 未上架 | AN98: 未上架 | AO98: 未上架 | AP98: 0 | AQ98: 0 | AR98: 0 | AS98: 0 | AT98: 未上架 | AU98: 未上架 | AV98: 未上架 | AW98: 未上架 | AX98: 未上架 | AY98: 未上架 | AZ98: 未上架 | BA98: 未上架 | BB98: 市场无出单 | BC98: 市场无出单 | BD98: 1 | BE98: 市场无出单 | BF98: 未上架 | BG98: 未上架 | BH98: 未上架 | BI98: 未上架 | BJ98: 未上架 | BK98: 未上架 | BL98: 未上架 | BM98: 未上架 | BN98: 6 | BO98: 1 | BP98: 2 | BQ98: 9 | BR98: 未上架 | BS98: 未上架 | BT98: 未上架 | BU98: 未上架 | BV98: 未上架 | BW98: 未上架 | BX98: 未上架 | BY98: 未上架 | BZ98: 未出单 | CA98: 未出单 | CB98: N | CC98: N | CD98: 未上架 | CE98: 未上架 | CF98: 未上架 | CG98: 未上架 | CH98: 未上架 | CI98: 未上架 | CJ98: 未上架 | CK98: 未上架 | CL98: 正常 | CM98: 正常 | CN98: 正常 | CO98: 异常 | CP98: 未上架 | CQ98: 未上架 | CR98: 未上架 | CS98: 未上架 | CT98: 未上架 | CU98: 未上架 | CV98: 未上架 | CW98: 未上架 | CX98: 异常 | CY98: 正常 | CZ98: 正常 | DA98: 正常 | DB98: 未上架 | DC98: 未上架 | DD98: 未上架 | DE98: 未上架 | DF98: 未上架 | DG98: 未上架 | DH98: 未上架 | DI98: 未上架 | DJ98: 未上架 | DK98: 无市场 | DL98: 站外出单 | DM98: 正常 | DN98: 无市场 | DO98: 未上架 | DP98: 未上架 | DQ98: 未上架 | DR98: 未上架 | DS98: 未上架 | DT98: 未上架 | DU98: 未上架 | DV98: 未上架 | DW98: 无异常 | DX98: 无调整 | DY98: 无调整 | DZ98: 无异常 | EA98: 未上架 | EB98: 未上架 | EC98: Y | ED98: Y | EE98: Y | EF98: Y | EG98: Y | EH98: 1.19 | EI98: 0 | EJ98: 未上架 | EK98: 未上架 | EL98: 0 | EM98: 0 | EN98: 0 | EO98: 0 | EP98: 0 | EQ98: 0
A99: 12629 | B99: LYAP-X2412 | C99: 46142 | D99: =IF(_xlfn.XLOOKUP(A99,[1]分配表!J:J,[1]分配表!M:M)=0,"未出单",_xlfn.XLOOKUP(A99,[1]分配表!J:J,[1]分配表!M:M)) -> 46146 | E99: =_xlfn.XLOOKUP(A99,[1]分配表!A:A,[1]分配表!C:C) -> 王偲涵 | F99: =IF(_xlfn.XLOOKUP($A99,[1]分配表!$A:$A,[1]分配表!D:D)=0,"未分类",_xlfn.XLOOKUP($A99,[1]分配表!$A:$A,[1]分配表!D:D)) -> 挡泥板 | G99: =_xlfn.XLOOKUP(A99,[1]分配表!J:J,[1]分配表!I:I) -> 原开品 | H99: 未上架 | I99: 未上架 | J99: 未上架 | K99: 未上架 | L99: 未上架 | M99: 未上架 | N99: 未上架 | O99: 未上架 | P99: 1 | Q99: 2 | R99: 1 | S99: 0 | T99: =IFERROR(S99-R99,S99) -> -1 | AA99: 未上架 | AB99: 未上架 | AC99: 35 | AD99: 70 | AE99: 35 | AF99: 0 | AG99: =IFERROR(AF99-AE99,AF99) -> -35 | AM99: 未上架 | AN99: 未上架 | AO99: 未上架 | AP99: 9 | AQ99: 24 | AR99: 18 | AS99: 15 | AT99: 未上架 | AU99: 未上架 | AV99: 未上架 | AW99: 未上架 | AX99: 未上架 | AY99: 未上架 | AZ99: 未上架 | BA99: 未上架 | BB99: 0.1 | BC99: 0 | BD99: 0.1 | BE99: 0.0625 | BF99: 未上架 | BG99: 未上架 | BH99: 未上架 | BI99: 未上架 | BJ99: 未上架 | BK99: 未上架 | BL99: 未上架 | BM99: 未上架 | BN99: 6 | BO99: 1 | BP99: 8 | BQ99: 1 | BR99: 未上架 | BS99: 未上架 | BT99: 未上架 | BU99: 未上架 | BV99: 未上架 | BW99: 未上架 | BX99: 未上架 | BY99: 未上架 | BZ99: Y | CA99: Y | CB99: Y | CC99: Y | CD99: 未上架 | CE99: 未上架 | CF99: 未上架 | CG99: 未上架 | CH99: 未上架 | CI99: 未上架 | CJ99: 未上架 | CK99: 未上架 | CL99: 正常 | CM99: 正常 | CN99: 异常 | CO99: 正常 | CP99: 未上架 | CQ99: 未上架 | CR99: 未上架 | CS99: 未上架 | CT99: 未上架 | CU99: 未上架 | CV99: 未上架 | CW99: 未上架 | CX99: 异常 | CY99: 正常 | CZ99: 正常 | DA99: 正常 | DB99: 未上架 | DC99: 未上架 | DD99: 未上架 | DE99: 未上架 | DF99: 未上架 | DG99: 未上架 | DH99: 未上架 | DI99: 未上架 | DJ99: 未上架 | DK99: 竞争无优势 | DL99: 竞争无优势 | DM99: 竞争无优势 | DN99: 竞争无优势 | DO99: 未上架 | DP99: 未上架 | DQ99: 未上架 | DR99: 未上架 | DS99: 未上架 | DT99: 未上架 | DU99: 未上架 | DV99: 未上架 | DW99: 无异常 | DX99: 广告-PLP | DY99: 无异常 | DZ99: 降价测试-市场有低价对手出单 | EA99: 未上架 | EB99: 未上架 | EC99: Y | ED99: Y | EE99: Y | EF99: Y | EG99: Y | EH99: 3.54 | EI99: 0 | EJ99: 未上架 | EK99: 未上架 | EL99: 0 | EM99: 0 | EN99: 0 | EO99: 0.02 | EP99: 0 | EQ99: 0
A100: 12591 | B100: LYAM-X2452-SL | C100: 46142 | D100: =IF(_xlfn.XLOOKUP(A100,[1]分配表!J:J,[1]分配表!M:M)=0,"未出单",_xlfn.XLOOKUP(A100,[1]分配表!J:J,[1]分配表!M:M)) -> 46152 | E100: =_xlfn.XLOOKUP(A100,[1]分配表!A:A,[1]分配表!C:C) -> 王偲涵 | F100: =IF(_xlfn.XLOOKUP($A100,[1]分配表!$A:$A,[1]分配表!D:D)=0,"未分类",_xlfn.XLOOKUP($A100,[1]分配表!$A:$A,[1]分配表!D:D)) -> 车身外扩件 | G100: =_xlfn.XLOOKUP(A100,[1]分配表!J:J,[1]分配表!I:I) -> 原开品 | H100: 未上架 | I100: 未上架 | J100: 未上架 | K100: 未上架 | L100: 未上架 | M100: 未上架 | N100: 未上架 | O100: 未上架 | P100: 0 | Q100: 1 | R100: 4 | S100: 0 | T100: =IFERROR(S100-R100,S100) -> -4 | AA100: 未上架 | AB100: 未上架 | AC100: 0 | AD100: 125 | AE100: 500 | AF100: 0 | AG100: =IFERROR(AF100-AE100,AF100) -> -500 | AM100: 未上架 | AN100: 未上架 | AO100: 未上架 | AP100: 1 | AQ100: 2 | AR100: 1 | AS100: 1 | AT100: 未上架 | AU100: 未上架 | AV100: 未上架 | AW100: 未上架 | AX100: 未上架 | AY100: 未上架 | AZ100: 未上架 | BA100: 未上架 | BB100: 0 | BC100: 0.3333 | BD100: 0.8 | BE100: 0 | BF100: 未上架 | BG100: 未上架 | BH100: 未上架 | BI100: 未上架 | BJ100: 未上架 | BK100: 未上架 | BL100: 未上架 | BM100: 未上架 | BN100: 6 | BO100: 1 | BP100: 8 | BQ100: 1 | BR100: 未上架 | BS100: 未上架 | BT100: 未上架 | BU100: 未上架 | BV100: 未上架 | BW100: 未上架 | BX100: 未上架 | BY100: 未上架 | BZ100: 未出单 | CA100: N | CB100: N | CC100: N | CD100: 未上架 | CE100: 未上架 | CF100: 未上架 | CG100: 未上架 | CH100: 未上架 | CI100: 未上架 | CJ100: 未上架 | CK100: 未上架 | CL100: 正常 | CM100: 正常 | CN100: 异常 | CO100: 正常 | CP100: 未上架 | CQ100: 未上架 | CR100: 未上架 | CS100: 未上架 | CT100: 未上架 | CU100: 未上架 | CV100: 未上架 | CW100: 未上架 | CX100: 异常 | CY100: 正常 | CZ100: 正常 | DA100: 正常 | DB100: 未上架 | DC100: 未上架 | DD100: 未上架 | DE100: 未上架 | DF100: 未上架 | DG100: 未上架 | DH100: 未上架 | DI100: 未上架 | DJ100: 未上架 | DK100: 竞争无优势 | DL100: 竞争无优势 | DM100: 正常 | DN100: 竞争无优势 | DO100: 未上架 | DP100: 未上架 | DQ100: 未上架 | DR100: 未上架 | DS100: 未上架 | DT100: 未上架 | DU100: 未上架 | DV100: 未上架 | DW100: 无异常 | DX100: 无调整 | DY100: 无异常 | DZ100: 广告-PLG | EA100: 未上架 | EB100: 未上架 | EC100: Y | ED100: Y | EE100: Y | EF100: Y | EG100: Y | EH100: 10.76 | EI100: 409.38 | EJ100: 未上架 | EK100: 未上架 | EL100: 0 | EM100: 0 | EN100: 0 | EO100: 0.02 | EP100: 0 | EQ100: 0
...

Sheet PLP明细
A1: 统计周期 | B1: 广告活动 | C1: SKU | D1: ID | E1: 店铺 | F1: PLP开始日期 | G1: 实际上架日期 | H1: 首次出单日期 | I1: 4月分析人 | J1: 品类 | K1: 产品拓展 | L1: 广告曝光量 | M1: 广告点击量 | N1: 广告售出数 | O1: 广告花费 | P1: 广告销售额 | Q1: 总销售额 | R1: ROAS | S1: CVR | T1: CTR | U1: CPC | V1: CPA | W1: ACOS | X1: ACOAS | Y1: 是否开启PLG
A2: 4.9-4.15 | B2: 总数据 | C2: 广告链接数量： | F2: =COUNTIF(B3:B58,"<>") -> 56 | J2: 总数据： | L2: =SUM(L3:L58) -> 96271 | M2: =SUM(M3:M58) -> 458 | N2: =SUM(N3:N58) -> 54 | O2: =SUM(O3:O58) -> 212.88 | P2: =SUM(P3:P58) -> 5581.27 | R2: =P2/O2 -> 26.217916 | S2: =N2/M2 -> 0.11790393 | T2: =M2/L2 -> 0.0047574036 | U2: =O2/M2 -> 0.46480349 | V2: =O2/N2 -> 3.9422222 | W2: =O2/P2 -> 0.038141857
A3: 4.9-4.15 | B3: LYAP-X1929~张潇~smart | C3: LYAP-X1929 | D3: 177997475019 | E3: gogreenbike | F3: 46114 | G3: 46108 | H3: 46114 | I3: 张潇 | J3: 机盖及附件 | K3: 原开品 | L3: 845 | M3: 27 | N3: 12 | O3: 10.66 | P3: 454.26 | R3: =P3/O3 -> 42.613508 | S3: =N3/M3 -> 0.44444444 | T3: =M3/L3 -> 0.031952663 | U3: =O3/M3 -> 0.39481481 | V3: =O3/N3 -> 0.88833333 | W3: =O3/P3 -> 0.023466737
A4: 4.9-4.15 | B4: LYAP-X1992系列~张潇~smart~via | C4: LYAP-X1993 | D4: 227214980980 | E4: viautome | F4: 46077 | G4: 46066 | H4: 46070 | I4: 张潇 | J4: 饰条 | K4: 原开品 | L4: 5784 | M4: 18 | N4: 6 | O4: 8.26 | P4: 453.09 | R4: =P4/O4 -> 54.853511 | S4: =N4/M4 -> 0.33333333 | T4: =M4/L4 -> 0.0031120332 | U4: =O4/M4 -> 0.45888889 | V4: =O4/N4 -> 1.3766667 | W4: =O4/P4 -> 0.018230374
A5: 4.9-4.15 | B5: LYAM-X2575-2~张潇~smart~bap | C5: LYAM-X2575-2 | D5: 117032563600 | E5: best-autoparts(授权即将过期) | F5: 46083 | G5: 46062 | H5: 46068 | I5: 张潇 | J5: 车门系统 | K5: 拓展品 | L5: 5333 | M5: 50 | N5: 4 | O5: 20.21 | P5: 211.69 | R5: =P5/O5 -> 10.474518 | S5: =N5/M5 -> 0.08 | T5: =M5/L5 -> 0.009375586 | U5: =O5/M5 -> 0.4042 | V5: =O5/N5 -> 5.0525 | W5: =O5/P5 -> 0.095469791
A6: 4.9-4.15 | B6: LYAP-X1992系列~张潇~smart~via | C6: LYAP-X1992 | D6: 227214967031 | E6: viautome | F6: 46077 | G6: 46066 | H6: 46077 | I6: 张潇 | J6: 饰条 | K6: 原开品 | L6: 8199 | M6: 20 | N6: 4 | O6: 8.52 | P6: 295.23 | R6: =P6/O6 -> 34.651408 | S6: =N6/M6 -> 0.2 | T6: =M6/L6 -> 0.0024393219 | U6: =O6/M6 -> 0.426 | V6: =O6/N6 -> 2.13 | W6: =O6/P6 -> 0.028858856
A7: 4.9-4.15 | B7: LYAP-X2527~胡煜星~smart | C7: LYAP-X2527 | D7: 227241180103 | E7: viautome | F7: 46087 | G7: 46085 | H7: 46086 | I7: 胡煜星 | J7: 其他 | K7: 原开品 | L7: 7336 | M7: 37 | N7: 3 | O7: 10.08 | P7: 279.53 | R7: =P7/O7 -> 27.731151 | S7: =N7/M7 -> 0.081081081 | T7: =M7/L7 -> 0.0050436205 | U7: =O7/M7 -> 0.27243243 | V7: =O7/N7 -> 3.36 | W7: =O7/P7 -> 0.03606053
A8: 4.9-4.15 | B8: LYAP-838~张潇~smart~bike | C8: LYAP-838 | D8: 177997411142 | E8: gogreenbike | F8: 46109 | G8: 46108 | H8: 46116 | I8: 张潇 | J8: 饰条 | K8: 拓展品 | L8: 1944 | M8: 11 | N8: 3 | O8: 4.47 | P8: 276.64 | R8: =P8/O8 -> 61.888143 | S8: =N8/M8 -> 0.27272727 | T8: =M8/L8 -> 0.0056584362 | U8: =O8/M8 -> 0.40636364 | V8: =O8/N8 -> 1.49 | W8: =O8/P8 -> 0.016158184
A9: 4.9-4.15 | B9: MD-001~俞东旭 | C9: MD-001-RR | D9: 188171609056 | E9: gogreenbike | F9: 46098 | G9: 46097 | H9: 46099 | I9: 俞东旭 | J9: 车门系统 | K9: 原开品 | L9: 243 | M9: 14 | N9: 2 | O9: 13.58 | P9: 1252.73 | R9: =P9/O9 -> 92.248159 | S9: =N9/M9 -> 0.14285714 | T9: =M9/L9 -> 0.057613169 | U9: =O9/M9 -> 0.97 | V9: =O9/N9 -> 6.79 | W9: =O9/P9 -> 0.010840325
A10: 4.9-4.15 | B10: LYAM-X2570-1~章鹏~smart~flash | C10: LYAM-X2570-1 | D10: 117053097094 | E10: flashemotor | F10: 46115 | G10: 46070 | H10: 46073 | I10: 章鹏 | J10: 其他 | K10: 原开品 | L10: 1656 | M10: 5 | N10: 2 | O10: 2.27 | P10: 43.5 | R10: =P10/O10 -> 19.162996 | S10: =N10/M10 -> 0.4 | T10: =M10/L10 -> 0.0030193237 | U10: =O10/M10 -> 0.454 | V10: =O10/N10 -> 1.135 | W10: =O10/P10 -> 0.052183908
A11: 4.9-4.15 | B11: LYAP-X2148-1系列~王偲涵1 | C11: LYAP-X2148-1R | D11: 188144166107 | E11: gogreenbike | F11: 46114 | G11: 46092 | H11: 46112 | I11: 王偲涵 | J11: 饰条 | K11: 拓展品 | L11: 62 | M11: 2 | N11: 2 | O11: 0.74 | P11: 83.95 | R11: =P11/O11 -> 113.44595 | S11: =N11/M11 -> 1 | T11: =M11/L11 -> 0.032258065 | U11: =O11/M11 -> 0.37 | V11: =O11/N11 -> 0.37 | W11: =O11/P11 -> 0.0088147707
A12: 4.9-4.15 | B12: LYAP-X2289~张潇~smart | C12: LYAP-X2289 | D12: 177947769950 | E12: gogreenbike | F12: 46092 | G12: 46092 | H12: 46095 | I12: 张潇 | J12: 饰条 | K12: 原开品 | L12: 10215 | M12: 38 | N12: 1 | O12: 14.61 | P12: 123.46 | R12: =P12/O12 -> 8.4503765 | S12: =N12/M12 -> 0.026315789 | T12: =M12/L12 -> 0.0037200196 | U12: =O12/M12 -> 0.38447368 | V12: =O12/N12 -> 14.61 | W12: =O12/P12 -> 0.11833792
A13: 4.9-4.15 | B13: LYAP-X2527~胡煜星~flash | C13: LYAP-X2527 | D13: 117072634866 | E13: flashemotor | F13: 46095 | G13: 46085 | H13: 46086 | I13: 胡煜星 | J13: 其他 | K13: 原开品 | L13: 852 | M13: 18 | N13: 1 | O13: 7.41 | P13: 87.41 | R13: =P13/O13 -> 11.796221 | S13: =N13/M13 -> 0.055555556 | T13: =M13/L13 -> 0.021126761 | U13: =O13/M13 -> 0.41166667 | V13: =O13/N13 -> 7.41 | W13: =O13/P13 -> 0.084772909
A14: 4.9-4.15 | B14: LYAP-X2308~胡煜星 | C14: LYAP-X2308 | D14: 188126164114 | E14: gogreenbike | F14: 46099 | G14: 46085 | H14: 46091 | I14: 胡煜星 | J14: 其他 | K14: 原开品 | L14: 532 | M14: 15 | N14: 1 | O14: 7.63 | P14: 85 | R14: =P14/O14 -> 11.140236 | S14: =N14/M14 -> 0.066666667 | T14: =M14/L14 -> 0.028195489 | U14: =O14/M14 -> 0.50866667 | V14: =O14/N14 -> 7.63 | W14: =O14/P14 -> 0.089764706
... A27: 4.9-4.15 | B27: MD-001~俞东旭 | C27: MD-001-FL | D27: 188167194511 | E27: gogreenbike | F27: 46098 | G27: 46097 | H27: 46100 | I27: 俞东旭 | J27: 车门系统 | K27: 原开品 | L27: 0 | M27: 0 | N27: 1 | O27: 0 | P27: 627.41 | R27: =P27/O27 -> #DIV/0! | S27: =N27/M27 -> #DIV/0! | T27: =M27/L27 -> #DIV/0! | U27: =O27/M27 -> #DIV/0! | V27: =O27/N27 -> 0 | W27: =O27/P27 -> 0
A28: 4.9-4.15 | B28: LYAP-X1872~张潇~smart~flash | C28: LYAP-X1872 | D28: 117105229897 | E28: flashemotor | F28: 46120 | G28: 46104 | H28: 未出单 | I28: 张潇 | J28: 挡泥板 | K28: 原开品 | L28: 5539 | M28: 21 | N28: 0 | O28: 9.77 | P28: 0 | R28: =P28/O28 -> 0 | S28: =N28/M28 -> 0 | T28: =M28/L28 -> 0.0037912981 | U28: =O28/M28 -> 0.4652381 | V28: =O28/N28 -> #DIV/0! | W28: =O28/P28 -> #DIV/0!
A29: 4.9-4.15 | B29: LYAP-X1676~胡煜星~super | C29: LYAP-X1676 | D29: 336486052117 | E29: superiorparts11 | F29: 46098 | G29: 46097 | H29: 46103 | I29: 胡煜星 | J29: 车门系统 | K29: 原开品 | L29: 13146 | M29: 12 | N29: 0 | O29: 5.59 | P29: 0 | R29: =P29/O29 -> 0 | S29: =N29/M29 -> 0 | T29: =M29/L29 -> 0.00091282519 | U29: =O29/M29 -> 0.46583333 | V29: =O29/N29 -> #DIV/0! | W29: =O29/P29 -> #DIV/0!
A30: 4.9-4.15 | B30: LYAP-X1920系列~王偲涵 | C30: LYAP-X1920-BK | D30: 117042068584 | E30: flashemotor | F30: 46082 | G30: 46066 | H30: 46068 | I30: 朱培源 | J30: 饰条 | K30: 拓展品 | L30: 3700 | M30: 10 | N30: 0 | O30: 5.77 | P30: 0 | R30: =P30/O30 -> 0 | S30: =N30/M30 -> 0 | T30: =M30/L30 -> 0.0027027027 | U30: =O30/M30 -> 0.577 | V30: =O30/N30 -> #DIV/0! | W30: =O30/P30 -> #DIV/0!
A31: 4.9-4.15 | B31: LYAP-X1872~张潇 | C31: LYAP-X1872 | D31: 188197007336 | E31: gogreenbike | F31: 46104 | G31: 46104 | H31: 未出单 | I31: 张潇 | J31: 挡泥板 | K31: 原开品 | L31: 636 | M31: 9 | N31: 0 | O31: 7.79 | P31: 0 | R31: =P31/O31 -> 0 | S31: =N31/M31 -> 0 | T31: =M31/L31 -> 0.014150943 | U31: =O31/M31 -> 0.86555556 | V31: =O31/N31 -> #DIV/0! | W31: =O31/P31 -> #DIV/0!
A32: 4.9-4.15 | B32: MD-002-RR~俞东旭 | C32: MD-002-RR | D32: 117085067234 | E32: flashemotor | F32: 46123 | G32: 46092 | H32: 46096 | I32: 俞东旭 | J32: 车门系统 | K32: 原开品 | L32: 96 | M32: 8 | N32: 0 | O32: 6.2 | P32: 0 | R32: =P32/O32 -> 0 | S32: =N32/M32 -> 0 | T32: =M32/L32 -> 0.083333333 | U32: =O32/M32 -> 0.775 | V32: =O32/N32 -> #DIV/0! | W32: =O32/P32 -> #DIV/0!
A33: 4.9-4.15 | B33: MD-001~俞东旭 | C33: MD-001-RL | D33: 177967542795 | E33: gogreenbike | F33: 46098 | G33: 46097 | H33: 46103 | I33: 俞东旭 | J33: 车门系统 | K33: 原开品 | L33: 196 | M33: 7 | N33: 0 | O33: 6.29 | P33: 0 | R33: =P33/O33 -> 0 | S33: =N33/M33 -> 0 | T33: =M33/L33 -> 0.035714286 | U33: =O33/M33 -> 0.89857143 | V33: =O33/N33 -> #DIV/0! | W33: =O33/P33 -> #DIV/0!
A34: 4.9-4.15 | B34: LYAM-X2570-1~章鹏~smart~via | C34: LYAM-X2570-1 | D34: 227221720047 | E34: viautome | F34: 46115 | G34: 46070 | H34: 46073 | I34: 章鹏 | J34: 其他 | K34: 原开品 | L34: 1514 | M34: 6 | N34: 0 | O34: 2.39 | P34: 0 | R34: =P34/O34 -> 0 | S34: =N34/M34 -> 0 | T34: =M34/L34 -> 0.0039630119 | U34: =O34/M34 -> 0.39833333 | V34: =O34/N34 -> #DIV/0! | W34: =O34/P34 -> #DIV/0!
A35: 4.9-4.15 | B35: LYAP-X2190系列~张潇~smart~flash | C35: LYAP-X2190-R | D35: 117081148250 | E35: flashemotor | F35: 46099 | G35: 46091 | H35: 46106 | I35: 张潇 | J35: 饰条 | K35: 原开品 | L35: 1430 | M35: 6 | N35: 0 | O35: 2.22 | P35: 0 | R35: =P35/O35 -> 0 | S35: =N35/M35 -> 0 | T35: =M35/L35 -> 0.0041958042 | U35: =O35/M35 -> 0.37 | V35: =O35/N35 -> #DIV/0! | W35: =O35/P35 -> #DIV/0!
A36: 4.9-4.15 | B36: LYAP-X2190系列~张潇~smart~bike | C36: LYAP-X2190-L | D36: 188139762062 | E36: gogreenbike | F36: 46092 | G36: 46091 | H36: 46101 | I36: 张潇 | J36: 饰条 | K36: 原开品 | L36: 1361 | M36: 6 | N36: 0 | O36: 1.54 | P36: 0 | R36: =P36/O36 -> 0 | S36: =N36/M36 -> 0 | T36: =M36/L36 -> 0.0044085231 | U36: =O36/M36 -> 0.25666667 | V36: =O36/N36 -> #DIV/0! | W36: =O36/P36 -> #DIV/0!
